time,0.005,0.015,0.025,0.035,0.045,0.055,0.065,0.075,0.085,0.095,0.105,0.115,0.125,0.135,0.145,0.155,0.165,0.175,0.185,0.195,0.205,0.215,0.225,0.235,0.245,0.255,0.265,0.275,0.285,0.295,0.305,0.315,0.325,0.335,0.345,0.355,0.365,0.375,0.385,0.395,0.405,0.415,0.425,0.435,0.445,0.455,0.465,0.475,0.485,0.495,0.505,0.515,0.525,0.535,0.545,0.555,0.565,0.575,0.585,0.595,0.605,0.615,0.625,0.635,0.645,0.655,0.665,0.675,0.685,0.695,0.705,0.715,0.725,0.735,0.745,0.755,0.765,0.775,0.785,0.795,0.805,0.815,0.825,0.835,0.845,0.855,0.865,0.875,0.885,0.895,0.905,0.915,0.925,0.935,0.945,0.955,0.965,0.975,0.985,0.995
0,0,0,0,0,0,0,0,0,0,0,0,0,0,0,0,0,0,0,0,0,0,0,0,0,0,0,0,0,0,0,0,0,0,0,0,0,0,0,0,0,0,0,0,0,0,0,0,0,0,0,1,0,0,0,0,0,0,0,0,0,0,0,0,0,0,0,0,0,0,0,0,0,0,0,0,0,0,0,0,0,0,0,0,0,0,0,0,0,0,0,0,0,0,0,0,0,0,0,0,0
50,0,0,0,0,0,0,0,0,0,0,0,0,0,0,0,0,0,0,0,0,0,0,0,0,0,0,0,0,0,0,0,0,0,0,0,0,0,0,0,0,0,0,0,0.000236351,0.000945403,0.000945403,0,0,0,0,0.9974,0,0,0,0,0,0,0,0,0,0,0,0,0,0.000236351,0.000236351,0,0,0,0,0,0,0,0,0,0,0,0,0,0,0,0,0,0,0,0,0,0,0,0,0,0,0,0,0,0,0,0,0,0
100,0,0,0,0,0,0,0,0,0,0,0,0,0,0,0,0,0,0,0,0,0,0,0,0,0,0,0,0,0,0.000203169,0,0,0,0,0,0,0,0,0,0,0,0.000203169,0,0,0.000609508,0,0,0,0,0,0.997968,0.000203169,0,0,0.000609508,0,0,0,0,0,0,0,0.000203169,0,0,0,0,0,0,0,0,0,0,0,0,0,0,0,0,0,0,0,0,0,0,0,0,0,0,0,0,0,0,0,0,0,0,0,0,0
150,0,0,0,0,0,0,0,0,0,0,0,0,0,0,0.000217675,0,0,0,0,0,0,0,0,0,0,0,0,0.000217675,0,0,0,0,0,0,0,0,0,0,0,0,0,0,0,0,0,0.000217675,0,0,0,0.00152373,0.99717,0,0,0,0,0,0,0,0.000217675,0,0,0.000217675,0,0,0.000217675,0,0,0,0,0,0,0,0,0,0,0,0,0,0,0,0,0,0,0,0,0,0,0,0,0,0,0,0,0,0,0,0,0,0,0
200,0,0,0,0,0,0,0,0,0,0,0,0,0,0,0,0,0,0,0,0,0,0,0,0,0,0,0,0,0,0,0,0,0,0,0,0,0,0,0,0,0,0,0,0,0.000227946,0.000911785,0,0.00478687,0,0.000911785,0.991566,0,0,0.00113973,0,0,0,0,0,0,0.000227946,0,0,0.000227946,0,0,0,0,0,0,0,0,0,0,0,0,0,0,0,0,0,0,0,0,0,0,0,0,0,0,0,0,0,0,0,0,0,0,0,0
250,0,0,0,0,0,0,0,0,0,0,0,0,0,0,0,0,0,0,0,0,0,0,0,0,0,0,0,0,0,0,0,0,0,0,0,0,0,0.00023596,0,0,0,0,0,0.00023596,0.0011798,0.00023596,0.00141576,0.000471921,0,0.000707881,0.989618,0,0,0,0,0,0,0,0,0,0,0,0,0,0,0.00353941,0,0,0,0,0.00165172,0,0,0.000707881,0,0,0,0,0,0,0,0,0,0,0,0,0,0,0,0,0,0,0,0,0,0,0,0,0,0
300,0,0,0,0,0,0,0,0,0,0,0,0,0,0,0,0,0,0,0,0,0,0,0,0,0,0,0,0,0,0,0,0,0,0,0,0,0,0.000250313,0,0.000250313,0.000250313,0,0,0.000500626,0.00100125,0,0,0.000500626,0.000500626,0.00100125,0.986984,0,0,0,0,0.000250313,0,0.000250313,0,0,0,0,0,0,0,0.00826033,0,0,0,0,0,0,0,0,0,0,0,0,0,0,0,0,0,0,0,0,0,0,0,0,0,0,0,0,0,0,0,0,0,0
350,0,0,0,0,0,0,0,0,0,0,0,0,0,0,0,0,0,0,0,0,0,0,0,0,0,0,0,0,0,0,0,0,0,0,0,0,0.000237304,0.000711913,0.000474608,0.000237304,0,0.000237304,0.000949217,0,0,0,0,0.000237304,0.000474608,0.000474608,0.991694,0,0,0,0,0.00142383,0.000237304,0,0.000711913,0,0,0,0,0,0,0.00189843,0,0,0,0,0,0,0,0,0,0,0,0,0,0,0,0,0,0,0,0,0,0,0,0,0,0,0,0,0,0,0,0,0,0
400,0,0,0,0,0,0,0,0,0,0,0,0,0,0,0,0,0,0,0,0,0,0,0,0,0,0,0,0,0,0,0,0,0,0,0,0,0,0,0,0,0,0,0,0,0,0,0,0.000762195,0,0,0.996443,0,0,0.00050813,0,0,0,0,0.00127033,0,0,0,0,0,0.00101626,0,0,0,0,0,0,0,0,0,0,0,0,0,0,0,0,0,0,0,0,0,0,0,0,0,0,0,0,0,0,0,0,0,0,0
450,0,0,0,0,0,0,0,0,0,0,0,0,0,0,0,0,0,0,0,0,0,0,0,0,0,0,0,0,0,0,0,0,0,0,0,0,0,0,0,0,0,0,0,0,0,0.000249128,0,0.00149477,0.000249128,0.000747384,0.995765,0,0,0,0,0,0,0,0,0,0,0,0,0,0.000498256,0,0,0,0,0,0.000996512,0,0,0,0,0,0,0,0,0,0,0,0,0,0,0,0,0,0,0,0,0,0,0,0,0,0,0,0,0
500,0,0,0,0,0,0,0,0,0,0,0,0,0,0,0,0,0,0,0,0,0,0,0,0,0,0,0,0,0,0,0,0,0,0,0,0,0,0,0,0,0,0.00204342,0.000510856,0,0.000766284,0,0,0.00945083,0,0.00229885,0.978289,0,0.000510856,0,0,0,0,0,0,0,0.000255428,0,0,0.00306513,0,0.000510856,0,0,0,0,0.00229885,0,0,0,0,0,0,0,0,0,0,0,0,0,0,0,0,0,0,0,0,0,0,0,0,0,0,0,0,0
550,0,0,0,0,0,0,0,0,0,0,0,0,0,0,0,0,0,0,0,0,0,0,0,0,0,0,0,0,0,0,0,0,0,0,0,0,0,0,0,0,0,0.00130005,0,0,0.000780031,0,0,0,0,0,0.984919,0,0.000520021,0.00156006,0,0.000520021,0,0,0,0,0.00208008,0,0.000780031,0,0,0.00182007,0,0.000780031,0,0,0.0049402,0,0,0,0,0,0,0,0,0,0,0,0,0,0,0,0,0,0,0,0,0,0,0,0,0,0,0,0,0
600,0,0,0,0,0,0,0,0,0,0,0,0,0,0,0,0,0,0,0,0,0,0,0,0,0,0,0,0,0,0,0,0,0,0,0,0,0,0,0,0,0,0.000722543,0,0,0.000722543,0,0,0,0.000240848,0.000240848,0.980973,0.000240848,0.00144509,0.00168593,0.000240848,0.000240848,0,0,0,0,0.000722543,0,0,0,0.00216763,0,0,0,0,0,0.0103565,0,0,0,0,0,0,0,0,0,0,0,0,0,0,0,0,0,0,0,0,0,0,0,0,0,0,0,0,0
650,0,0,0,0,0,0,0,0,0,0,0,0,0,0,0,0,0,0,0,0,0,0,0,0,0,0,0,0,0,0,0,0,0,0,0,0,0,0,0,0,0.000694927,0.000463285,0.00138985,0.000463285,0,0,0.000231642,0,0,0,0.990966,0.00115821,0.000926569,0,0.000463285,0,0,0,0.000231642,0.000231642,0,0,0,0,0.000694927,0,0,0,0,0,0.00208478,0,0,0,0,0,0,0,0,0,0,0,0,0,0,0,0,0,0,0,0,0,0,0,0,0,0,0,0,0
700,0,0,0,0,0,0,0,0,0,0,0,0,0,0,0,0,0,0,0,0,0,0,0,0,0,0,0,0,0,0,0,0,0,0,0,0,0,0.000231911,0,0,0,0.000231911,0,0.000463822,0.000231911,0,0,0.000463822,0,0,0.987013,0,0.00115955,0.000231911,0,0,0,0,0,0,0.000231911,0,0,0,0.00347866,0,0,0,0,0,0.0062616,0,0,0,0,0,0,0,0,0,0,0,0,0,0,0,0,0,0,0,0,0,0,0,0,0,0,0,0,0
750,0,0,0,0,0,0,0,0,0,0,0,0,0,0,0,0,0,0,0,0,0,0,0,0,0,0,0,0,0,0,0,0,0,0,0,0,0,0.000482044,0,0,0,0,0.000241022,0.00265124,0,0,0,0.000241022,0,0,0.994456,0,0,0,0,0,0,0,0,0.000482044,0,0,0,0,0.000964088,0,0,0,0,0,0.000482044,0,0,0,0,0,0,0,0,0,0,0,0,0,0,0,0,0,0,0,0,0,0,0,0,0,0,0,0,0
800,0,0,0,0,0,0,0,0,0,0,0,0,0,0,0,0,0,0,0,0,0,0,0,0,0,0,0,0,0,0,0,0,0,0,0,0,0,0,0,0,0,0.000516662,0,0.00103332,0,0,0.000774994,0.000774994,0,0,0.991475,0,0,0.00103332,0,0.000258331,0,0.000258331,0.00180832,0,0.000258331,0.00103332,0,0,0,0,0,0,0,0.000774994,0,0,0,0,0,0,0,0,0,0,0,0,0,0,0,0,0,0,0,0,0,0,0,0,0,0,0,0,0,0
850,0,0,0,0,0,0,0,0,0,0,0,0,0,0,0,0,0,0,0,0,0,0,0,0,0,0,0,0,0,0,0,0,0,0,0,0,0,0,0,0,0,0.000237473,0,0.00118737,0.000237473,0,0,0,0.000474947,0.000237473,0.986464,0,0,0,0,0.000949893,0.000474947,0.000237473,0.00451199,0,0,0.00142484,0,0,0.00284968,0,0,0,0,0.00071242,0,0,0,0,0,0,0,0,0,0,0,0,0,0,0,0,0,0,0,0,0,0,0,0,0,0,0,0,0,0
900,0,0,0,0,0,0,0,0,0,0,0,0,0,0,0,0,0,0,0,0,0,0,0,0,0,0,0,0,0,0,0,0,0,0,0,0,0,0,0,0,0,0,0,0.00350438,0.00175219,0,0,0,0.00150188,0.000250313,0.98398,0.000500626,0,0,0,0.00325407,0,0,0.00100125,0,0,0,0,0,0.00375469,0,0.000500626,0,0,0,0,0,0,0,0,0,0,0,0,0,0,0,0,0,0,0,0,0,0,0,0,0,0,0,0,0,0,0,0,0
950,0,0,0,0,0,0,0,0,0,0,0,0,0,0,0,0,0,0,0,0,0,0,0,0,0,0,0,0,0,0,0,0,0,0,0,0,0,0,0,0.000518672,0.000518672,0,0,0.000259336,0.00363071,0.000778008,0.000259336,0,0.000259336,0.000259336,0.985996,0.000778008,0,0.000518672,0,0,0,0,0.00311203,0,0,0,0.000259336,0.000259336,0.00259336,0,0,0,0,0,0,0,0,0,0,0,0,0,0,0,0,0,0,0,0,0,0,0,0,0,0,0,0,0,0,0,0,0,0,0
1000,0,0,0,0,0,0,0,0,0,0,0,0,0,0,0,0,0,0,0,0,0,0,0,0,0,0,0,0,0,0,0,0,0,0,0,0,0,0,0,0.000262123,0.00471822,0,0,0,0,0,0,0,0,0,0.986894,0.000262123,0.000262123,0.00288336,0,0,0,0,0,0.00288336,0.00078637,0,0,0,0.00104849,0,0,0,0,0,0,0,0,0,0,0,0,0,0,0,0,0,0,0,0,0,0,0,0,0,0,0,0,0,0,0,0,0,0,0
1050,0,0,0,0,0,0,0,0,0,0,0,0,0,0,0,0,0,0,0,0,0,0,0,0,0,0,0,0,0,0,0,0,0,0,0,0,0,0,0,0.00142857,0.00142857,0.00142857,0,0,0,0,0,0,0,0,0.989286,0,0,0.00142857,0,0.000714286,0,0,0.000238095,0.00261905,0,0,0.000238095,0.00047619,0.000714286,0,0,0,0,0,0,0,0,0,0,0,0,0,0,0,0,0,0,0,0,0,0,0,0,0,0,0,0,0,0,0,0,0,0,0
1100,0,0,0,0,0,0,0,0,0,0,0,0,0,0,0,0,0,0,0,0,0,0,0,0,0,0,0,0,0,0,0,0,0,0,0,0,0.00143335,0,0,0.00716675,0.000477783,0.00143335,0,0.000238892,0.000477783,0,0,0,0,0.000955566,0.980889,0,0,0.00119446,0,0.00119446,0.000238892,0,0,0.00191113,0,0,0.000716675,0.00167224,0,0,0,0,0,0,0,0,0,0,0,0,0,0,0,0,0,0,0,0,0,0,0,0,0,0,0,0,0,0,0,0,0,0,0,0
1150,0,0,0,0,0,0,0,0,0,0,0,0,0,0,0,0,0,0,0,0,0,0,0,0,0,0,0,0,0,0,0,0,0,0,0,0,0.000479386,0,0,0.00383509,0,0.00599233,0.000239693,0,0,0,0,0.00119847,0,0,0.983221,0.00071908,0,0.00119847,0,0.00071908,0,0,0.00071908,0.000479386,0,0,0,0,0,0,0,0,0,0,0.00119847,0,0,0,0,0,0,0,0,0,0,0,0,0,0,0,0,0,0,0,0,0,0,0,0,0,0,0,0,0
1200,0,0,0,0,0,0,0,0,0,0,0,0,0,0,0,0,0,0,0,0,0,0,0,0,0,0,0,0,0.000254907,0,0,0.000254907,0,0,0,0,0,0.000254907,0,0.00127453,0,0.000509814,0,0,0.000254907,0.000764721,0,0,0,0.00101963,0.990823,0,0.000509814,0.00127453,0,0,0,0.000509814,0,0.00101963,0,0,0,0.000254907,0.000254907,0,0.000254907,0,0,0,0.000509814,0,0,0,0,0,0,0,0,0,0,0,0,0,0,0,0,0,0,0,0,0,0,0,0,0,0,0,0,0
1250,0,0,0,0,0,0,0,0,0,0,0,0,0,0,0,0,0,0,0,0,0,0,0,0,0,0,0,0,0,0,0,0,0,0,0,0.000244918,0,0,0.000734754,0,0,0.000244918,0,0.000489836,0.00171443,0,0,0,0,0.000489836,0.988979,0,0,0.00171443,0,0,0.000489836,0.000489836,0.00122459,0,0,0,0.000734754,0,0.000489836,0,0,0,0.000979672,0,0.000979672,0,0,0,0,0,0,0,0,0,0,0,0,0,0,0,0,0,0,0,0,0,0,0,0,0,0,0,0,0
1300,0,0,0,0,0,0,0,0,0,0,0,0,0,0,0,0,0,0,0,0,0,0,0,0,0,0,0,0,0,0,0,0,0,0,0,0,0,0,0.000695572,0,0,0.000695572,0,0.000695572,0,0.000231857,0,0,0.000463714,0.00208671,0.982843,0.000927429,0,0.000695572,0,0,0,0,0.00417343,0.000231857,0,0,0.00394157,0.000231857,0,0,0,0,0.00208671,0,0,0,0,0,0,0,0,0,0,0,0,0,0,0,0,0,0,0,0,0,0,0,0,0,0,0,0,0,0,0
1350,0,0,0,0,0,0,0,0,0,0,0,0,0,0,0,0,0,0,0,0,0,0,0,0,0,0,0,0,0,0,0,0,0,0,0,0,0,0,0.000460936,0.000691404,0,0.000691404,0.000230468,0.00368749,0.00276561,0.00161327,0,0.000230468,0,0.000230468,0.969809,0.00530076,0,0,0,0,0,0.000230468,0,0.00368749,0.000230468,0,0.00299608,0.00691404,0,0,0,0,0.000230468,0,0,0,0,0,0,0,0,0,0,0,0,0,0,0,0,0,0,0,0,0,0,0,0,0,0,0,0,0,0,0
1400,0,0,0,0,0,0,0,0,0,0,0,0,0,0,0,0,0,0,0,0,0,0,0,0,0,0,0,0,0,0,0.000222173,0,0,0,0,0.000444346,0,0,0.000222173,0,0,0.0024439,0.00155521,0.00311042,0.00377694,0,0,0,0,0,0.975117,0.000222173,0,0.00355477,0,0.00111086,0,0,0,0.000888691,0.000222173,0.000222173,0.00133304,0.00555432,0,0,0,0,0,0,0,0,0,0,0,0,0,0,0,0,0,0,0,0,0,0,0,0,0,0,0,0,0,0,0,0,0,0,0,0
1450,0,0,0,0,0,0,0,0,0,0,0,0,0,0,0,0,0,0,0,0,0,0,0,0,0,0,0,0,0,0,0,0.000828157,0,0,0,0,0,0,0.000828157,0,0,0.00144928,0.000414079,0.00517598,0.000414079,0.000207039,0,0.000207039,0,0,0.971636,0.0010352,0,0.00248447,0.00124224,0,0.00144928,0,0.0010352,0.00124224,0,0,0.00393375,0.00124224,0,0,0.000207039,0,0.00414079,0,0.000828157,0,0,0,0,0,0,0,0,0,0,0,0,0,0,0,0,0,0,0,0,0,0,0,0,0,0,0,0,0
1500,0,0,0,0,0,0,0,0,0,0,0,0,0,0,0,0,0,0,0,0,0,0,0,0,0,0,0,0,0,0,0,0,0,0,0,0,0,0,0,0.000201816,0,0,0.000201816,0.00181635,0.0012109,0.000403633,0,0,0,0.000605449,0.982846,0.000807265,0.000403633,0.000605449,0.000605449,0.000605449,0.000605449,0.000403633,0,0,0,0,0.00686176,0.0012109,0,0,0.000201816,0,0,0,0,0,0,0,0,0,0,0,0,0,0.000403633,0,0,0,0,0,0,0,0,0,0,0,0,0,0,0,0,0,0,0
1550,0,0,0,0,0,0,0,0,0,0,0,0,0,0,0,0,0,0,0,0,0,0,0,0,0,0,0,0,0,0.000201086,0,0,0,0,0,0,0,0.000201086,0,0,0,0,0,0.00100543,0,0.000804343,0,0.000603258,0,0.000804343,0.982506,0.000804343,0.00402172,0.00261412,0.00100543,0.000402172,0.0014076,0,0,0,0.000201086,0,0.00221194,0,0,0,0,0,0.00120652,0,0,0,0,0,0,0,0,0,0,0,0,0,0,0,0,0,0,0,0,0,0,0,0,0,0,0,0,0,0,0
1600,0,0,0,0,0,0,0,0,0,0,0,0,0,0,0,0,0,0,0,0,0,0,0,0,0,0,0,0,0,0,0,0,0,0,0,0,0.000598802,0.00139721,0,0.000199601,0.000399202,0,0,0.00179641,0.000199601,0,0.000199601,0.0011976,0,0,0.977445,0.000399202,0.000998004,0.00319361,0,0.000998004,0.00299401,0,0.000998004,0.00279441,0,0,0.00199601,0,0,0.000199601,0.00139721,0,0,0.000199601,0,0,0,0,0,0,0,0.000399202,0,0,0,0,0,0,0,0,0,0,0,0,0,0,0,0,0,0,0,0,0,0
1650,0,0,0,0,0,0,0,0,0,0,0,0,0,0,0,0,0,0,0,0,0,0,0,0,0,0,0,0,0,0,0,0.000433934,0,0,0,0,0,0.000867867,0.000867867,0,0,0.00151877,0,0.00108483,0,0.000216967,0,0.0006509,0,0.000216967,0.971577,0.000433934,0.00151877,0.00412237,0.00108483,0,0.00151877,0,0.0006509,0.00108483,0.00303754,0,0.00347147,0.0006509,0,0,0.0045563,0,0,0.000433934,0,0,0,0,0,0,0,0,0,0,0,0,0,0,0,0,0,0,0,0,0,0,0,0,0,0,0,0,0,0
1700,0,0,0,0,0,0,0,0,0,0,0,0,0,0,0,0,0,0,0,0,0,0,0,0,0,0,0,0,0.000417188,0,0,0,0,0,0,0,0.000417188,0.000208594,0.00104297,0.000625782,0,0.00208594,0,0.000625782,0.000208594,0,0.000208594,0.00292032,0,0,0.966416,0.000208594,0.00375469,0.00417188,0.00125156,0,0.000834376,0,0.00333751,0.00563204,0.000625782,0,0.000625782,0.000208594,0,0,0.00396329,0,0,0,0,0,0,0.000208594,0,0,0,0,0,0,0,0,0,0,0,0,0,0,0,0,0,0,0,0,0,0,0,0,0,0
1750,0,0,0,0,0,0,0,0,0,0,0,0,0,0,0,0,0,0,0,0,0,0,0,0,0,0,0,0,0,0,0,0.00045106,0,0.00067659,0,0.00067659,0,0.00045106,0.00045106,0,0,0.00608931,0.00202977,0,0,0,0,0,0,0.0045106,0.974741,0.00112765,0.00022553,0.00112765,0.00135318,0,0.00045106,0,0.00112765,0.00067659,0.00022553,0,0,0.00090212,0,0,0.0022553,0,0,0,0.00045106,0,0,0,0,0,0,0,0,0,0,0,0,0,0,0,0,0,0,0,0,0,0,0,0,0,0,0,0,0
1800,0,0,0,0,0,0,0,0,0,0,0,0,0,0,0,0,0,0,0,0,0,0,0,0,0,0,0,0,0,0,0,0,0,0.000664158,0,0,0,0.000221386,0.0015497,0,0.000885544,0.00243524,0.0015497,0.000442772,0,0,0,0.000221386,0,0.00132832,0.976312,0.00199247,0.000221386,0.00177109,0,0.000221386,0,0,0,0.00287802,0.000221386,0,0,0.00420633,0,0,0.00243524,0,0.000221386,0,0.000221386,0,0,0,0,0,0,0,0,0,0,0,0,0,0,0,0,0,0,0,0,0,0,0,0,0,0,0,0,0
1850,0,0,0,0,0,0,0,0,0,0,0,0,0,0,0,0,0,0,0,0,0,0,0,0,0,0,0,0.000208899,0,0,0,0,0.000417798,0,0,0,0,0,0.000626697,0,0.00376018,0.000835596,0.000208899,0,0,0,0,0,0.000835596,0.00501358,0.974305,0.00271569,0,0.00188009,0,0,0,0,0,0.00271569,0,0.000208899,0,0.00208899,0,0,0.00188009,0,0,0,0.00229789,0,0,0,0,0,0,0,0,0,0,0,0,0,0,0,0,0,0,0,0,0,0,0,0,0,0,0,0,0
1900,0,0,0,0,0,0,0,0,0,0,0,0,0,0,0,0,0,0,0,0,0,0,0,0,0,0,0,0.000873553,0,0,0,0,0,0,0,0,0,0.000218388,0.00109194,0,0.0037126,0.000218388,0,0,0.000218388,0.000218388,0,0.000436777,0.00131033,0.00458615,0.945185,0.00152872,0,0.0111378,0,0,0.00131033,0,0.00218388,0.0135401,0.00109194,0.000436777,0.00152872,0.00174711,0,0,0.00240227,0,0,0,0.00502293,0,0,0,0,0,0,0,0,0,0,0,0,0,0,0,0,0,0,0,0,0,0,0,0,0,0,0,0,0
1950,0,0,0,0,0,0,0,0,0,0,0,0,0,0,0,0,0,0,0,0,0,0,0,0,0,0,0.000219974,0.00131984,0,0.000219974,0,0.000439947,0,0,0,0,0,0,0,0,0.00131984,0.000659921,0.000219974,0,0,0,0,0,0.00109987,0.00285966,0.954685,0.00219974,0.000439947,0.00351958,0,0,0.00241971,0,0.00285966,0.00373955,0.00395952,0,0.000439947,0.0125385,0,0,0.00153982,0,0,0,0.0032996,0,0,0,0,0,0,0,0,0,0,0,0,0,0,0,0,0,0,0,0,0,0,0,0,0,0,0,0,0
2000,0,0,0,0,0,0,0,0,0,0,0,0,0,0,0,0,0,0,0,0,0,0,0,0,0,0,0.00219635,0.000219635,0,0,0,0,0,0,0,0,0,0,0,0,0,0.00197672,0,0.000878542,0.000219635,0,0,0,0,0.000439271,0.963321,0.0037338,0,0.00197672,0,0.000219635,0.00263562,0.000439271,0.000439271,0.00285526,0.00263562,0.00285526,0.00285526,0.00483198,0,0,0.00263562,0,0,0,0.00263562,0,0,0,0,0,0,0,0,0,0,0,0,0,0,0,0,0,0,0,0,0,0,0,0,0,0,0,0,0
2050,0,0,0,0,0,0,0,0,0,0,0,0,0,0,0,0,0,0,0,0,0,0,0,0,0,0,0.00020982,0.000839278,0,0,0,0.000629459,0,0,0,0,0,0.00020982,0,0,0.00020982,0,0,0.000839278,0.00020982,0.00146874,0,0.000839278,0,0,0.951742,0.00167856,0,0.00167856,0.00440621,0,0.000839278,0,0.00335711,0.00125892,0.00356693,0.0100713,0.00503567,0.0102812,0.000629459,0,0,0,0,0,0,0,0,0,0,0,0,0,0,0,0,0,0,0,0,0,0,0,0,0,0,0,0,0,0,0,0,0,0,0
2100,0,0,0,0,0,0,0,0,0,0,0,0,0,0,0,0,0,0,0,0,0,0,0,0,0,0,0,0,0,0,0,0,0,0.000207297,0,0,0,0,0.00124378,0.000207297,0,0,0.000207297,0.000829187,0.000414594,0.00145108,0,0,0,0.000207297,0.943823,0.000829187,0,0.00186567,0.00124378,0,0.00248756,0.00228027,0.00891376,0,0.00497512,0.0118159,0.00497512,0.0064262,0.00248756,0,0,0,0,0,0.00310945,0,0,0,0,0,0,0,0,0,0,0,0,0,0,0,0,0,0,0,0,0,0,0,0,0,0,0,0,0
2150,0,0,0,0,0,0,0,0,0,0,0,0,0,0,0,0,0,0,0,0,0,0,0,0,0,0,0,0,0,0,0,0,0,0,0,0,0.000188147,0,0.00112888,0,0,0,0.000376294,0.00451552,0,0.000376294,0,0,0,0,0.95428,0.00150517,0,0.000376294,0.00244591,0,0.00225776,0.00301035,0.0060207,0.00169332,0.00188147,0.00827846,0.00225776,0.00696143,0.000940734,0,0,0.000188147,0.000188147,0,0.00112888,0,0,0,0,0,0,0,0,0,0,0,0,0,0,0,0,0,0,0,0,0,0,0,0,0,0,0,0,0
2200,0,0,0,0,0,0,0,0,0,0,0,0,0,0,0,0,0,0,0,0,0,0,0,0,0,0.000183756,0,0,0,0,0,0,0,0.00128629,0,0,0,0,0,0,0.0016538,0.000183756,0.000551268,0.000551268,0.00128629,0.000367512,0.000551268,0.000183756,0,0.000551268,0.962698,0.000183756,0,0.000183756,0.00110254,0,0.0029401,0.00110254,0.000551268,0.0029401,0.00202132,0.00753399,0.00202132,0.00441014,0.0016538,0,0,0.000367512,0,0,0.0029401,0,0,0,0,0,0,0,0,0,0,0,0,0,0,0,0,0,0,0,0,0,0,0,0,0,0,0,0,0
2250,0,0,0,0,0,0,0,0,0,0,0,0,0,0,0,0,0,0,0,0,0,0,0,0,0,0.000402576,0.000201288,0,0,0,0,0,0,0.000201288,0,0,0,0,0,0,0.00422705,0.00322061,0,0.00181159,0.00120773,0,0.000402576,0.000201288,0,0.00100644,0.95632,0.00201288,0.00100644,0.00140902,0.000805153,0,0.00483092,0.000603865,0.000603865,0.00362319,0.00221417,0.00161031,0.00221417,0.00462963,0.00241546,0,0,0.000201288,0,0.000402576,0.00221417,0,0,0,0,0,0,0,0,0,0,0,0,0,0,0,0,0,0,0,0,0,0,0,0,0,0,0,0,0
2300,0,0,0,0,0,0,0,0,0,0,0,0,0,0,0,0,0,0,0,0,0.000401284,0,0,0,0,0.000200642,0,0,0,0,0,0,0,0,0,0,0,0,0.00120385,0,0.0024077,0,0,0.0038122,0.00220706,0,0,0.000802568,0.000601926,0.000200642,0.953451,0.00280899,0.000601926,0.00160514,0.00180578,0.000601926,0.00260835,0,0.00140449,0.00120385,0.00722311,0.00501605,0.000401284,0.000200642,0.00260835,0,0,0,0.000200642,0.00140449,0.00501605,0,0,0,0,0,0,0,0,0,0,0,0,0,0,0,0,0,0,0,0,0,0,0,0,0,0,0,0,0
2350,0,0,0,0,0,0,0,0,0,0,0,0,0,0,0,0,0,0,0,0,0,0,0,0,0,0,0,0.000414852,0,0,0,0,0,0,0,0,0.000207426,0.000414852,0.000829703,0,0.00228168,0.000207426,0.000829703,0.00103713,0.000829703,0.00145198,0.000207426,0.000829703,0.000829703,0.000207426,0.95167,0.00165941,0.000207426,0.00103713,0.00601535,0,0.00311139,0,0,0.00290396,0.00746733,0.00331881,0.00165941,0.000622278,0.000829703,0.000207426,0,0,0.000414852,0.00103713,0.00705248,0,0,0.000207426,0,0,0,0,0,0,0,0,0,0,0,0,0,0,0,0,0,0,0,0,0,0,0,0,0,0
2400,0,0,0,0,0,0,0,0,0,0,0,0,0,0,0,0,0,0,0,0,0,0,0,0,0,0,0,0,0,0,0,0,0,0,0,0,0.000408998,0.000613497,0,0,0.000613497,0.00163599,0,0.000817996,0.000408998,0,0,0.00122699,0.00163599,0.00102249,0.95317,0.000408998,0.000204499,0.000204499,0.00347648,0.00163599,0,0.000817996,0.000408998,0.000204499,0.00470348,0.00695297,0.00674847,0.00306748,0.00674847,0.000613497,0,0,0,0.00224949,0,0,0,0,0,0,0,0,0,0,0,0,0,0,0,0,0,0,0,0,0,0,0,0,0,0,0,0,0,0
2450,0,0,0,0,0,0,0,0,0,0,0,0,0,0,0,0,0,0,0,0,0,0,0,0,0,0,0,0,0,0,0,0,0.000212902,0.000212902,0,0,0,0,0.000212902,0,0.00127741,0.00127741,0,0.00127741,0.00170321,0.00149031,0,0,0.00149031,0.000638706,0.964658,0.000425804,0.00234192,0,0.00489674,0.000212902,0,0.00255482,0,0.000638706,0.00340643,0.00532255,0.00447094,0.000638706,0.000638706,0,0,0,0,0,0,0,0,0,0,0,0,0,0,0,0,0,0,0,0,0,0,0,0,0,0,0,0,0,0,0,0,0,0,0
2500,0,0,0,0,0,0,0,0,0,0,0,0,0,0,0,0,0,0,0,0,0,0,0,0,0,0,0,0,0.000210217,0,0,0,0.000210217,0,0,0,0.000210217,0,0.000210217,0,0.00105108,0.0012613,0,0.0012613,0.000840866,0.00210217,0.000210217,0,0,0.000420433,0.967627,0.000210217,0.000420433,0.000210217,0.0134539,0.000210217,0.000210217,0,0,0.000420433,0.00105108,0.00651671,0.00063065,0.000420433,0,0,0,0,0,0.00063065,0,0,0,0,0,0,0,0,0,0,0,0,0,0,0,0,0,0,0,0,0,0,0,0,0,0,0,0,0,0
2550,0,0,0,0,0,0,0,0,0,0,0,0,0,0,0,0,0,0,0,0,0,0,0,0,0,0,0,0,0,0,0,0,0.000650477,0,0,0,0,0,0.00151778,0,0.00325239,0.000650477,0,0,0.000433651,0.00411969,0,0.000216826,0,0,0.972463,0,0,0.00130095,0.00477016,0.000867303,0.000216826,0,0.000216826,0.000433651,0.000216826,0.00650477,0.000867303,0.000216826,0,0,0,0,0,0,0,0.000867303,0,0,0,0,0,0,0,0,0.000216826,0,0,0,0,0,0,0,0,0,0,0,0,0,0,0,0,0,0,0
2600,0,0,0,0,0,0,0,0,0,0,0,0,0,0,0,0,0,0,0,0,0,0,0,0,0,0,0,0,0,0,0,0,0.000438693,0,0,0,0,0,0,0,0.00241281,0,0,0,0.000877385,0.00175477,0,0.00109673,0,0,0.967975,0,0,0.000877385,0.00219346,0.00636104,0,0.00241281,0.00175477,0.000219346,0,0.00350954,0.00570301,0.00219346,0,0,0,0.000219346,0,0,0,0,0,0,0,0,0,0,0,0,0,0,0,0,0,0,0,0,0,0,0,0,0,0,0,0,0,0,0,0
2650,0,0,0,0,0,0,0,0,0,0,0,0,0,0,0,0,0,0,0,0,0,0.00043985,0,0,0,0,0,0,0,0,0,0,0,0,0,0,0.000219925,0,0,0,0.00329888,0.00109963,0,0,0.00483835,0.000879701,0,0.000219925,0.00043985,0,0.94216,0,0.00241918,0.00527821,0.00505828,0.00681768,0.000219925,0.00659776,0.000879701,0,0.0017594,0.00571806,0.00373873,0.00703761,0.00043985,0,0,0.000219925,0,0,0.000219925,0,0,0,0,0,0,0,0,0,0,0,0,0,0,0,0,0,0,0,0,0,0,0,0,0,0,0,0,0
2700,0,0,0,0,0,0,0,0,0,0,0,0,0,0,0,0,0,0,0,0,0,0,0,0,0,0,0,0,0,0,0,0,0,0,0,0,0,0,0.00206313,0.000412626,0,0.00061894,0,0,0.000412626,0,0.000825253,0.000412626,0.00061894,0.00061894,0.956262,0.000412626,0.00123788,0.00247576,0.00412626,0.00577677,0,0.00536414,0.000206313,0,0.00206313,0.00268207,0.00288838,0.00453889,0.00495152,0.000206313,0,0,0.000825253,0,0,0,0,0,0,0,0,0,0,0,0,0,0,0,0,0,0,0,0,0,0,0,0,0,0,0,0,0,0,0
2750,0,0,0,0,0,0,0,0,0,0,0,0,0,0,0,0,0,0,0,0,0,0,0,0,0,0,0,0,0,0,0,0,0,0,0,0,0,0,0.00212089,0,0,0.000212089,0,0,0,0,0,0,0.000848356,0.000636267,0.955461,0.00360551,0,0.00275716,0.0019088,0.00678685,0,0.000424178,0.000212089,0.00466596,0.00954401,0,0.0019088,0.00551432,0.00339343,0,0,0,0,0,0,0,0,0,0,0,0,0,0,0,0,0,0,0,0,0,0,0,0,0,0,0,0,0,0,0,0,0,0,0
2800,0,0,0,0,0,0,0,0,0,0,0,0,0,0,0,0,0,0,0,0,0,0,0,0,0,0,0,0,0,0,0,0.000208855,0,0.000208855,0,0,0,0.000417711,0.00334169,0,0,0.000835422,0,0.000835422,0.000626566,0,0.000417711,0,0.00271512,0.00104428,0.942982,0,0.000417711,0.00271512,0.00146199,0.0116959,0.000417711,0.000626566,0,0.0152464,0.00647452,0,0.00313283,0.00208855,0.000835422,0,0.00125313,0,0,0,0,0,0,0,0,0,0,0,0,0,0,0,0,0,0,0,0,0,0,0,0,0,0,0,0,0,0,0,0,0
2850,0,0,0,0,0,0,0,0,0,0,0,0,0,0,0,0,0,0,0,0,0,0,0,0,0,0,0,0,0,0,0,0.000223314,0,0,0,0,0.00111657,0.00133988,0.00357302,0,0,0.000446628,0,0.0015632,0.00357302,0,0,0,0.00111657,0.000223314,0.946628,0.00133988,0,0.00870925,0.00468959,0.0111657,0,0.000669942,0,0.0100491,0.00111657,0,0.000223314,0.00133988,0,0.000223314,0.000669942,0,0,0,0,0,0,0,0,0,0,0,0,0,0,0,0,0,0,0,0,0,0,0,0,0,0,0,0,0,0,0,0,0
2900,0,0,0,0,0,0,0,0,0,0,0,0,0,0,0,0,0,0,0,0,0,0,0,0,0,0,0,0.00286299,0,0,0,0,0,0,0.000204499,0,0,0.000408998,0.000204499,0.000408998,0.00184049,0.000204499,0,0,0.00490798,0,0,0,0.000204499,0,0.946421,0.00122699,0,0.00347648,0.00143149,0.0102249,0.00184049,0.000204499,0.000204499,0.00306748,0.00388548,0.00184049,0.000817996,0.0130879,0,0.000613497,0,0,0,0,0.000408998,0,0,0,0,0,0,0,0,0,0,0,0,0,0,0,0,0,0,0,0,0,0,0,0,0,0,0,0,0
2950,0,0,0,0,0,0,0,0,0,0,0,0,0,0,0,0,0,0,0,0,0,0,0,0,0,0,0,0,0,0,0,0,0,0,0,0,0,0.000198886,0.00159109,0,0.00397772,0.000397772,0,0,0.000994431,0,0,0.000994431,0,0,0.97315,0.00338107,0,0.00119332,0.00278441,0.00357995,0.000596659,0,0.000198886,0.00119332,0.000397772,0,0.00159109,0.00218775,0,0,0,0,0.0013922,0,0.000198886,0,0,0,0,0,0,0,0,0,0,0,0,0,0,0,0,0,0,0,0,0,0,0,0,0,0,0,0,0
3000,0,0,0,0,0,0,0,0,0,0,0,0,0,0,0,0,0,0,0,0,0,0,0,0,0,0,0,0,0,0,0,0,0,0.000221043,0,0,0,0.00132626,0,0,0.0015473,0.00221043,0,0,0.00198939,0.00176835,0,0,0,0.000221043,0.971485,0.0015473,0,0.0015473,0,0.000884173,0.000442087,0,0.00066313,0.00795756,0.000884173,0,0.00287356,0.000221043,0,0,0,0.000221043,0.00110522,0.000442087,0,0,0,0,0,0.000442087,0,0,0,0,0,0,0,0,0,0,0,0,0,0,0,0,0,0,0,0,0,0,0,0
3050,0,0,0,0,0,0,0,0,0,0,0,0,0,0,0,0,0,0,0,0,0,0,0,0,0,0,0,0,0,0,0,0.000235073,0,0,0,0.000235073,0.000235073,0.000235073,0,0.000470146,0.000470146,0.00211566,0,0,0.000235073,0.00423131,0,0.000235073,0,0,0.965679,0.00188058,0.00188058,0,0,0.00446638,0,0.000470146,0.000705219,0.00211566,0.00329102,0,0.00376117,0.000235073,0,0.0025858,0,0,0.00423131,0,0,0,0,0,0,0,0,0,0,0,0,0,0,0,0,0,0,0,0,0,0,0,0,0,0,0,0,0,0,0
3100,0,0,0,0,0,0,0,0,0,0,0,0,0,0,0,0,0,0,0,0,0,0,0,0,0,0,0,0,0,0,0,0.000673552,0.000449035,0.000898069,0,0,0,0,0.000224517,0.000224517,0.00314324,0.00179614,0.000449035,0.00493938,0.000224517,0.000673552,0.000224517,0,0.000673552,0.00112259,0.945442,0.00426583,0.000224517,0.000449035,0,0.00381679,0.00112259,0,0.000449035,0.00449035,0.0101033,0.000224517,0.00718455,0,0,0.00179614,0,0,0.00471486,0,0,0,0,0,0,0,0,0,0,0,0,0,0,0,0,0,0,0,0,0,0,0,0,0,0,0,0,0,0,0
3150,0,0,0,0,0,0,0,0,0,0,0,0,0,0,0,0,0,0,0,0,0,0,0,0,0,0,0,0,0,0,0,0,0,0,0,0,0,0,0.000642123,0.00107021,0.00642123,0.000214041,0.00149829,0.00107021,0,0.000214041,0,0.000214041,0.00192637,0.00149829,0.941139,0.00107021,0,0.00128425,0,0.00577911,0.000428082,0.000642123,0.000642123,0.0122003,0.0109161,0.00385274,0.00406678,0.000856164,0,0.000214041,0,0,0.00192637,0,0,0,0,0,0,0.000214041,0,0,0,0,0,0,0,0,0,0,0,0,0,0,0,0,0,0,0,0,0,0,0,0
3200,0,0,0,0,0,0,0,0,0,0,0,0,0,0,0,0,0,0,0,0,0,0,0,0,0,0,0,0,0,0,0,0,0,0,0,0,0,0,0.000649773,0.00216591,0.00454841,0.00324886,0.000866363,0.000649773,0.000216591,0.00108295,0.000216591,0,0.00216591,0,0.934806,0.0023825,0,0.000649773,0,0.0125623,0.00151614,0.000216591,0.000866363,0.010613,0.00368204,0.00281568,0.00671432,0.00628113,0,0,0,0,0.000649773,0,0,0,0,0,0,0,0,0,0,0,0,0.000433182,0,0,0,0,0,0,0,0,0,0,0,0,0,0,0,0,0,0
3250,0,0,0,0,0,0,0,0,0,0,0,0,0,0,0,0,0,0,0,0,0,0,0,0,0,0,0,0,0,0,0,0,0,0,0,0.00208117,0,0,0.00208117,0.0012487,0.00353798,0.000832466,0.00228928,0.000832466,0,0,0,0.000208117,0.00104058,0.00208117,0.934027,0.00582726,0.00104058,0.0074922,0,0.00104058,0.00187305,0.00062435,0.00062435,0.00145682,0.00603538,0,0.00270552,0.0112383,0,0,0,0,0.00728408,0.00228928,0.000208117,0,0,0,0,0,0,0,0,0,0,0,0,0,0,0,0,0,0,0,0,0,0,0,0,0,0,0,0,0
3300,0,0,0,0,0,0,0,0,0,0,0,0,0,0,0,0,0,0,0,0,0,0,0,0,0.000199322,0,0,0,0,0,0,0,0,0.00159458,0,0.00239187,0,0.000199322,0.000996612,0.000996612,0.00478374,0,0.00259119,0.00518238,0,0,0,0,0.000597967,0.00279051,0.912896,0.00737493,0.0017939,0.0119593,0,0.000597967,0.000199322,0,0.00578035,0.00458441,0.00857086,0,0.00777357,0.00877018,0.000797289,0,0,0,0.00617899,0.000398645,0,0,0,0,0,0,0,0,0,0,0,0,0,0,0,0,0,0,0,0,0,0,0,0,0,0,0,0,0,0
3350,0,0,0,0,0,0,0,0,0,0,0,0,0,0,0,0,0,0,0,0,0,0,0,0,0,0,0,0,0,0.000199243,0,0,0,0.000796972,0,0.00119546,0.000996214,0,0.00219167,0.00259016,0.00159394,0,0.000199243,0.000199243,0,0,0,0,0.000996214,0.00239091,0.937637,0.000597729,0.000996214,0.0151425,0,0,0,0,0.00796972,0.00438334,0.00677426,0.000597729,0.0013947,0.00219167,0.000796972,0,0.000199243,0.000796972,0.00717274,0,0,0,0,0,0,0,0,0,0,0,0,0,0,0,0,0,0,0,0,0,0,0,0,0,0,0,0,0,0,0
3400,0,0,0,0,0,0,0,0,0,0,0,0,0,0,0,0,0,0,0,0,0,0,0,0,0,0,0,0,0,0,0,0,0,0.000900495,0,0,0.00157587,0,0,0,0.000225124,0.00112562,0,0.00157587,0.00202611,0,0.00112562,0,0.00112562,0.00225124,0.946195,0,0.00270149,0.0038271,0,0.000225124,0.00247636,0,0.0038271,0.00225124,0.00585322,0.000900495,0.000225124,0.00720396,0.00225124,0,0.00315173,0,0.00585322,0,0,0,0,0,0,0,0,0,0,0,0,0,0,0,0,0.00112562,0,0,0,0,0,0,0,0,0,0,0,0,0,0
3450,0,0,0,0,0,0,0,0,0,0,0,0,0,0,0,0,0,0,0,0,0,0,0,0,0,0,0,0,0,0,0,0,0,0,0,0.000688073,0.000688073,0.000229358,0.000229358,0,0.00275229,0.000917431,0,0.00114679,0.00114679,0,0.000229358,0,0.00344037,0.00366972,0.931193,0,0.0043578,0.0139908,0.000229358,0,0.0016055,0,0.00917431,0.000229358,0.00344037,0.000229358,0.000688073,0.00756881,0.000917431,0.000688073,0.000688073,0,0.00940367,0,0,0,0,0,0,0,0,0,0,0,0,0,0,0,0,0.000458716,0,0,0,0,0,0,0,0,0,0,0,0,0,0
3500,0,0,0,0,0,0,0,0,0,0,0,0,0,0,0,0,0,0,0,0,0,0,0,0,0,0,0,0,0,0,0,0,0,0,0,0,0.00107875,0,0,0,0.003452,0.000647249,0,0.0030205,0.00237325,0.000647249,0,0.0012945,0.000431499,0.00560949,0.936785,0.00021575,0.00107875,0.00906149,0.000431499,0.000431499,0.00625674,0.000431499,0.00496224,0.00280475,0.00021575,0,0.00194175,0.00560949,0.0012945,0,0,0,0.00949299,0,0,0,0,0,0,0.00021575,0,0,0,0,0,0,0,0,0,0.00021575,0,0,0,0,0,0,0,0,0,0,0,0,0,0
3550,0,0,0,0,0,0,0,0,0,0,0,0,0,0,0,0,0,0,0,0,0,0,0,0.000214362,0,0,0,0,0,0,0,0,0,0,0,0.000857449,0,0,0,0.000214362,0.00150054,0.000214362,0.000214362,0.00428725,0,0.00150054,0,0.00150054,0.00514469,0.00321543,0.949839,0.000857449,0.00214362,0.00385852,0,0.00150054,0.000857449,0.00235798,0.00300107,0.000428725,0.00150054,0,0.00128617,0.00300107,0.0017149,0,0,0,0.00878885,0,0,0,0,0,0,0,0,0,0,0,0,0,0,0,0,0,0,0,0,0,0,0,0,0,0,0,0,0,0,0
3600,0,0,0,0,0,0,0,0,0,0,0,0,0,0,0,0,0,0,0,0,0,0,0,0,0,0,0,0,0,0,0,0,0,0,0,0.00021561,0.000646831,0,0.000646831,0,0.00237171,0.00043122,0.00107805,0.00150927,0,0.00129366,0.00043122,0.00560586,0,0.0043122,0.948685,0.00043122,0.00172488,0.00043122,0,0.00043122,0.00172488,0.00021561,0.00021561,0.00280293,0.00388098,0,0.00539025,0.00344976,0.00711514,0,0,0.00129366,0.00366537,0,0,0,0,0,0,0,0,0,0,0,0,0,0,0,0,0,0,0,0,0,0,0,0,0,0,0,0,0,0,0
3650,0,0,0,0,0,0,0,0,0,0,0,0,0,0,0,0,0,0,0,0,0,0,0,0,0,0,0,0,0,0,0,0,0,0,0,0,0.00264928,0.000407581,0.000611372,0.00122274,0.00142653,0.000407581,0.000611372,0.00285307,0,0.00285307,0.00101895,0.00387202,0,0.00326065,0.951498,0.000407581,0.00101895,0,0.000815162,0,0.00122274,0.000203791,0.00672509,0.00754025,0.00163032,0,0.00122274,0.00509476,0.000203791,0.000203791,0,0.00101895,0,0,0,0,0,0,0,0,0,0,0,0,0,0,0,0,0,0,0,0,0,0,0,0,0,0,0,0,0,0,0,0
3700,0,0,0,0,0,0,0,0,0,0,0,0,0,0,0,0,0,0,0,0,0,0,0,0,0,0.000203915,0,0,0,0,0,0,0,0.000611746,0,0,0,0.00163132,0.000815661,0.00163132,0.00367047,0.00122349,0.000815661,0.000611746,0,0.00693312,0.00163132,0.000203915,0,0.00305873,0.949225,0.000203915,0,0.00183524,0.000815661,0,0.00183524,0,0.0122349,0.000611746,0.00163132,0,0.00489396,0.00122349,0,0,0,0,0.00244698,0,0,0,0,0,0,0,0,0,0,0,0,0,0,0,0,0,0,0,0,0,0,0,0,0,0,0,0,0,0,0
3750,0,0,0,0,0,0,0,0,0,0,0,0,0,0,0,0,0,0,0,0,0,0,0,0,0,0,0,0,0,0,0,0,0,0.000392696,0.000196348,0.000392696,0,0.000392696,0,0.00098174,0.00196348,0,0.000785392,0.00098174,0,0.00373061,0.00235618,0.000785392,0,0.00117809,0.953662,0,0.000196348,0.00196348,0,0,0.00235618,0.000196348,0.00353426,0.00196348,0.00314157,0,0.00608679,0,0,0.000392696,0.000196348,0,0.0107991,0.00137444,0,0,0,0,0,0,0,0,0,0,0,0,0,0,0,0,0,0,0,0,0,0,0,0,0,0,0,0,0,0
3800,0,0,0,0,0,0,0,0,0,0,0,0,0,0,0,0,0,0,0,0,0,0,0,0,0,0,0,0,0,0,0,0,0,0,0,0,0.000195389,0.0017585,0.00117233,0.000195389,0.00293083,0.00117233,0.000390778,0.000976944,0.000586166,0.00234467,0.000195389,0,0,0.00136772,0.948222,0.000390778,0,0.00468933,0.000781555,0,0.000976944,0.000976944,0.00156311,0.00722939,0.00586166,0,0.00625244,0.00371239,0,0,0,0,0.00547089,0.000586166,0,0,0,0,0,0,0,0,0,0,0,0,0,0,0,0,0,0,0,0,0,0,0,0,0,0,0,0,0,0
3850,0,0,0,0,0,0,0,0,0,0,0,0,0,0,0,0,0,0,0,0,0,0,0,0,0,0,0,0,0,0,0,0,0,0,0,0.00153876,0.000192345,0.000192345,0.00115407,0.00192345,0.000769379,0.00192345,0,0.000577034,0.00230814,0.000192345,0.000192345,0,0.00153876,0.000769379,0.936334,0.00153876,0.000384689,0.0073091,0.000961723,0.000192345,0.0017311,0.00211579,0.000577034,0.00442393,0.00423158,0.000577034,0.0136565,0.00384689,0,0,0,0,0.00884786,0,0,0,0,0,0,0,0,0,0,0,0,0,0,0,0,0,0,0,0,0,0,0,0,0,0,0,0,0,0,0
3900,0,0,0,0,0,0,0,0,0,0,0,0,0,0,0,0,0,0,0,0,0,0,0,0,0,0,0,0,0,0,0,0,0.000186811,0,0,0.000934056,0.000560433,0.000560433,0.000373622,0.000747245,0.000373622,0.00242854,0,0.00186811,0.00373622,0,0,0,0.0033626,0,0.925276,0.000560433,0.0016813,0.0112087,0.00448347,0.000747245,0.000934056,0.00224173,0.000186811,0.00448347,0.00280217,0,0.0050439,0.00896693,0.000186811,0,0,0,0.0160658,0,0,0,0,0,0,0,0,0,0,0,0,0,0,0,0,0,0,0,0,0,0,0,0,0,0,0,0,0,0,0
3950,0,0,0,0,0,0,0,0,0,0,0,0,0,0,0,0,0,0,0.000196734,0,0,0,0,0,0,0,0,0,0,0,0,0,0,0,0,0.00275428,0,0.000786937,0.00137714,0.00373795,0.000983671,0.000590203,0.000196734,0.000590203,0.00413142,0.00393468,0,0,0.00334448,0,0.915404,0.00118041,0.000786937,0.00963998,0.00590203,0.00216408,0.00334448,0.00216408,0.000786937,0.00767263,0.00531182,0,0.00452489,0.00904977,0,0,0,0,0.00944324,0,0,0,0,0,0,0,0,0,0,0,0,0,0,0,0,0,0,0,0,0,0,0,0,0,0,0,0,0,0,0
4000,0,0,0,0,0,0,0,0,0,0,0,0,0,0,0,0,0,0,0,0,0,0,0,0,0,0.000547345,0,0,0,0,0,0.000182448,0,0,0,0.00310162,0,0,0.00291918,0.00401387,0.00200693,0.000547345,0,0.00164204,0.00273673,0.00109469,0.000364897,0,0.000182448,0.000364897,0.909323,0.00364897,0,0.00419631,0.00255428,0.00164204,0.00328407,0.00328407,0.000912242,0.00729794,0.00802773,0,0.0270024,0.00255428,0,0.000547345,0,0,0.00583835,0.000182448,0,0,0,0,0,0,0,0,0,0,0,0,0,0,0,0,0,0,0,0,0,0,0,0,0,0,0,0,0,0
4050,0,0,0,0,0,0,0,0,0,0,0,0,0,0,0,0,0,0,0,0,0,0,0,0,0,0,0,0,0,0,0,0.000186463,0,0.000186463,0,0.000186463,0.000932314,0.000559388,0.000372926,0.00391572,0.0029834,0.00130524,0.000932314,0.00223755,0.00354279,0.00167817,0.0029834,0.00279694,0.000186463,0.000372926,0.914414,0.0050345,0.00522096,0.0080179,0,0.000745851,0,0.00261048,0.000186463,0.00876375,0.000559388,0.000186463,0.0139847,0.0050345,0,0.000186463,0,0,0.00876375,0.000932314,0,0,0,0,0,0,0,0,0,0,0,0,0,0,0,0,0,0,0,0,0,0,0,0,0,0,0,0,0,0
4100,0,0,0,0,0,0,0,0,0,0,0,0,0,0,0,0,0,0,0,0,0,0,0,0,0,0,0,0,0,0,0,0.000791452,0.000197863,0,0,0,0,0,0.000593589,0.00257222,0.000593589,0.0015829,0.00118718,0.00435299,0.00415512,0,0.0015829,0.00316581,0,0,0.928176,0.00554017,0.0037594,0.0037594,0.00316581,0.00178077,0,0.000989315,0,0.00435299,0,0.000197863,0.0146419,0.00474871,0,0,0.0015829,0.000197863,0,0.00613376,0,0,0.000197863,0,0,0,0,0,0,0,0,0,0,0,0,0,0,0,0,0,0,0,0,0,0,0,0,0,0,0
4150,0,0,0,0,0,0,0,0,0,0,0,0,0,0,0,0,0,0,0,0,0,0,0,0,0,0,0,0,0,0,0,0.00282433,0,0,0.000941442,0,0.000564865,0.000376577,0.000753154,0.0032009,0.00131802,0.00244775,0.000753154,0.00922613,0.00395406,0,0.00583694,0.00828469,0,0.0016946,0.890416,0.000941442,0.00640181,0.00225946,0,0.00244775,0,0,0,0.000753154,0.000376577,0.00225946,0.0248541,0.0205234,0,0,0.00621352,0,0,0,0,0,0.000376577,0,0,0,0,0,0,0,0,0,0,0,0,0,0,0,0,0,0,0,0,0,0,0,0,0,0,0
4200,0,0,0,0,0,0,0,0,0,0,0,0,0,0,0,0,0,0,0,0,0,0.000396511,0,0,0,0.000198255,0,0,0,0,0,0.0017843,0,0,0,0,0.000198255,0.000396511,0,0.000594766,0.00198255,0.000594766,0.00138779,0.00713719,0.00257732,0.00218081,0.00237906,0.000396511,0.00118953,0,0.92843,0.00396511,0.0035686,0.00198255,0,0.00297383,0,0.0017843,0.00158604,0.000594766,0,0.00138779,0.0188343,0.00495638,0,0,0.00495638,0,0.000594766,0.000991277,0,0,0,0,0,0,0,0,0,0,0,0,0,0,0,0,0,0,0,0,0,0,0,0,0,0,0,0,0,0
4250,0,0,0,0,0,0,0,0,0,0,0,0,0,0,0,0,0,0,0,0,0,0,0,0,0,0.000189934,0,0,0,0,0,0,0,0,0,0,0.000569801,0.0011396,0,0.00151947,0.0022792,0.000379867,0.000379867,0.00208927,0.00512821,0.00151947,0.00569801,0,0.00189934,0.00208927,0.915859,0.00132953,0.00151947,0.00265907,0,0.00189934,0.000189934,0.0022792,0.00265907,0.000379867,0.000949668,0,0.0235518,0.00930674,0,0,0.00683761,0.0022792,0.00189934,0.00151947,0,0,0,0,0,0,0,0,0,0,0,0,0,0,0,0,0,0,0,0,0,0,0,0,0,0,0,0,0,0
4300,0,0,0,0,0,0,0,0,0,0,0,0,0,0,0,0,0,0,0,0,0,0,0,0,0.00059512,0,0,0,0,0,0,0,0,0,0,0,0.000991867,0.000793493,0,0.00218211,0.00357072,0,0.00059512,0.00575283,0.00436421,0.00357072,0.000793493,0.00059512,0.00337235,0.00257885,0.9268,0.000198373,0.00238048,0.00277723,0.00119024,0.00059512,0,0.00059512,0.00138861,0,0.000198373,0,0.0140845,0.00694307,0,0,0.0105138,0,0.00257885,0,0,0,0,0,0,0,0,0,0,0,0,0,0,0,0,0,0,0,0,0,0,0,0,0,0,0,0,0,0,0
4350,0,0,0,0,0,0,0,0,0,0,0,0,0,0,0,0,0,0,0,0,0,0,0,0,0,0,0,0,0,0,0,0,0,0,0,0,0.00192678,0.000192678,0,0.00500963,0.00231214,0.000385356,0,0.0061657,0.0061657,0.0026975,0,0.00250482,0.00385356,0.00289017,0.920039,0.000385356,0.00211946,0.00308285,0.000192678,0,0.000578035,0.000963391,0.000192678,0.0026975,0.00192678,0,0.0111753,0.0121387,0,0,0.00924855,0,0.000770713,0.000385356,0,0,0,0,0,0,0,0,0,0,0,0,0,0,0,0,0,0,0,0,0,0,0,0,0,0,0,0,0,0
4400,0,0,0,0,0,0,0,0,0,0,0,0,0,0,0,0,0,0,0,0,0,0,0,0,0,0,0,0,0,0,0,0,0,0.00140309,0,0,0.00220485,0,0,0.00160353,0.000601323,0.00280617,0.0010022,0.00561235,0.00942073,0.000801764,0,0.000200441,0.00220485,0.00721587,0.91361,0.000400882,0.00120265,0.00501102,0,0.000200441,0.000400882,0.00741632,0,0.0088194,0.000601323,0,0.0104229,0.010022,0,0,0.00681499,0,0,0,0,0,0,0,0,0,0,0,0,0,0,0,0,0,0,0,0,0,0,0,0,0,0,0,0,0,0,0,0,0
4450,0,0,0,0,0,0,0,0,0,0,0,0,0,0,0,0,0,0,0,0,0,0,0,0,0,0,0,0,0,0,0,0,0,0,0.000397693,0,0,0,0,0.00139193,0,0.000795387,0.00338039,0.00357924,0.00357924,0.00059654,0.000397693,0.000397693,0.00059654,0.00536886,0.91211,0.000795387,0.00139193,0.00318155,0,0.00357924,0,0.0159077,0,0.00218731,0.00278385,0,0.0133227,0.0163054,0,0,0.00735733,0,0.000397693,0,0,0,0,0,0,0,0,0,0,0,0,0.000198847,0,0,0,0,0,0,0,0,0,0,0,0,0,0,0,0,0,0
4500,0,0,0,0,0,0,0,0,0,0,0,0,0,0,0,0,0,0,0,0,0,0,0,0,0,0,0,0,0,0,0,0,0,0,0.000529661,0,0.000176554,0,0.0022952,0,0,0.000529661,0.00158898,0.00141243,0.00105932,0.000529661,0,0.000176554,0,0.00423729,0.927966,0.00105932,0.00158898,0.00512006,0.00123588,0.00317797,0,0.00741525,0,0.000176554,0.0045904,0,0.0143008,0.0167726,0,0,0.00317797,0,0.000353107,0,0,0,0.000529661,0,0,0,0,0,0,0,0,0,0,0,0,0,0,0,0,0,0,0,0,0,0,0,0,0,0,0
4550,0,0,0,0,0,0,0,0,0,0,0,0,0,0,0,0,0,0,0,0,0,0,0,0,0,0,0,0,0,0,0,0,0,0,0.000743356,0,0,0,0,0.000929195,0.000371678,0.000185839,0.000743356,0.000743356,0.00223007,0,0,0.000185839,0.00111503,0.00464598,0.920833,0.000929195,0.000929195,0.00538933,0.00167255,0.00464598,0.00130087,0.00631853,0.000185839,0.000557517,0.0033451,0.000185839,0.0174689,0.0185839,0.000185839,0,0.00408846,0,0.000929195,0,0,0,0.000557517,0,0,0,0,0,0,0,0,0,0,0,0,0,0,0,0,0,0,0,0,0,0,0,0,0,0,0
4600,0,0,0,0,0,0,0,0,0,0,0,0,0,0,0,0,0,0,0,0,0,0,0,0,0,0,0,0,0,0,0,0,0,0,0.000764818,0,0.000191205,0,0.00286807,0.000191205,0.00133843,0.000382409,0,0.000191205,0.00382409,0.00210325,0.00133843,0.000191205,0,0.00458891,0.906501,0,0.00114723,0.00191205,0,0.00956023,0.000573614,0.00707457,0.000191205,0.00286807,0.00516252,0,0.014914,0.0217973,0,0,0.00573614,0.0042065,0,0,0,0,0,0,0,0.000382409,0,0,0,0,0,0,0,0,0,0,0,0,0,0,0,0,0,0,0,0,0,0,0,0
4650,0,0,0,0,0,0,0,0,0,0,0,0,0,0,0,0,0,0,0,0,0,0,0,0,0,0,0,0,0,0,0,0,0,0,0.000205677,0,0,0.000411353,0.000822707,0.00123406,0.0026738,0,0.00102838,0.00061703,0.00226244,0.000205677,0.00390786,0.00123406,0.00164541,0.00143974,0.9239,0.000205677,0.000205677,0.00246812,0,0.0115179,0,0.00390786,0,0.00164541,0.00596462,0,0.0135747,0.0109009,0,0.00102838,0.00493624,0.00143974,0.000205677,0,0,0,0,0,0,0.000411353,0,0,0,0,0,0,0,0,0,0,0,0,0,0,0,0,0,0,0,0,0,0,0,0
4700,0,0,0,0,0,0,0,0,0,0,0,0,0,0,0,0,0,0,0,0,0,0,0,0,0,0,0,0,0,0,0,0,0.000209161,0,0.00125497,0.00125497,0,0.000209161,0,0.00292826,0.00146413,0.000836645,0.000209161,0.00292826,0.000627484,0,0.0027191,0.000209161,0.000209161,0.00230077,0.936415,0.00104581,0.000209161,0.000209161,0.000627484,0.00711148,0.000627484,0.0037649,0.000418323,0.00250994,0.00627484,0,0.00878477,0.006484,0,0.000627484,0.00481071,0.00250994,0,0,0,0,0,0,0,0.000209161,0,0,0,0,0,0,0,0,0,0,0,0,0,0,0,0,0,0,0,0,0,0,0,0
4750,0,0,0,0,0,0,0,0,0,0,0,0,0,0,0,0,0,0,0,0,0,0,0,0,0,0,0,0.000636132,0,0,0,0.000212044,0,0,0,0,0.000636132,0,0.00127226,0.00233249,0.000424088,0.00360475,0.000636132,0.00487701,0.00636132,0.000212044,0.000424088,0.000424088,0.000212044,0.00212044,0.915394,0.00148431,0,0.000424088,0.000212044,0.00614928,0.00212044,0.000636132,0,0.00318066,0.00381679,0.00127226,0.0137829,0.0122986,0,0,0.00487701,0.00678541,0,0,0,0,0,0,0,0.00318066,0,0,0,0,0,0,0,0,0,0,0,0,0,0,0,0,0,0,0,0,0,0,0,0
4800,0,0,0,0,0,0,0,0,0,0,0,0,0,0,0,0,0,0,0,0,0,0,0,0,0,0,0,0,0,0,0,0,0,0,0,0,0.00171453,0,0,0.000428633,0.000857265,0.00300043,0.000857265,0.0102872,0.000428633,0.000428633,0.00192885,0.000642949,0,0.00450064,0.906987,0.00150021,0.000214316,0.000857265,0,0.00342906,0.00364338,0.00342906,0.00364338,0.00514359,0.00621517,0.000857265,0.0150021,0.0111444,0.000214316,0,0.00985855,0.000214316,0,0,0,0,0,0,0,0.00235748,0.000214316,0,0,0,0,0,0,0,0,0,0,0,0,0,0,0,0,0,0,0,0,0,0,0
4850,0,0,0,0,0,0,0,0,0,0,0,0,0,0,0,0,0,0,0,0,0,0,0,0,0,0,0,0,0,0,0,0.000229674,0,0,0,0.00114837,0,0.00114837,0,0,0.000689022,0.0096463,0.00137804,0.00620119,0,0.00160772,0.000459348,0.00114837,0,0.00229674,0.911116,0.000918695,0,0.00482315,0,0.000689022,0.00137804,0.0128617,0.00229674,0.00344511,0.00987598,0,0.011254,0.00689022,0.00160772,0,0.00367478,0,0,0,0,0,0,0,0,0,0.00321543,0,0,0,0,0,0,0,0,0,0,0,0,0,0,0,0,0,0,0,0,0,0,0
4900,0,0,0,0,0,0,0,0,0,0,0,0,0,0,0,0,0,0,0,0,0,0,0,0,0,0,0,0,0,0,0,0,0,0,0,0,0.000443754,0,0,0.00332816,0.00133126,0.0048813,0.000221877,0.00710007,0,0.00266252,0,0,0.00221877,0.00199689,0.910805,0,0,0.00110939,0,0.00221877,0.00110939,0.00532505,0.00244065,0.00310628,0.00798757,0,0.0148658,0.00221877,0.00665631,0,0.0148658,0,0,0,0,0,0,0,0,0,0.00310628,0,0,0,0,0,0,0,0,0,0,0,0,0,0,0,0,0,0,0,0,0,0,0
4950,0,0,0,0,0,0,0,0,0,0,0,0,0,0,0,0,0,0,0,0,0,0,0,0,0.000224165,0,0,0,0,0,0,0,0,0.00134499,0,0.00179332,0,0,0,0.00201748,0.00313831,0.00201748,0,0.00560412,0,0.00089666,0,0.00044833,0.000224165,0.00246581,0.915266,0.000224165,0.00089666,0.00291414,0,0.00089666,0.00179332,0,0.00806994,0.00044833,0.0161399,0,0.0125532,0.00425913,0.00246581,0,0.00963909,0,0,0.000224165,0,0,0,0,0,0.0038108,0.000224165,0,0,0,0,0,0,0,0,0,0,0,0,0,0,0,0,0,0,0,0,0,0,0
5000,0,0,0,0,0,0,0,0,0,0,0,0,0,0,0,0,0,0,0,0,0,0,0,0,0,0,0,0,0,0,0,0.00023359,0,0.00023359,0,0.00210231,0,0,0.000700771,0,0,0.00256949,0,0.00840925,0,0.00140154,0,0.000934361,0.000467181,0.00537258,0.899089,0.00116795,0.000467181,0.0114459,0.000467181,0.00116795,0.00420463,0.000934361,0.00350385,0,0.0137818,0.000467181,0.0242934,0.00373744,0.00023359,0.000467181,0.00887643,0,0.0023359,0,0,0,0,0,0,0.000934361,0,0,0,0,0,0,0,0,0,0,0,0,0,0,0,0,0,0,0,0,0,0,0,0
5050,0,0,0,0,0,0,0,0,0,0,0,0,0,0,0,0,0,0,0,0,0,0,0,0,0,0,0,0,0,0.000893655,0,0,0,0.000223414,0,0.000446828,0.000223414,0,0,0.000446828,0.000223414,0.0015639,0,0.00402145,0.00223414,0.00513852,0.000670241,0.00268097,0.00201072,0.00134048,0.924933,0.00223414,0.000446828,0.00379803,0.000446828,0.000893655,0.0015639,0.00290438,0,0.000446828,0.00536193,0.000223414,0.0180965,0.00245755,0,0.000223414,0.0138517,0,0,0,0,0,0,0,0,0,0,0,0,0,0,0,0,0,0,0,0,0,0,0,0,0,0,0,0,0,0,0,0,0
5100,0,0,0,0,0,0,0,0,0,0,0,0,0,0,0,0,0,0,0,0,0,0,0,0,0,0,0,0,0,0,0,0,0.000427716,0,0,0.00106929,0,0,0,0.000855432,0.00106929,0.0025663,0,0.00513259,0.00470488,0.00213858,0.00128315,0.00106929,0.00128315,0.00641574,0.910393,0.000213858,0,0.000213858,0.0025663,0,0.000427716,0.00320787,0,0.00128315,0.00769889,0,0.0365697,0.000213858,0,0,0.00919589,0,0,0,0,0,0,0,0,0,0,0,0,0,0,0,0,0,0,0,0,0,0,0,0,0,0,0,0,0,0,0,0,0
5150,0,0,0,0,0,0,0,0,0,0,0,0,0,0,0,0,0,0,0,0,0,0,0,0,0,0,0,0,0,0,0,0,0,0,0,0.00127038,0,0.00021173,0,0.00296422,0.00614017,0.00359941,0.00042346,0.00359941,0.00190557,0.00021173,0.000635189,0.00127038,0.000846919,0.00169384,0.924412,0.00190557,0.00148211,0.00444633,0.0021173,0,0,0,0,0.00021173,0.00402287,0,0.0196909,0.00381114,0.00021173,0.00021173,0.0099513,0,0.00105865,0.000846919,0,0,0,0,0,0,0.00021173,0,0,0,0.000635189,0,0,0,0,0,0,0,0,0,0,0,0,0,0,0,0,0,0,0
5200,0,0,0,0,0,0,0,0,0,0,0,0,0,0,0,0,0,0,0,0,0,0,0,0,0,0,0,0,0,0,0,0,0,0,0,0.000421941,0,0,0.000632911,0.000421941,0.00274262,0.000632911,0.00021097,0.00506329,0.00147679,0.00126582,0.000421941,0.00126582,0.000421941,0.00400844,0.917511,0,0.00147679,0.0035865,0,0.00021097,0.000421941,0.00295359,0,0.00379747,0.00675105,0,0.0204641,0.00189873,0,0.00021097,0.0113924,0,0.0021097,0,0,0,0.00126582,0,0,0,0.00696203,0,0,0,0,0,0,0,0,0,0,0,0,0,0,0,0,0,0,0,0,0,0,0
5250,0,0,0,0,0,0,0,0,0,0,0,0,0,0,0,0,0,0,0,0,0,0,0,0,0,0,0,0,0,0,0,0,0.00160957,0.000459876,0,0.00413888,0,0,0,0,0.000689814,0.00137963,0.000459876,0.00643826,0.000689814,0.00275926,0.00298919,0.00114969,0.00160957,0.00206944,0.893309,0.00114969,0.00275926,0.00390894,0.00344907,0.00459876,0.000229938,0.0048287,0,0.00252932,0.00436882,0.000229938,0.0137963,0,0,0.000229938,0.014716,0,0.011037,0,0,0,0.000919752,0,0,0,0.0114969,0,0,0,0,0,0,0,0,0,0,0,0,0,0,0,0,0,0,0,0,0,0,0
5300,0,0,0,0,0,0,0,0,0,0,0,0,0,0,0,0,0,0,0,0,0,0,0,0,0.000218723,0,0,0,0,0,0,0,0.000874891,0,0,0.00328084,0.000218723,0.000218723,0,0.00218723,0.00349956,0,0.000437445,0.0133421,0.00284339,0.00656168,0.0019685,0,0.000656168,0.00218723,0.877078,0.000656168,0,0.00656168,0.000874891,0.00240595,0.000218723,0.00809274,0,0.00568679,0.00240595,0,0.0129046,0,0,0.00131234,0.0177165,0,0.0164042,0,0,0,0.00393701,0.000874891,0,0,0.00437445,0,0,0,0,0,0,0,0,0,0,0,0,0,0,0,0,0,0,0,0,0,0,0
5350,0,0,0,0,0,0,0,0,0,0,0,0,0,0,0,0,0,0,0,0,0,0,0,0,0,0,0,0,0,0,0,0,0.000420875,0,0,0.003367,0,0.000210438,0,0.00252525,0.00147306,0.000631313,0.000420875,0.0105219,0.00652357,0.00189394,0.000631313,0.000210438,0.00210438,0.00484007,0.900253,0.00126263,0,0.00820707,0,0.00462963,0.00189394,0.00862795,0.000841751,0.00105219,0.0016835,0,0.00315657,0,0,0.000841751,0.0140993,0,0.0124158,0,0,0,0,0,0,0,0.00526094,0,0,0,0,0,0,0,0,0,0,0,0,0,0,0,0,0,0,0,0,0,0,0
5400,0,0,0,0,0,0,0,0,0,0,0,0,0,0,0,0,0,0,0,0,0,0,0,0,0,0,0,0,0.000216591,0,0,0,0.000866363,0.000216591,0,0.00108295,0.000433182,0.000649773,0,0.00519818,0.0023825,0.000216591,0.00108295,0.00736409,0.00216591,0.000649773,0,0.000649773,0.00216591,0.00606454,0.907516,0.000216591,0.000216591,0.00606454,0,0.000433182,0.00151614,0.0129955,0.000433182,0,0.00108295,0,0.00801386,0,0,0,0.0205761,0,0.00389864,0,0,0,0,0.00151614,0,0,0.00411523,0,0,0,0,0,0,0,0,0,0,0,0,0,0,0,0,0,0,0,0,0,0,0
5450,0,0,0,0,0,0,0,0,0,0,0,0,0,0,0,0,0,0,0,0,0,0,0,0,0,0,0,0,0,0,0,0,0.00104976,0,0,0.000629855,0.00146966,0.000209952,0,0.00398908,0.00230947,0,0,0.00692841,0.000209952,0.000419903,0,0.00440899,0.00314928,0.00272937,0.920848,0.000419903,0.000629855,0.00314928,0,0.000419903,0.00377913,0.0111274,0,0.000209952,0.00146966,0,0.00797817,0,0,0.000419903,0.017216,0,0.00377913,0,0,0,0,0,0,0,0.00104976,0,0,0,0,0,0,0,0,0,0,0,0,0,0,0,0,0,0,0,0,0,0,0
5500,0,0,0,0,0,0,0,0,0,0,0,0,0,0,0,0,0,0,0,0,0,0,0,0,0,0,0,0,0,0,0.000203791,0,0.000203791,0,0,0.0022417,0.000203791,0.00183411,0.000203791,0.00183411,0.00183411,0.000407581,0.000611372,0.00631751,0.00387202,0,0.000815162,0.00101895,0.0042796,0.000611372,0.905034,0.000611372,0,0.00631751,0.00142653,0.00529855,0.00692888,0.00631751,0.000815162,0.00244549,0.00101895,0,0.00590992,0,0,0.000203791,0.0230283,0,0.00183411,0.000203791,0,0,0,0,0,0,0.00509476,0,0,0,0.00101895,0,0,0,0,0,0,0,0,0,0,0,0,0,0,0,0,0,0,0
5550,0,0,0,0,0,0,0,0,0,0,0,0,0,0,0,0,0,0,0,0.000216123,0,0,0,0,0,0,0,0,0,0,0,0,0,0.00108061,0.000432246,0.000432246,0.000216123,0.00108061,0.000432246,0.00410633,0.00237735,0.00151286,0.000432246,0.00497082,0.0047547,0.000216123,0.00302572,0.0047547,0.00237735,0.00345796,0.893884,0.00129674,0.00129674,0.00929328,0.00129674,0.000216123,0.00259347,0.00994165,0.000648368,0.00302572,0.00432246,0.000432246,0.00929328,0,0,0,0.019451,0,0.00345796,0,0,0,0,0.000648368,0,0,0.00172898,0,0,0,0.00129674,0,0,0,0,0,0,0,0,0,0,0,0,0,0,0,0,0,0,0
5600,0,0,0,0,0,0,0,0,0,0,0,0,0,0,0,0,0,0,0,0,0,0,0,0,0,0,0,0,0,0,0,0,0,0.000413565,0,0.00144748,0.000206782,0.00144748,0,0.00144748,0.00082713,0.00206782,0.000620347,0.00930521,0.00144748,0,0.00372208,0.00392887,0.00330852,0,0.918321,0,0.00268817,0.00165426,0.000413565,0,0.00103391,0.00392887,0.00165426,0.00227461,0.00289495,0.00310174,0.0111663,0,0,0.00206782,0.0101323,0,0.000620347,0,0,0,0,0.000413565,0,0,0.00186104,0,0,0,0.00558313,0,0,0,0,0,0,0,0,0,0,0,0,0,0,0,0,0,0,0
5650,0,0,0,0,0,0,0,0,0,0,0,0,0,0,0,0,0,0,0,0,0,0,0,0,0,0,0,0,0,0,0,0.000231267,0.000462535,0.000231267,0,0,0.00115634,0,0,0,0.00208141,0.00185014,0.00161887,0.0106383,0.00277521,0,0.00208141,0.00346901,0.00393154,0.0013876,0.909343,0.000462535,0.00393154,0.00647549,0.00161887,0.000231267,0.000462535,0.00485661,0.00208141,0.00323774,0.00231267,0.00185014,0.0157262,0,0,0.00185014,0.00601295,0,0.00439408,0,0,0,0,0.00185014,0,0,0.000231267,0,0,0,0.00115634,0,0,0,0,0,0,0,0,0,0,0,0,0,0,0,0,0,0,0
5700,0,0,0,0,0,0,0,0,0,0,0,0,0,0,0,0,0,0,0,0,0,0,0,0,0,0,0,0,0,0,0,0,0,0.00386414,0.000406752,0,0,0,0,0,0.000406752,0,0.000610128,0.00874517,0.00101688,0,0,0.000203376,0.00122026,0.00305064,0.927598,0,0.00833842,0.00122026,0.000406752,0.00101688,0,0.00671141,0.000813504,0.00325402,0.00101688,0,0.0166768,0.000406752,0,0.00467765,0.00101688,0,0.000406752,0.00162701,0,0,0,0,0,0,0.00203376,0,0,0,0.00325402,0,0,0,0,0,0,0,0,0,0,0,0,0,0,0,0,0,0,0
5750,0,0,0,0,0,0,0,0,0,0,0,0,0,0,0,0,0,0,0,0,0,0,0,0,0,0,0,0,0.000214041,0,0,0,0,0.000642123,0,0,0,0,0.000214041,0.00449486,0.00256849,0.00192637,0.00149829,0.00620719,0.00406678,0.000214041,0.00192637,0,0,0.00235445,0.906678,0,0.010488,0.0036387,0.000214041,0.00107021,0.00299658,0.00449486,0,0.00171233,0.00192637,0.00599315,0.020976,0,0,0.00856164,0,0,0,0.00214041,0,0,0,0,0,0.000214041,0.00256849,0,0,0,0,0,0,0,0,0,0,0,0,0,0,0,0,0,0,0,0,0,0,0
5800,0,0,0,0,0,0,0,0,0,0,0,0,0,0,0,0,0,0,0,0,0,0,0,0,0,0,0,0,0,0,0,0.00123102,0,0.000410341,0,0.00020517,0,0,0.000615511,0.00123102,0.00020517,0.00143619,0.00266721,0.0075913,0.000410341,0.00225687,0.00287238,0.000820681,0,0.00102585,0.914444,0,0.00348789,0.00533443,0.000615511,0.00143619,0.00123102,0.00184653,0,0.00225687,0.00225687,0.0129257,0.0217481,0,0,0.00594994,0,0,0,0.000820681,0,0,0,0,0,0,0.00266721,0,0,0,0,0,0,0,0,0,0,0,0,0,0,0,0,0,0,0,0,0,0,0
5850,0,0,0,0,0,0,0,0,0,0,0,0,0,0,0,0,0,0,0,0,0,0,0,0,0,0,0,0,0,0,0,0,0.000408163,0.00163265,0,0,0,0,0.000204082,0.00183673,0.000204082,0.000408163,0.00183673,0.0055102,0.00285714,0.00183673,0.00142857,0.000816327,0,0.00163265,0.933878,0,0.00265306,0.00367347,0.000204082,0.00346939,0.000408163,0.00734694,0.00142857,0.00306122,0.00530612,0.00306122,0.00897959,0,0,0.00163265,0,0,0.000204082,0,0,0,0,0,0,0,0.00408163,0,0,0,0,0,0,0,0,0,0,0,0,0,0,0,0,0,0,0,0,0,0,0
5900,0,0,0,0,0,0,0,0,0,0,0,0,0,0,0,0,0.000195389,0,0,0,0,0,0,0,0,0,0,0,0,0,0.000195389,0,0.000586166,0,0.000195389,0,0,0,0.000781555,0.00332161,0.000390778,0.00156311,0.003517,0.00468933,0.00195389,0.00332161,0.000976944,0,0.000976944,0.00390778,0.911489,0,0.00957405,0.00117233,0.000390778,0.00136772,0.000390778,0.0119187,0.00273544,0.00820633,0.00859711,0.000195389,0.0138726,0,0.000195389,0,0.000390778,0.000586166,0,0,0,0,0,0,0,0,0.00234467,0,0,0,0,0,0,0,0,0,0,0,0,0,0,0,0,0,0,0,0,0,0,0
5950,0,0,0,0,0,0,0,0,0,0,0,0,0,0,0,0,0.000614125,0,0,0,0,0,0,0,0,0,0,0,0,0.000409417,0.000204708,0,0.000409417,0.000204708,0,0.00143296,0.000204708,0,0.000204708,0.00450358,0.000614125,0.000204708,0.00552712,0.00962129,0.00225179,0.00204708,0.0024565,0.00184237,0.00143296,0.00184237,0.917503,0,0.00307062,0.00102354,0.00286592,0.000614125,0,0.0102354,0.000818833,0.00880246,0.0073695,0,0.00511771,0.000204708,0.00143296,0,0.000204708,0.00122825,0.000818833,0,0,0,0,0,0,0,0.00266121,0,0,0,0,0,0,0,0,0,0,0,0,0,0,0,0,0,0,0,0,0,0,0
6000,0,0,0,0,0,0,0,0,0,0,0,0,0,0,0,0,0,0,0,0,0,0,0,0,0,0,0,0,0.000201572,0,0,0,0,0.000403145,0,0.000403145,0.000201572,0,0.000604717,0.00262044,0.00322516,0.00241887,0.00282201,0.00463616,0.00282201,0.00201572,0.00181415,0.00201572,0.00100786,0.00221729,0.919774,0.000403145,0.00120943,0.00262044,0.00483773,0.000201572,0.000201572,0.0108849,0.00141101,0.0122959,0.00141101,0,0.0118928,0,0,0,0,0.000403145,0.000403145,0,0,0,0.000806289,0,0,0,0.00181415,0,0,0,0,0,0,0,0,0,0,0,0,0,0,0,0,0,0,0,0,0,0,0
6050,0,0,0,0,0,0,0,0,0,0,0,0,0,0,0,0,0,0,0,0,0,0,0,0,0,0,0,0,0,0,0,0,0,0,0,0.000202061,0,0,0,0.00767832,0,0,0.00525359,0.00222267,0.00141443,0.00767832,0.000404122,0.00202061,0.00101031,0.00545565,0.903213,0.000606183,0,0.0036371,0.00202061,0.000606183,0.0036371,0.0109113,0,0.00646595,0.00242473,0.000404122,0.0189937,0,0,0.00262679,0,0,0.00969893,0,0,0,0,0,0,0,0.00141443,0,0,0,0,0,0,0,0,0,0,0,0,0,0,0,0,0,0,0,0,0,0,0
6100,0,0,0,0,0,0,0,0,0,0,0,0,0,0,0,0,0,0,0,0,0,0,0,0,0,0,0,0,0,0,0,0,0,0.000196696,0.000196696,0,0.000196696,0.000983478,0,0.00275374,0.00137687,0,0.00531078,0.00314713,0.00118017,0.00216365,0.00314713,0.00511408,0.00137687,0.000786782,0.891227,0.00413061,0.00118017,0.00314713,0,0.000983478,0.00275374,0.0086546,0.00157356,0.00845791,0.000786782,0,0.0287175,0,0,0.00236035,0,0,0.00196696,0,0,0,0,0.000196696,0,0,0.0159323,0,0,0,0,0,0,0,0,0,0,0,0,0,0,0,0,0,0,0,0,0,0,0
6150,0,0,0,0,0,0,0,0,0,0,0,0,0,0,0,0,0,0,0,0,0,0,0,0,0,0,0,0,0,0,0,0,0.00146138,0,0,0,0,0,0.00146138,0.000208768,0.00187891,0.000208768,0.00125261,0.00187891,0.00167015,0.00271399,0,0.00772443,0.000835073,0,0.891232,0,0.00334029,0.0148225,0.00104384,0.00271399,0.00354906,0.00793319,0.00229645,0.0141962,0.00167015,0.000626305,0.0221294,0.000208768,0,0.00208768,0,0,0.00354906,0,0,0,0,0,0,0,0.00730689,0,0,0,0,0,0,0,0,0,0,0,0,0,0,0,0,0,0,0,0,0,0,0
6200,0,0,0,0,0,0,0,0,0,0,0,0,0,0,0,0,0,0,0,0,0,0,0,0,0,0,0,0,0,0,0,0,0.00104976,0,0,0.000209952,0.00104976,0,0.00356918,0.000629855,0.00188957,0,0.00104976,0.00356918,0.00167961,0.000209952,0,0.00209952,0.00251942,0.000209952,0.933655,0.000419903,0,0.0136469,0.000419903,0.000839807,0.00692841,0.00356918,0,0.00461894,0.00293932,0.00125971,0.00692841,0,0,0.000839807,0.000419903,0,0.00251942,0.000209952,0,0,0,0,0,0,0.00104976,0,0,0,0,0,0,0,0,0,0,0,0,0,0,0,0,0,0,0,0,0,0,0
6250,0,0,0,0,0,0,0,0,0,0,0,0,0,0,0,0,0,0,0,0,0,0,0,0,0,0,0,0,0.00062435,0.000208117,0,0,0.000416233,0.000416233,0,0.000416233,0,0.00062435,0.00457856,0.000208117,0.00062435,0.000208117,0.0012487,0.00457856,0.00145682,0.00104058,0.00145682,0.00270552,0.000208117,0.00312175,0.914672,0,0.0012487,0.00478668,0,0.00686785,0.00978148,0.00145682,0.000832466,0.0166493,0.0012487,0.0012487,0.0104058,0.000208117,0,0,0.000416233,0,0.00416233,0.000832466,0,0,0.000208117,0,0,0,0,0,0,0,0.000208117,0,0,0,0,0,0,0,0.00062435,0,0,0,0,0,0,0,0,0,0,0
6300,0,0,0,0,0,0,0,0,0,0,0,0,0,0,0,0,0,0,0,0,0,0,0,0,0,0,0,0,0.000605449,0,0,0.000807265,0,0,0,0.000403633,0,0.000201816,0.0024218,0.00161453,0.00161453,0.000403633,0,0.00282543,0.000403633,0.00181635,0.00100908,0.00524723,0.000403633,0.00161453,0.910595,0.000201816,0.00565086,0.000403633,0.000605449,0.00423814,0.00625631,0.00544904,0.000807265,0.0165489,0,0.00100908,0.0125126,0.000201816,0.000201816,0.000605449,0.00443996,0,0.00645812,0.0012109,0.000403633,0,0.000807265,0,0,0,0,0,0,0,0,0,0,0,0,0,0,0,0,0,0,0,0,0,0,0,0,0,0,0
6350,0,0,0,0,0,0,0,0,0,0,0,0,0,0,0,0,0,0,0,0,0,0,0,0,0,0,0,0,0,0,0,0.000441501,0.00154525,0,0,0.00331126,0,0.000883002,0.000662252,0.00198675,0.00573951,0.00198675,0.000220751,0.00596026,0,0.000662252,0.000441501,0.00706402,0.000220751,0.00220751,0.902428,0.000441501,0.00286976,0.000441501,0,0.000883002,0.00772627,0.001766,0.00397351,0.0152318,0.00264901,0.00110375,0.0136865,0.000883002,0,0.000220751,0.00375276,0,0.00618102,0.0013245,0,0,0,0,0,0,0,0,0,0,0,0,0,0,0,0,0,0,0.00110375,0,0,0,0,0,0,0,0,0,0,0
6400,0,0,0,0,0,0,0,0,0,0,0,0,0,0,0,0,0,0,0,0,0,0,0,0,0,0,0,0,0.000621118,0,0,0.000207039,0.00144928,0.000828157,0,0.000621118,0,0,0,0.0010352,0.000828157,0,0.000828157,0.000828157,0,0.000414079,0.000828157,0.00434783,0,0.00621118,0.90207,0.00496894,0.00538302,0.00434783,0.000414079,0.00248447,0.00828157,0.00434783,0.00289855,0.00703934,0.00186335,0.000828157,0.0194617,0.00144928,0,0.000414079,0.0010352,0,0.00289855,0.00269151,0,0,0.0010352,0.00517598,0,0,0,0,0,0,0,0,0,0,0,0,0,0,0.00186335,0,0,0,0,0,0,0,0,0,0,0
6450,0,0,0,0,0,0,0,0,0,0,0,0,0,0,0,0,0,0,0,0,0,0,0.000875465,0.000218866,0,0,0,0,0,0,0,0,0.00175093,0.00175093,0,0.000875465,0,0.00153206,0.000875465,0,0.000218866,0.000437733,0.000437733,0.00175093,0.000437733,0,0.00284526,0.00218866,0,0.0019698,0.89188,0.00503392,0.00175093,0.00569052,0,0.0102867,0.011381,0.00634712,0.0013132,0.00831692,0.000656599,0.0013132,0.0151018,0.000437733,0,0.00218866,0.00240753,0,0.00722259,0.00109433,0,0,0.00153206,0.00569052,0,0,0,0,0,0,0,0,0,0,0,0,0,0,0.00218866,0,0,0,0,0,0,0,0,0,0,0
6500,0,0,0,0,0,0,0,0,0,0,0,0,0,0,0,0,0,0,0,0,0,0,0,0,0,0,0,0,0,0,0,0.00240048,0.0020004,0.00260052,0,0.00160032,0.00060012,0.00320064,0.00120024,0.00120024,0.00060012,0.00040008,0.00360072,0.00380076,0.00020004,0,0.00260052,0.00380076,0.00220044,0.00280056,0.89878,0.0020004,0.00240048,0.00860172,0.00060012,0.00340068,0.0142028,0.0030006,0.00140028,0.0020004,0.00120024,0.00060012,0.0130026,0.00040008,0,0.00120024,0,0,0.00340068,0.00020004,0,0,0.0080016,0.00080016,0,0,0,0,0,0,0,0,0,0,0,0,0,0,0,0,0,0,0,0,0,0,0,0,0,0
6550,0,0,0,0,0,0,0,0,0,0,0,0,0,0,0,0,0,0,0,0,0,0,0,0,0,0,0,0,0,0,0,0,0.000991473,0.00118977,0.000991473,0.00416419,0.000594884,0,0.00594884,0.00138806,0.000793179,0.00198295,0.00218124,0.00138806,0.000793179,0.000396589,0.000793179,0.0035693,0.00317271,0.00158636,0.91513,0.0037676,0.00237954,0.00872497,0.000198295,0.00138806,0.00297442,0.00337101,0.000594884,0.00277613,0.00475907,0.000396589,0.00951814,0.000198295,0,0.000198295,0,0,0.000198295,0.000198295,0,0,0.010113,0.00118977,0,0,0,0,0,0,0,0,0,0,0,0,0,0,0,0,0,0,0,0,0,0,0,0,0,0
6600,0,0,0,0,0,0,0,0,0,0,0,0,0,0,0,0,0,0,0,0,0,0,0,0,0,0,0,0,0,0,0,0,0.000386324,0.00115897,0,0.00096581,0,0,0.00135213,0.00096581,0.000386324,0.00115897,0,0.00367008,0.000386324,0.000386324,0.00482905,0.0015453,0.00212478,0.000772648,0.929689,0.00251111,0.00772648,0.00849913,0,0.00096581,0.000772648,0.0040564,0.00096581,0.00251111,0.00656751,0,0.00540854,0.00173846,0.000193162,0.000193162,0.00135213,0,0,0,0,0,0.00463589,0.00212478,0,0,0,0,0,0,0,0,0,0,0,0,0,0,0,0,0,0,0,0,0,0,0,0,0,0
6650,0,0,0,0,0,0,0,0,0,0,0,0,0,0,0,0,0,0,0,0,0,0,0,0,0,0,0,0,0,0,0,0,0.000191461,0.00306337,0.000382922,0.00287191,0,0,0.00191461,0,0.00153169,0.000191461,0.00153169,0.000574383,0.000191461,0,0.00727551,0,0.000574383,0,0.917097,0.0044036,0.0112962,0.00727551,0,0,0.00555236,0.0101474,0.00478652,0.00306337,0.00516944,0,0.00402068,0.00268045,0.000574383,0.00153169,0,0,0,0.000382922,0,0,0.00134023,0.000382922,0,0,0,0,0,0,0,0,0,0,0,0,0,0,0,0,0,0,0,0,0,0,0,0,0,0
6700,0,0,0,0,0,0,0,0,0,0,0,0,0,0,0,0,0,0,0,0,0,0,0,0,0,0,0,0,0,0,0,0,0,0.00220832,0,0.00147221,0.000184026,0.00110416,0,0.000552079,0.00184026,0,0,0.000736106,0.00147221,0.000184026,0.0062569,0,0.00110416,0.000368053,0.909091,0.00220832,0.00920132,0.00828119,0,0.000184026,0.00312845,0.00772911,0.00368053,0.00883327,0.0108576,0,0,0.00791314,0.00257637,0.00165624,0,0,0,0.00128819,0,0,0.000184026,0.00570482,0,0,0,0,0,0,0,0,0,0,0,0,0,0,0,0,0,0,0,0,0,0,0,0,0,0
6750,0,0,0,0,0,0,0,0,0,0,0,0,0,0,0,0,0,0,0,0,0,0,0,0,0,0,0,0,0.000920132,0,0,0,0,0.000920132,0,0.000552079,0.000184026,0.000184026,0,0.000184026,0.00184026,0.000552079,0.00202429,0.00239234,0.00257637,0.00147221,0.00257637,0.00220832,0.00165624,0,0.920685,0.000736106,0.00331248,0.0126978,0.000552079,0,0.00791314,0.00588885,0.00220832,0.00460066,0.00588885,0,0.00147221,0.00312845,0.00110416,0.00110416,0.000368053,0,0,0.000552079,0,0,0,0.00717703,0,0,0,0,0,0,0,0,0,0,0,0,0,0,0.000368053,0,0,0,0,0,0,0,0,0,0,0
6800,0,0,0,0,0,0,0,0,0,0,0,0,0,0,0,0,0,0,0,0,0.000186081,0,0,0,0,0,0,0,0.000186081,0,0,0,0,0.000558243,0,0,0,0,0.000186081,0.000186081,0.000930406,0.000186081,0,0.00539635,0.00148865,0.00111649,0.00409378,0.000372162,0.0029773,0.000186081,0.923148,0.00186081,0.00223297,0.0104205,0.00241905,0.000558243,0.00911798,0.00632676,0.000558243,0.00651284,0.00409378,0,0.00148865,0.00427987,0.000930406,0.00186081,0.000372162,0,0,0.000930406,0,0,0,0.00465203,0,0,0,0,0,0,0,0,0,0,0,0,0,0,0.000186081,0,0,0,0,0,0,0,0,0,0,0
6850,0,0,0,0,0,0,0,0,0,0,0,0,0,0,0,0,0,0,0,0,0,0,0,0,0,0,0,0,0,0,0,0,0.000561693,0,0,0,0.000187231,0,0.000187231,0.000374462,0.00187231,0,0.000936154,0.00411908,0.000187231,0.00393185,0.00524246,0,0.000748923,0.00149785,0.914623,0.000936154,0.00205954,0.0181614,0.00280846,0.00112339,0.0159146,0.00505523,0.000187231,0.00131062,0.00524246,0.00112339,0.00224677,0.00468077,0,0.00262123,0.000748923,0,0,0,0,0,0.000561693,0.000561693,0,0,0,0,0.000187231,0,0,0,0,0,0,0,0,0,0,0,0,0,0,0,0,0,0,0,0,0
6900,0,0,0,0,0,0,0,0,0,0,0,0,0,0,0,0,0,0,0,0,0,0,0,0,0,0,0,0,0.000562324,0,0,0,0.000187441,0.00168697,0,0,0,0,0,0.000562324,0.00131209,0.00187441,0.0022493,0.00168697,0.000562324,0.0031865,0.00149953,0.00131209,0.00168697,0.000749766,0.920525,0,0.00449859,0.00749766,0.00299906,0.00206186,0.0099344,0.00974695,0.00168697,0.000187441,0.00356139,0.000937207,0.00187441,0.00824742,0,0.000562324,0,0,0.000187441,0,0,0,0.00112465,0.00281162,0,0,0.00131209,0.000187441,0,0,0,0,0,0,0,0,0,0,0,0,0,0,0,0.000937207,0,0,0,0,0,0
6950,0,0,0,0,0,0,0,0,0,0,0,0,0,0,0,0,0,0,0,0,0,0,0,0,0,0,0,0,0.000544761,0,0.000181587,0,0,0.00181587,0,0,0,0,0.000544761,0.00217904,0.00163428,0.00127111,0.00236063,0.00472126,0.000907935,0.00108952,0.000726348,0.00435809,0.00236063,0.00108952,0.885419,0,0.00326857,0.0152533,0.00381333,0.00272381,0.0108952,0.00490285,0.00526603,0.00526603,0.00690031,0.00163428,0.00635555,0.014527,0.000363174,0,0,0,0.000726348,0,0,0,0.00108952,0.00108952,0,0,0.00236063,0.00236063,0,0,0,0,0,0,0,0,0,0,0,0,0,0,0,0,0,0,0,0,0,0
7000,0,0,0,0,0,0,0,0,0,0,0,0,0,0,0,0,0,0,0,0,0,0,0,0,0,0,0.00108538,0,0.000180897,0,0,0,0.000361795,0.000542692,0.000180897,0,0.00108538,0,0.000361795,0.000361795,0.00162808,0.000542692,0.00777858,0.00397974,0,0.00217077,0.000180897,0.00271346,0.00108538,0.00271346,0.882779,0,0.000542692,0.0132055,0.000361795,0,0.00723589,0.0182706,0.00524602,0.00325615,0.00832127,0.00108538,0.0106729,0.0146527,0.00126628,0,0,0,0.000180897,0,0,0,0.000542692,0.00144718,0,0,0.00217077,0.00180897,0,0,0,0,0,0,0,0,0,0,0,0,0,0,0,0,0,0,0,0,0,0
7050,0,0,0,0,0,0,0,0,0,0,0,0,0,0,0,0,0,0,0,0,0,0,0,0,0,0,0,0,0.00123196,0,0,0,0,0,0,0,0,0,0.000879972,0.00123196,0.000351989,0,0.00140795,0.0061598,0.00140795,0.00175994,0.000175994,0.00228793,0.00404787,0.00123196,0.894403,0.000175994,0.00263992,0.0147835,0.00263992,0,0.00844773,0.00105597,0.0031679,0.000703977,0.00563182,0.00175994,0.0061598,0.0184794,0.00123196,0.00228793,0,0,0,0,0,0,0.00123196,0.00404787,0,0,0.00897571,0,0,0,0,0,0,0,0,0,0,0,0,0,0,0,0,0,0,0,0,0,0,0
7100,0,0,0,0,0,0,0,0,0,0,0,0,0,0,0,0,0,0,0,0,0,0,0,0,0,0,0,0,0.000372301,0,0,0,0,0,0,0.000372301,0,0,0.000372301,0.00260611,0.000558451,0,0.000930752,0.00502606,0.00372301,0.00018615,0.00204765,0.0022338,0.00819062,0.00335071,0.904691,0.00167535,0,0.00967982,0.00632911,0,0.00558451,0.00260611,0.00856292,0.000372301,0.00372301,0.00130305,0.00483991,0.0109829,0.00204765,0.000558451,0,0,0.000744602,0.00130305,0,0,0,0.00260611,0,0,0.00241996,0,0,0,0,0,0,0,0,0,0,0,0,0,0,0,0,0,0,0,0,0,0,0
7150,0,0,0,0,0,0,0,0,0,0,0,0,0,0,0,0,0,0,0,0,0,0,0,0,0,0,0,0,0.000189645,0,0,0,0,0.0020861,0,0.00170681,0.000758581,0,0,0.000948227,0.00113787,0.000189645,0.00246539,0.00151716,0.00455149,0.000568936,0.000948227,0.00303433,0.00587901,0.000379291,0.905746,0.0062583,0,0.00872369,0.00322397,0,0.00227574,0.00663759,0.00891333,0.000189645,0.000379291,0.00606865,0.00891333,0.0102408,0.000189645,0.000568936,0,0,0.000568936,0,0,0.000189645,0.000948227,0.00322397,0,0,0.000379291,0,0,0,0,0,0,0,0,0,0,0,0,0,0,0,0,0,0,0,0,0,0,0
7200,0,0,0,0,0,0,0,0,0,0,0,0,0,0,0,0,0,0,0,0,0,0,0,0,0,0,0,0,0.00136187,0,0,0,0,0.000389105,0,0.00291829,0.000583658,0,0,0.00136187,0,0.000972763,0.00389105,0.00252918,0.0036965,0.000583658,0.00194553,0.00272374,0.00350195,0.00155642,0.889883,0.007393,0.000972763,0.00972763,0.00252918,0.00214008,0.00719844,0.00992218,0.00972763,0.00136187,0.000194553,0.00155642,0.00291829,0.0169261,0.000972763,0.000972763,0.00077821,0,0.000194553,0,0,0.000583658,0.0040856,0.00155642,0,0,0,0.000389105,0,0,0,0,0,0,0,0,0,0,0,0,0,0,0,0,0,0,0,0,0,0
7250,0,0,0,0,0,0,0,0,0,0,0,0,0,0,0,0,0,0,0,0,0,0.000369004,0,0,0,0,0,0,0.00166052,0,0,0,0.000184502,0,0,0.000369004,0.000184502,0,0.000184502,0,0.000738007,0,0.000922509,0.00166052,0.00535055,0.000369004,0,0.000553506,0.00147601,0.00166052,0.897786,0.00553506,0.00516605,0.00645756,0.00258303,0.00258303,0.0123616,0.0121771,0.00830258,0.000553506,0,0,0.00258303,0.00830258,0.00461255,0.00295203,0.00110701,0,0,0,0,0,0.00811808,0.00313653,0,0,0,0,0,0,0,0,0,0,0,0,0,0,0,0,0,0,0,0,0,0,0,0,0,0
7300,0,0,0,0,0,0,0,0,0,0,0,0,0,0,0,0,0,0,0,0,0,0.000845487,0,0,0,0.000211372,0,0,0.00190235,0,0,0.000211372,0,0.00126823,0,0,0,0,0.000422744,0.00126823,0.00232509,0,0.00190235,0.00507292,0.00718664,0,0.00190235,0.000422744,0.00126823,0.0014796,0.897696,0.00253646,0.00591841,0.00803213,0.00465018,0.00126823,0.0141619,0.00612978,0.00169097,0.00338195,0.000422744,0.000845487,0.00232509,0.00401606,0.00359332,0.00697527,0.00105686,0,0,0.000211372,0,0,0.00317058,0.000634115,0,0.00126823,0.00232509,0,0,0,0,0,0,0,0,0,0,0,0,0,0,0,0,0,0,0,0,0,0,0
7350,0,0,0,0,0,0,0,0,0,0,0,0,0,0,0,0,0,0,0,0,0,0,0,0,0,0,0,0,0.00399441,0,0,0,0.00419413,0.000399441,0,0.00019972,0,0,0.00119832,0.0019972,0.00119832,0.000798882,0.00239664,0.00519273,0.00419413,0.00019972,0.00419413,0.00019972,0.000998602,0.00259637,0.87857,0.000998602,0.0103855,0.0193729,0.00539245,0,0.00758937,0.00339525,0.00419413,0.00139804,0.000798882,0.000399441,0.00699021,0.000998602,0.00379469,0.00399441,0.00399441,0,0,0,0,0,0.00818854,0.000798882,0,0.00279609,0.0019972,0,0,0,0,0,0,0,0,0,0,0,0,0,0,0,0,0,0,0,0,0,0,0
7400,0,0,0,0,0,0,0,0,0,0,0,0,0,0,0,0,0,0,0,0,0,0,0,0,0,0,0,0.000412116,0,0,0,0,0.000206058,0.00370905,0,0.000618174,0.00144241,0.000412116,0.00123635,0,0.00123635,0.000412116,0.00556357,0.00618174,0.0063878,0.00103029,0.00412116,0.000206058,0.000824232,0.00659386,0.875541,0,0.0111271,0.0195755,0.00473934,0,0.00350299,0.00103029,0.000618174,0.00206058,0.000824232,0.00164846,0.014012,0.00226664,0.00350299,0.00556357,0.00700598,0,0,0,0,0,0.00473934,0,0.000206058,0.000412116,0.000824232,0.000206058,0,0,0,0,0,0,0,0,0,0,0,0,0,0,0,0,0,0,0,0,0,0
7450,0,0,0,0,0,0,0,0,0,0,0,0,0,0,0,0,0,0,0,0,0,0,0,0.00019802,0,0,0,0,0.00039604,0,0,0,0.00237624,0.00118812,0,0.00039604,0.000594059,0.00158416,0.00217822,0.00019802,0.00277228,0,0.00534653,0.00534653,0.00336634,0.00178218,0.00118812,0.00019802,0.000792079,0.0108911,0.875644,0.00019802,0.010099,0.0168317,0,0.000594059,0.00277228,0.00316832,0.000594059,0.0049505,0.00554455,0.00435644,0.0188119,0.00455446,0.00118812,0.00277228,0.00435644,0,0,0,0,0,0,0.00019802,0,0.00257426,0,0,0,0,0,0,0,0,0,0,0,0,0,0,0,0,0,0,0,0,0,0,0,0
7500,0,0,0,0,0,0,0,0,0,0,0,0,0,0,0,0,0,0,0,0,0,0,0,0,0,0,0,0,0.000187266,0,0.000374532,0.000374532,0.000749064,0.000374532,0,0.000187266,0.000374532,0,0.0011236,0,0.00449438,0,0.00580524,0.00730337,0.00411985,0.000374532,0.00318352,0,0.00168539,0.000561798,0.874345,0.00131086,0.00805243,0.0088015,0.00224719,0.00243446,0.00561798,0.00355805,0.00243446,0.00374532,0.00805243,0.000187266,0.0245318,0.00449438,0.000187266,0.00655431,0.00730337,0,0,0,0,0,0,0.000374532,0,0.00355805,0.000561798,0.000374532,0,0,0,0,0,0,0,0,0,0,0,0,0,0,0,0,0,0,0,0,0,0
7550,0,0,0,0,0,0,0,0,0,0,0,0,0,0,0,0,0,0,0,0,0,0,0,0,0,0,0,0,0,0,0,0.000200321,0.000400641,0.00120192,0,0.000400641,0,0,0.0010016,0,0.00180288,0,0.00801282,0.0112179,0.00280449,0.00140224,0.00200321,0,0.00380609,0.00160256,0.878205,0.00180288,0.00460737,0.00580929,0.00180288,0.00340545,0.00200321,0.0128205,0.00200321,0,0.0104167,0,0.0178285,0.0078125,0,0.00480769,0.00821314,0,0,0,0,0,0,0.000600962,0,0.00200321,0,0,0,0,0,0,0,0,0,0,0,0,0,0,0,0,0,0,0,0,0,0,0,0
7600,0,0,0,0,0,0,0,0,0,0,0,0,0,0,0,0,0,0,0,0,0,0.00123737,0,0,0,0,0,0,0,0,0,0.000618684,0.00206228,0.000206228,0.000206228,0,0,0,0.000824912,0.00123737,0.00494947,0,0.00433079,0.00948649,0.0065993,0.0014436,0.00123737,0.000206228,0.00103114,0.00556816,0.888224,0.00288719,0.00618684,0.00639307,0.00103114,0.00103114,0.000206228,0.0154671,0.00164982,0,0.000824912,0.000824912,0.0179418,0.00474325,0.000412456,0.00329965,0.00763044,0,0,0,0,0,0,0,0,0,0,0,0,0,0,0,0,0,0,0,0,0,0,0,0,0,0,0,0,0,0,0,0,0
7650,0,0,0,0,0,0,0,0,0,0,0,0,0,0,0,0,0,0,0,0,0,0,0,0,0,0,0,0,0,0,0,0,0.00201207,0.000402414,0,0,0.000804829,0,0.00120724,0.00160966,0.0028169,0.000201207,0.00422535,0.0156942,0.00744467,0.000804829,0.000804829,0,0.000804829,0.00482897,0.886922,0.000201207,0.00724346,0.00684105,0,0.00442656,0.0028169,0.0120724,0.000804829,0.000804829,0.00301811,0.00201207,0.0122736,0.00965795,0,0.00140845,0.00583501,0,0,0,0,0,0,0,0,0,0,0,0,0,0,0,0,0,0,0,0,0,0,0,0,0,0,0,0,0,0,0,0,0
7700,0,0,0,0,0,0,0,0,0,0,0,0,0,0,0,0,0,0,0,0,0,0.000375728,0,0,0,0,0,0,0.000375728,0,0,0,0.00281796,0.000751456,0,0.000187864,0.00150291,0.000563592,0.000751456,0.00187864,0.0046966,0.000187864,0.00657524,0.00976893,0.00432087,0.0020665,0.000751456,0,0.00187864,0.00319369,0.89442,0.00093932,0.0046966,0.00338155,0.00225437,0.0020665,0.00488446,0.00695097,0,0.000563592,0.00864174,0.000563592,0.0131505,0.00413301,0,0.00244223,0.00807815,0,0,0,0.000187864,0,0,0,0,0,0,0,0,0,0,0,0,0,0,0,0,0,0,0,0,0,0,0,0,0,0,0,0,0
7750,0,0,0,0,0,0,0,0,0,0,0,0,0,0,0,0,0,0,0,0,0,0.000187723,0,0,0,0,0,0,0.00112634,0,0,0.000187723,0.000938615,0,0,0.000187723,0.000375446,0,0.00150178,0.000375446,0.00563169,0,0.00525624,0.00168951,0.00375446,0.000938615,0.00356674,0.000750892,0.000187723,0.00262812,0.895251,0.000563169,0.00732119,0.00675803,0.00450535,0.00168951,0.0114511,0.00675803,0.00206495,0.00431763,0.0125774,0.00206495,0.0120143,0,0,0.000563169,0.00168951,0,0,0,0,0,0,0.000938615,0.000187723,0,0,0,0,0,0,0,0,0,0,0,0,0,0,0,0,0,0,0,0,0,0,0,0,0
7800,0,0,0,0,0,0,0,0,0,0,0,0,0,0,0,0,0,0,0,0,0,0,0,0,0,0,0,0,0.000774144,0,0,0,0.000580608,0,0,0,0,0,0.000774144,0.00116122,0.00193536,0.000387072,0.00425779,0.00735436,0.00212889,0.00329011,0.00135475,0.00096768,0.000774144,0.00696729,0.889878,0,0.00561254,0.0224502,0.00367718,0,0.00658022,0.00638668,0.000580608,0.0048384,0.0112251,0.000387072,0.0096768,0.000774144,0,0.00116122,0.00406425,0,0,0,0,0,0,0,0,0,0,0,0,0,0,0,0,0,0,0,0,0,0,0,0,0,0,0,0,0,0,0,0,0
7850,0,0,0,0,0,0,0,0,0,0,0,0,0,0,0,0,0,0,0,0,0,0.00203402,0,0,0,0,0,0,0.000369822,0,0,0,0.000184911,0,0,0,0.000739645,0,0.000369822,0.00147929,0.00369822,0,0.00295858,0.00591716,0.0016642,0.000739645,0.00425296,0.00351331,0.00184911,0.00314349,0.892197,0.000924556,0.00388314,0.0120192,0.00591716,0.00221893,0.00739645,0.00610207,0.000739645,0.00647189,0.0147929,0,0.00702663,0,0.000554734,0.0016642,0.00462278,0,0,0,0,0,0,0,0,0,0,0.000554734,0,0,0,0,0,0,0,0,0,0,0,0,0,0,0,0,0,0,0,0,0,0
7900,0,0,0,0,0,0,0,0,0,0,0,0,0,0,0,0,0,0,0,0,0,0.000382409,0,0,0,0,0,0,0.000382409,0,0,0,0.000956023,0,0,0,0,0,0,0,0.00152964,0.00267686,0.0040153,0.00650096,0.00114723,0.00267686,0.00458891,0.0040153,0.00325048,0.000956023,0.898279,0.00267686,0.00535373,0.0133843,0.00267686,0.00114723,0.00478011,0.00439771,0.00152964,0.00669216,0.00975143,0,0.0126195,0,0.000573614,0.00133843,0.00133843,0,0,0,0,0,0.000191205,0,0,0,0,0.000191205,0,0,0,0,0,0,0,0,0,0,0,0,0,0,0,0,0,0,0,0,0,0
7950,0,0,0,0,0,0,0,0,0,0,0,0,0,0,0,0,0,0,0,0,0,0.000367377,0,0,0,0,0,0,0.00110213,0,0,0,0.000183688,0.000183688,0.000918442,0,0.000734754,0,0.00275533,0,0.000734754,0.000734754,0.000734754,0.00404115,0.00238795,0.00257164,0.00753123,0.00202057,0.0031227,0.000367377,0.904115,0.000918442,0.0078986,0.00551065,0.0031227,0.000367377,0.00293902,0.00918442,0.00404115,0.00146951,0.0064291,0.00220426,0.0146951,0,0.00128582,0.00202057,0.00293902,0,0,0,0,0,0.000367377,0,0,0,0,0,0,0,0,0,0,0,0,0,0,0,0,0,0,0,0,0,0,0,0,0,0,0
8000,0,0,0,0,0,0,0,0,0,0,0,0,0,0,0,0,0,0,0,0,0,0.00114482,0,0,0,0,0,0,0.00133562,0,0,0,0,0,0.000381607,0.00228964,0.00209884,0,0.000763213,0.00057241,0.00057241,0.000763213,0.000954016,0.00228964,0.00171723,0.00171723,0.00381607,0.00324366,0.00381607,0.000381607,0.892005,0.00171723,0.00629651,0.00534249,0.00114482,0.00171723,0.00228964,0.00992177,0.00286205,0.00057241,0.00934936,0.00954016,0.013547,0,0,0.00381607,0.011639,0,0,0,0,0,0.000190803,0.000190803,0,0,0,0,0,0,0,0,0,0,0,0,0,0,0,0,0,0,0,0,0,0,0,0,0,0
8050,0,0,0,0,0,0,0,0,0,0,0,0,0,0,0,0,0,0,0,0,0,0,0,0,0,0,0,0,0.00112591,0,0,0,0,0.00150122,0.00075061,0.00319009,0.000562957,0,0.00075061,0.000187652,0.0035654,0.000375305,0.000562957,0.00544192,0.00150122,0.00225183,0.00506662,0.00281479,0.00469131,0,0.875774,0.000187652,0.0148245,0.00150122,0.00168887,0.00131357,0.00694314,0.00900732,0.00131357,0.00075061,0.0174517,0.00206418,0.0165134,0.00150122,0.000187652,0.00544192,0.00769375,0,0,0,0,0,0,0.00075061,0,0,0.00075061,0,0,0,0,0,0,0,0,0,0,0,0,0,0,0,0,0,0,0,0,0,0,0
8100,0,0,0,0,0,0,0,0,0,0,0,0,0,0,0,0,0,0,0,0,0,0.00019084,0,0,0,0.000381679,0,0,0.00133588,0,0,0,0.00019084,0.000572519,0.000954198,0.000572519,0,0,0.00171756,0.000381679,0.00324427,0.000381679,0.000572519,0.00916031,0.00209924,0.00133588,0.00725191,0.00209924,0.00400763,0.0028626,0.891603,0,0.0101145,0.00973282,0.00114504,0.000572519,0.00515267,0.010687,0.000763359,0.000572519,0.00954198,0.00171756,0.00839695,0.00019084,0.000381679,0,0.00858779,0,0,0,0,0.000763359,0,0,0,0,0.000763359,0,0,0,0,0,0,0,0,0,0,0,0,0,0,0,0,0,0,0,0,0,0,0
8150,0,0,0,0,0,0,0,0,0,0,0,0,0,0,0,0,0,0,0,0,0,0.000750892,0,0,0,0,0,0.000938615,0.000375446,0,0,0,0,0.000750892,0,0.000375446,0.000750892,0,0,0.000750892,0.00506852,0,0,0.00919842,0.00281584,0.00225268,0.00206495,0.00206495,0.00619486,0.00281584,0.908767,0.000750892,0.00394218,0.0105125,0.00319129,0.000563169,0.00112634,0.00675803,0.000375446,0,0.00844753,0.000375446,0.0125774,0.000750892,0.000187723,0,0.00356674,0,0,0,0,0,0,0,0,0,0.000750892,0.000187723,0,0,0,0,0,0,0,0,0,0,0,0,0,0,0,0,0,0,0,0,0,0
8200,0,0,0,0,0,0,0,0,0,0,0,0,0,0,0,0,0,0,0,0,0,0.00108853,0,0,0,0,0,0,0.00181422,0,0,0,0.000362845,0,0,0,0,0,0.000181422,0.000362845,0.00217707,0,0,0.00417271,0.0016328,0.00290276,0.000725689,0.00126996,0.00344702,0.00362845,0.905116,0.000907112,0.0125181,0.0065312,0.00997823,0.0016328,0.00290276,0.0110668,0.00145138,0.000907112,0.00761974,0.000362845,0.0114296,0.000181422,0,0,0.00235849,0,0,0.000181422,0,0,0,0,0,0,0.00108853,0,0,0,0,0,0,0,0,0,0,0,0,0,0,0,0,0,0,0,0,0,0,0
8250,0,0,0,0,0,0,0,0,0,0,0,0,0,0,0,0,0,0,0,0,0,0.00018005,0,0,0,0,0,0,0.000720202,0,0,0,0.0010803,0.00126035,0,0,0,0.00018005,0.0014404,0,0.000360101,0,0,0.00756212,0.00162045,0.000360101,0.000900252,0.0014404,0.00414116,0.00486136,0.89413,0.000900252,0.00666187,0.0014404,0.00234066,0.00018005,0.00576161,0.00810227,0.00486136,0.0100828,0.00504141,0.00450126,0.0223263,0,0,0,0,0,0.000360101,0.00342096,0.00018005,0,0,0,0,0,0.00360101,0,0,0,0,0,0,0,0,0,0,0,0,0,0,0,0,0,0,0,0,0,0,0
8300,0,0,0,0,0,0,0,0,0,0,0,0,0,0,0,0,0,0,0,0,0,0.000738689,0,0,0,0,0,0.000184672,0.000184672,0,0.000369344,0,0.00184672,0,0,0,0.000369344,0.000369344,0.00129271,0.000184672,0.000554017,0,0.00147738,0.00480148,0.000923361,0.00406279,0.0033241,0.00166205,0.00775623,0.00203139,0.885134,0.000923361,0.0121884,0.00480148,0.00240074,0.000184672,0.0066482,0.00867959,0.00720222,0.00572484,0.00849492,0.00775623,0.00757156,0.000369344,0,0,0.000554017,0,0,0.00517082,0,0,0.000554017,0,0,0,0.00350877,0,0,0,0,0,0,0,0,0,0,0,0,0,0,0,0,0,0,0,0,0,0,0
8350,0,0,0,0,0,0,0,0,0,0,0,0,0,0,0,0,0,0,0,0,0,0.000357015,0,0,0,0,0,0,0,0,0.000178508,0,0.00160657,0.00124955,0,0.000535523,0.0023206,0.000892538,0.000178508,0.000714031,0.00321314,0,0.00285612,0.00303463,0.00124955,0.000535523,0.00321314,0.00142806,0.00731881,0.00374866,0.874331,0.0046412,0.00642628,0.0182078,0.00178508,0,0.00589075,0.0103534,0.00535523,0.00285612,0.00856837,0.0107105,0.0092824,0,0.000357015,0,0.000357015,0.000535523,0,0.000535523,0,0,0.00124955,0.00160657,0,0,0.0023206,0,0,0,0,0,0,0,0,0,0,0,0,0,0,0,0,0,0,0,0,0,0,0
8400,0,0,0,0,0,0,0,0,0,0,0,0,0,0,0,0,0,0,0,0,0,0.00102302,0,0,0,0,0,0,0.000511509,0,0,0.000341006,0.00119352,0.000682012,0,0,0.000852515,0.00102302,0,0.000682012,0.00528559,0,0.000511509,0.00323956,0.00170503,0.000341006,0.00153453,0,0.00511509,0.00238704,0.865303,0.00409207,0.0056266,0.0233589,0.00341006,0.000682012,0.00477408,0.00443308,0.0134697,0.00102302,0.00801364,0.0155158,0.0129582,0,0.00119352,0.000170503,0.000852515,0.00153453,0.000170503,0,0,0,0.0054561,0.00119352,0,0,0,0,0,0,0.000341006,0,0,0,0,0,0,0,0,0,0,0,0,0,0,0,0,0,0,0
8450,0,0,0,0,0,0,0,0,0,0,0,0,0,0,0,0,0,0,0,0,0,0.000750469,0,0,0,0,0,0,0.00262664,0,0,0,0.000562852,0.000187617,0,0,0.000562852,0.0011257,0,0.000375235,0.00243902,0,0.00150094,0.00206379,0.000187617,0.000375235,0.00487805,0.00206379,0.0043152,0.000187617,0.87561,0.00337711,0.0065666,0.0157598,0.00337711,0.00337711,0.00469043,0.00675422,0.0054409,0.0011257,0.0116323,0.012758,0.0150094,0,0.00243902,0.00150094,0.000938086,0,0,0,0,0,0.00168856,0.00131332,0,0,0,0,0,0,0.00243902,0,0,0,0,0,0,0,0,0,0,0,0,0,0,0,0,0,0,0
8500,0,0,0,0,0,0,0,0,0,0,0,0,0,0,0,0,0,0,0,0,0,0.00161551,0,0,0,0,0,0,0.000897505,0,0,0.00125651,0.000359002,0.00179501,0.000179501,0,0.000538503,0.000359002,0,0.000359002,0.00125651,0,0.00197451,0.000897505,0.000179501,0.00233351,0.00215401,0.00161551,0.00233351,0.00143601,0.904146,0.00107701,0.00538503,0.0136421,0.000359002,0.00682104,0.00574403,0.00161551,0.00556453,0.00323102,0.00376952,0.0104111,0.00376952,0,0.00341052,0.00107701,0.000538503,0,0,0,0,0,0.00520553,0.00233351,0.000179501,0,0,0,0,0,0.000179501,0,0,0,0,0,0,0,0,0,0,0,0,0,0,0,0,0,0,0
8550,0,0,0,0,0,0,0,0,0,0,0,0,0,0,0,0,0,0,0,0,0,0.000889996,0,0,0,0,0,0,0.000711997,0.000177999,0.000177999,0.00409398,0.001068,0.000533998,0,0,0,0,0.000177999,0.001246,0.00231399,0.000177999,0.00444998,0.000711997,0.001246,0.00516198,0.001246,0.00213599,0.00213599,0.00249199,0.899074,0.000177999,0.00373799,0.00978996,0.00338199,0.00320399,0.00213599,0.00160199,0.00711997,0.00480598,0.00284799,0.011214,0.00409398,0,0.00249199,0.00177999,0.000177999,0,0,0,0,0,0.00533998,0.00551798,0.000177999,0,0,0,0,0,0.000177999,0,0,0,0,0,0,0,0,0,0,0,0,0,0,0,0,0,0,0
8600,0,0,0,0,0,0,0,0,0,0,0,0,0,0,0,0,0,0,0,0,0,0.00107162,0,0,0,0,0,0,0.000714413,0,0,0.00339346,0,0,0.000178603,0,0,0.00053581,0.00285765,0.00178603,0.000714413,0.000178603,0,0.00232184,0.00178603,0.00267905,0.00767994,0.00696553,0.00142883,0,0.892838,0.00214324,0.0051795,0.00339346,0.00375067,0.00142883,0.00571531,0.00267905,0.011252,0.00339346,0.00303626,0.00839436,0.00839436,0,0.000178603,0.000893017,0.000357207,0.000178603,0.000357207,0,0,0,0.00357207,0.00767994,0,0.000893017,0,0,0,0,0,0,0,0,0,0,0,0,0,0,0,0,0,0,0,0,0,0,0,0
8650,0,0,0,0,0,0,0,0,0,0,0,0,0,0,0,0,0,0,0,0,0,0.000178285,0,0,0,0,0,0,0.00285256,0,0,0.00178285,0.000178285,0,0,0,0,0.000178285,0.00267427,0.000178285,0.000534855,0.000178285,0,0.0058834,0.00178285,0.00249599,0.00730968,0.0071314,0.00178285,0.00035657,0.874309,0.000891424,0.00427884,0.0126582,0.00249599,0.00106971,0.00303084,0.00641826,0.0192548,0.00517026,0.00695311,0.0123017,0.00517026,0,0,0,0,0,0,0,0,0,0.00303084,0.00623997,0.00035657,0.000891424,0,0,0,0,0,0,0,0,0,0,0,0,0,0,0,0,0,0,0,0,0,0,0,0
8700,0,0,0,0,0,0,0,0,0,0,0,0,0,0,0,0,0,0,0,0,0,0.000179856,0,0,0,0,0,0,0.00125899,0,0.000179856,0.000359712,0.000719424,0.00161871,0.000179856,0,0,0,0.00215827,0,0.000899281,0,0,0.00557554,0.0057554,0.00305755,0.0057554,0.0115108,0,0.000539568,0.871763,0.00125899,0.00611511,0.0167266,0.000899281,0.000719424,0.00197842,0.00485612,0.0115108,0.00143885,0.00233813,0.0203237,0.0116906,0,0,0.000539568,0.000899281,0.000359712,0,0,0,0,0.00395683,0.000899281,0,0.00197842,0,0,0,0,0,0,0,0,0,0,0,0,0,0,0,0,0,0,0,0,0,0,0,0
8750,0,0,0,0,0,0,0,0,0,0,0,0,0,0,0,0,0,0,0,0,0,0.00120313,0,0,0,0,0,0,0.0028073,0,0,0.000401043,0.000200521,0,0,0,0,0,0.00260678,0.000802085,0.00300782,0.000200521,0.000802085,0.0066172,0.000200521,0.00100261,0.00160417,0.00802085,0.00140365,0.00100261,0.874474,0.00140365,0.00741929,0.0124323,0.000200521,0.000601564,0.00701825,0.0140365,0.00982555,0.00140365,0.00120313,0.00822138,0.0136355,0.000401043,0,0.00120313,0.00601564,0,0.00140365,0.000601564,0,0,0.000200521,0.00220573,0,0.00260678,0.00160417,0,0,0,0,0,0,0,0,0,0,0,0,0,0,0,0,0,0,0,0,0,0,0
8800,0,0,0,0,0,0,0,0,0,0,0,0,0,0,0,0,0,0,0,0,0,0.000864902,0,0,0,0,0,0,0.00415153,0,0,0,0.000864902,0.00415153,0,0,0.000345961,0,0.00190278,0.00311365,0.00397855,0,0.00103788,0.00813008,0.00380557,0.00155682,0.000864902,0.00743816,0.00138384,0.00138384,0.859194,0.00017298,0.0079571,0.0079571,0.000518941,0.00328663,0.00363259,0.00345961,0.0115897,0.00363259,0.00432451,0.00518941,0.0245632,0.00017298,0.000345961,0.00103788,0.00259471,0,0.00294067,0,0,0,0.00259471,0.0062273,0,0.0017298,0.00190278,0,0,0,0,0,0,0,0,0,0,0,0,0,0,0,0,0,0,0,0,0,0,0
8850,0,0,0,0,0,0,0,0,0,0,0,0,0,0,0,0,0,0,0,0,0,0.000538987,0,0,0,0,0,0,0.00413223,0,0,0,0.00233561,0.000538987,0,0,0.000538987,0.000179662,0.000898311,0.000898311,0.00395257,0,0.000359324,0.00197628,0.00754581,0.00305426,0.00718649,0.00790514,0.00107797,0.00215595,0.866511,0.000538987,0.00449156,0.0145526,0.000359324,0.00125764,0.00538987,0.00251527,0.00916277,0.00431189,0.00485088,0.00251527,0.0168883,0.000718649,0,0.000538987,0.00107797,0.000179662,0.00449156,0.000179662,0,0,0.0095221,0.00107797,0,0.000718649,0.0028746,0,0,0,0,0,0,0,0,0,0,0,0,0,0,0,0,0,0,0,0,0,0,0
8900,0,0,0,0,0,0,0,0,0,0,0,0,0,0,0,0,0,0,0,0,0,0.00223329,0,0,0,0,0,0,0.00292046,0,0,0,0.000687167,0.000171792,0,0.00240509,0.000858959,0,0.000171792,0.00584092,0.00137433,0,0.000687167,0.000858959,0.0063563,0.00326404,0.00463838,0.0061845,0.00154613,0.000858959,0.855351,0.00137433,0.0133998,0.01151,0.000515375,0.000343584,0.00566913,0.00601271,0.00790242,0.00120254,0.00120254,0.00910496,0.0216458,0.00257688,0,0.000171792,0.00171792,0,0.00549734,0.00103075,0,0,0.00738705,0.00188971,0,0.00154613,0.00188971,0,0,0,0,0,0,0,0,0,0,0,0,0,0,0,0,0,0,0,0,0,0,0
8950,0,0,0,0,0,0,0,0,0,0,0,0,0,0,0,0,0,0,0,0,0,0.000775946,0,0,0,0,0,0,0.000775946,0,0,0,0.00562561,0.00155189,0,0.00387973,0.00193986,0,0.000775946,0.00387973,0,0,0,0.00465567,0.00310378,0.000581959,0.00640155,0.00116392,0.00310378,0.000775946,0.870029,0.0029098,0.00252182,0.0122211,0.00213385,0.000193986,0.00484966,0.00872939,0.00193986,0.00252182,0.00213385,0.00446169,0.0124151,0.0029098,0,0.000387973,0,0.000969932,0.0029098,0,0,0,0.0104753,0.0071775,0,0.000581959,0.00775946,0.000775946,0,0,0,0,0,0,0,0,0,0,0,0,0,0,0,0,0,0,0,0,0,0
9000,0,0,0,0,0,0,0,0,0,0,0,0,0,0,0,0,0,0,0,0,0,0.00181488,0,0,0,0,0,0,0.00120992,0,0,0,0.00141157,0.00383142,0,0.000403307,0.00120992,0,0.00100827,0.00241984,0,0.000201654,0.000201654,0.00483969,0.00685622,0.00544465,0.00846945,0.00423472,0.00120992,0.000403307,0.865497,0.00524299,0.010486,0.00887276,0.00362976,0,0.010486,0.00221819,0.000201654,0.00120992,0.00443638,0.00584795,0.00584795,0.00524299,0,0.000201654,0,0.000604961,0,0,0.000201654,0,0.0106876,0.00362976,0,0,0.00988102,0,0,0,0.000403307,0,0,0,0,0,0,0,0,0,0,0,0,0,0,0,0,0,0,0
9050,0,0,0,0,0,0,0,0,0,0,0,0,0,0,0,0,0,0,0,0,0,0.000923532,0,0,0,0,0,0,0.00110824,0,0,0,0.000554119,0.00369413,0,0,0.000738825,0,0.00110824,0.00240118,0,0.000923532,0.00184706,0.00923532,0.00424825,0.00461766,0.00332471,0.00203177,0.000554119,0.0029553,0.893794,0.00498707,0.00664943,0.00184706,0.00258589,0.000184706,0.0103436,0.00258589,0,0.00443295,0.000369413,0.00480236,0.00738825,0.00240118,0,0,0.000369413,0.000184706,0,0,0,0,0.00701884,0.00129294,0,0.00221648,0.0059106,0.000369413,0,0,0,0,0,0,0,0,0,0,0,0,0,0,0,0,0,0,0,0,0,0
9100,0,0,0,0,0,0,0,0,0,0,0,0,0,0,0,0,0,0,0,0,0,0,0,0,0,0,0,0,0.000918274,0,0,0,0,0.00348944,0,0,0.00128558,0.00165289,0.00128558,0.000734619,0,0.00128558,0.00642792,0.0135904,0.000183655,0.00128558,0.00367309,0.00330579,0.00495868,0.000367309,0.883379,0.00495868,0.00312213,0.00367309,0.00257117,0.00165289,0.0115702,0.00606061,0,0.00679522,0.00440771,0.00495868,0.0077135,0.00330579,0,0,0.00128558,0.000367309,0,0.000367309,0.000367309,0,0.00752984,0,0,0.000550964,0.000734619,0.000183655,0,0,0,0,0,0,0,0,0,0,0,0,0,0,0,0,0,0,0,0,0,0
9150,0,0,0,0,0,0,0,0,0,0,0,0,0,0,0,0,0,0,0,0,0,0,0,0.000183117,0,0,0,0,0.000183117,0,0,0,0,0.0021974,0,0,0.000915583,0.0021974,0.000183117,0.00054935,0,0,0.0054935,0.00366233,0.000183117,0.000366233,0.00512727,0.0100714,0.00897272,0,0.874565,0.00585973,0.00164805,0.00824025,0.00146493,0.000366233,0.0076909,0.00531038,0,0.00604285,0.00915583,0.00970518,0.00476103,0.00256363,0.000183117,0,0.0111701,0,0,0.000183117,0,0,0.0043948,0,0,0.00292987,0.00238052,0.000915583,0,0,0.000183117,0,0,0,0,0,0,0,0,0,0,0,0,0,0,0,0,0,0,0
9200,0,0,0,0,0,0,0,0,0,0,0,0,0,0,0,0,0,0,0,0,0,0,0,0,0,0,0,0.000538503,0.000897505,0,0,0.000718004,0,0.00179501,0,0.000179501,0.00359002,0.000359002,0.000179501,0.000179501,0.000897505,0.000897505,0.00107701,0.00735954,0.000359002,0.000897505,0.00215401,0.00179501,0.0140011,0.000359002,0.854425,0.000538503,0.00610303,0.0197451,0.000897505,0.000718004,0.00538503,0.000718004,0.000359002,0.0168731,0.0152576,0.0120266,0.00430802,0.00197451,0,0,0.0116676,0.000359002,0,0,0,0,0.00359002,0,0,0.00664154,0.000179501,0,0,0,0,0,0,0,0,0,0,0,0,0,0,0,0,0,0,0,0,0,0,0
9250,0,0,0,0,0,0,0,0,0,0,0,0,0,0,0,0,0,0,0,0,0,0,0,0,0,0,0,0,0.000560015,0.000186672,0,0.0026134,0,0.00186672,0,0,0.000933358,0.000746687,0,0.000746687,0.00224006,0.000373343,0.000746687,0.0039201,0.000746687,0.00242673,0.00242673,0.000933358,0.00336009,0.000560015,0.85645,0.00224006,0.00728019,0.0203472,0.0026134,0,0.010827,0.00186672,0,0.0140004,0.0132537,0.00466679,0.0026134,0.0026134,0,0.0013067,0.00616016,0,0,0,0,0,0.0138137,0,0,0.0138137,0,0.000186672,0,0,0.000373343,0,0,0,0,0.000186672,0,0,0,0,0,0,0,0,0,0,0,0,0,0
9300,0,0,0,0,0,0,0,0,0,0,0,0,0,0,0,0,0,0,0,0,0,0,0,0,0,0,0,0,0.00173544,0,0,0.000578481,0,0.00115696,0,0,0.000192827,0,0,0.000771307,0,0.000192827,0.00366371,0.0021211,0.000385654,0.00539915,0.0028924,0.00231392,0.00154261,0.00539915,0.87312,0.0050135,0.00809873,0.034516,0,0.000192827,0.00771307,0.000964134,0.000192827,0.00578481,0.00636329,0.00173544,0.00385654,0,0,0.00115696,0.00269958,0.00250675,0,0,0,0,0.00848438,0.000192827,0,0.0021211,0,0.000771307,0,0,0.00520632,0,0,0,0,0.000964134,0,0,0,0,0,0,0,0,0,0,0,0,0,0
9350,0,0,0,0,0,0,0,0,0,0,0,0,0,0,0,0,0,0,0,0,0,0,0,0,0,0,0,0,0.000797289,0,0.000199322,0,0.000398645,0,0.0017939,0,0.000797289,0,0,0.000797289,0.000398645,0,0.000398645,0.00837154,0.00199322,0.00657764,0.00338848,0.0053817,0.00298983,0.00338848,0.865657,0.000398645,0.0103648,0.0089695,0.00338848,0.00757425,0.0133546,0.000597967,0,0.0141519,0.00976679,0.000996612,0.00239187,0,0,0.00338848,0.00418577,0.00677696,0,0,0,0,0.00279051,0,0,0.00338848,0,0.00199322,0,0,0.00219255,0,0,0,0,0,0,0,0,0,0,0,0,0,0,0,0,0,0,0
9400,0,0,0,0,0,0,0,0,0,0,0,0,0,0,0,0,0,0,0,0,0,0,0,0,0,0,0,0,0.00188838,0,0,0,0.000629459,0.00020982,0,0,0.00167856,0.00167856,0,0.000629459,0.00146874,0,0,0.0130088,0.00146874,0.00692405,0.00293747,0.00293747,0.00608477,0.00230802,0.850399,0,0.00566513,0.00713386,0.010491,0.00356693,0.00713386,0.00440621,0.000839278,0.012799,0.0119597,0,0.00251783,0,0.000419639,0.00167856,0.00146874,0.00461603,0,0,0,0,0.0125892,0,0,0.00608477,0.00125892,0.00356693,0,0,0.0075535,0,0,0,0,0,0,0,0,0,0,0,0,0,0,0,0,0,0,0
9450,0,0,0,0,0,0,0,0,0,0,0,0,0,0,0,0,0,0,0,0,0,0,0,0,0,0,0,0,0.00137646,0.00022941,0,0,0,0.000458821,0,0,0.00183528,0.00022941,0,0.00022941,0.00321175,0,0,0.017894,0.00183528,0.000688231,0.0066529,0.000458821,0.000458821,0.00206469,0.835513,0.000458821,0.00757054,0.0121588,0.00550585,0.00711172,0.00412939,0.00757054,0.00412939,0.0110117,0.0121588,0.00619408,0.00344116,0.00137646,0,0.00160587,0.00711172,0.00275292,0,0.000458821,0,0,0.0185822,0.000688231,0.00022941,0.0114705,0.000917642,0,0,0,0.00022941,0,0,0,0,0,0,0,0,0,0,0,0,0,0,0,0,0,0,0
9500,0,0,0,0,0,0,0,0,0,0,0,0,0,0,0,0,0,0.00021395,0,0,0,0,0,0,0,0,0,0,0.000855798,0,0,0,0,0.000427899,0,0.000641849,0.000427899,0,0,0.0021395,0.000855798,0.00021395,0,0.0192555,0.00534874,0.00106975,0.00342319,0.00256739,0.0012837,0.000641849,0.860291,0,0.00813008,0.00748823,0.00427899,0.00149765,0.00492084,0.000427899,0.00727428,0.0115533,0.00556269,0.00834403,0.0117672,0.000427899,0.000641849,0.0021395,0.00106975,0.00192555,0,0,0,0.00021395,0.00877193,0.0017116,0,0.0115533,0.000641849,0,0,0,0,0,0,0,0,0,0,0,0,0,0,0,0,0,0,0,0,0,0,0
9550,0,0,0,0,0,0,0,0,0,0,0,0,0,0,0,0,0,0,0,0,0,0.00109914,0,0,0,0,0,0,0.00219829,0,0.000219829,0,0.000659486,0.000219829,0,0.000219829,0.00131897,0.00109914,0.00109914,0.00285777,0.000439657,0.000219829,0,0.00945263,0.00637503,0.000659486,0.00351726,0.00351726,0.00285777,0.00373709,0.857771,0.000659486,0.000219829,0.007694,0.00109914,0.000219829,0.00395691,0.000879314,0.0175863,0.00505606,0.0125302,0.00571554,0.0061552,0,0,0,0.00219829,0.00131897,0,0,0,0,0.0246208,0.00109914,0.000219829,0.000659486,0.00395691,0.000659486,0,0,0.00395691,0,0,0,0,0,0,0,0,0,0,0,0,0,0,0,0,0,0,0
9600,0,0,0,0,0,0,0,0,0,0,0,0,0,0,0,0,0,0,0,0,0,0.0006413,0,0,0,0,0,0,0.000427533,0,0.000213767,0,0.00106883,0.0006413,0.000213767,0,0.000855066,0.000855066,0.0006413,0,0.00277897,0.0006413,0,0.00427533,0.00748183,0.00812313,0.00363403,0.0038478,0.00555793,0.00106883,0.848226,0.000855066,0.0006413,0.015605,0.0019239,0.000427533,0.0104746,0.00106883,0.00491663,0.00598546,0.0205216,0.0070543,0.00171013,0.000213767,0,0,0.0025652,0.00213767,0,0,0,0,0.0211629,0.0025652,0.000855066,0.00406156,0.0006413,0,0,0,0.00342027,0,0,0,0,0,0,0,0,0,0,0,0,0,0,0,0,0,0,0
9650,0,0,0,0,0,0,0,0,0,0,0,0,0,0,0,0,0,0.000791922,0,0,0,0.000989903,0,0,0,0,0,0,0.000989903,0.000197981,0,0,0.00257375,0.000395961,0,0,0.000197981,0.000593942,0.00118788,0.00316769,0.00138586,0,0.000395961,0.00316769,0,0.00296971,0.00534548,0.00395961,0.0126708,0.00118788,0.848743,0.00336567,0.000791922,0.010295,0.00178183,0.00316769,0.00376163,0.00732528,0.000593942,0.00970105,0.0184122,0.0051475,0.00494951,0,0.000395961,0,0.000791922,0.00296971,0,0,0,0,0.00197981,0.00910711,0,0.0160364,0.000593942,0.000197981,0,0,0.00772124,0,0,0,0,0,0,0,0,0,0,0,0,0,0,0,0,0,0,0
9700,0,0,0,0,0,0,0,0,0,0,0,0,0,0,0,0,0,0,0,0,0,0.0010175,0,0,0,0,0,0,0,0,0,0,0.002849,0.000407,0,0,0.002035,0.0002035,0.001221,0.0018315,0.0002035,0,0,0.00569801,0,0.002035,0.00834351,0.00569801,0.00590151,0.002849,0.866504,0.0010175,0.000610501,0.0046805,0.015873,0.0046805,0.00671551,0.002849,0.000407,0.0107855,0.0111925,0.00651201,0.002849,0,0,0,0.0022385,0,0,0.0002035,0,0,0.00569801,0.002849,0,0.0115995,0,0,0,0,0.002442,0,0,0,0,0,0,0,0,0,0,0,0,0,0,0,0,0,0,0
9750,0,0,0,0,0,0,0,0,0,0,0,0,0,0,0,0,0,0,0,0,0,0,0,0,0,0,0,0,0.00213675,0,0,0,0.00106838,0.00042735,0.00128205,0.00235043,0.00106838,0,0.000641026,0.000213675,0.000641026,0.000213675,0,0.00320513,0,0.00149573,0.00662393,0.00598291,0.00363248,0.00213675,0.835256,0.00405983,0.00534188,0.00576923,0.00619658,0.00384615,0.00106838,0.00854701,0,0.00448718,0.0196581,0.0130342,0.00555556,0,0.000213675,0,0.0136752,0,0,0.000213675,0.00042735,0,0.00897436,0.00235043,0,0.0239316,0,0,0,0,0.0042735,0,0,0,0,0,0,0,0,0,0,0,0,0,0,0,0,0,0,0
9800,0,0,0,0,0,0,0,0,0,0,0,0,0,0,0,0,0,0.000655594,0,0,0,0,0,0,0,0,0,0,0.0034965,0,0,0,0.000437063,0,0,0.000437063,0.000655594,0,0,0,0.00437063,0.000218531,0,0.00611888,0,0.00240385,0.0083042,0.00655594,0.0109266,0.00699301,0.816652,0.00152972,0.00633741,0.00590035,0.00218531,0.00437063,0.00983392,0.0133304,0,0.00196678,0.0207605,0.0109266,0.00808566,0,0,0,0.0150787,0,0,0.000655594,0.00152972,0,0.00611888,0.000874126,0,0.0168269,0,0.00284091,0,0,0.00262238,0,0,0,0,0,0,0,0,0,0,0,0,0,0,0,0,0,0,0
9850,0,0,0,0,0,0,0,0,0,0,0,0,0,0,0,0,0,0.000223964,0,0,0,0.000223964,0,0,0,0,0,0,0.00179171,0,0,0,0.0031355,0,0,0.000223964,0.000223964,0,0,0,0.00179171,0.000671892,0.000223964,0.0147816,0,0.00179171,0.0031355,0.00179171,0.0161254,0.0111982,0.831803,0,0.00716685,0.00358343,0.00246361,0.0118701,0.00134378,0.0055991,0.000447928,0.00201568,0.0163494,0.00447928,0.0165733,0,0,0,0.0152296,0,0,0.000447928,0.00201568,0,0.00156775,0,0.000895857,0.0105263,0,0.0055991,0,0,0.00268757,0,0,0,0,0,0,0,0,0,0,0,0,0,0,0,0,0,0,0
9900,0,0,0,0,0,0,0,0,0,0,0,0,0,0,0,0,0,0,0,0,0,0,0,0,0,0,0,0,0.0030205,0,0,0,0.00107875,0,0,0,0.001726,0.000647249,0.000862999,0,0.000862999,0,0,0.010356,0,0.00237325,0,0.00237325,0.00862999,0.00927724,0.859547,0.00021575,0.00539374,0.00539374,0.00107875,0.00711974,0.00474649,0.00755124,0.00021575,0.003452,0.00690399,0.00431499,0.015534,0,0.001726,0,0.0114347,0,0,0.000431499,0.0012945,0,0.001726,0,0.000647249,0.0107875,0.00021575,0.00280475,0,0,0.00625674,0,0,0,0,0,0,0,0,0,0,0,0,0,0,0,0,0,0,0
9950,0,0,0,0,0,0,0,0,0,0,0,0,0,0,0,0,0,0,0,0,0,0,0,0,0,0,0,0,0.00184805,0,0,0,0.00123203,0,0,0,0,0,0.000205339,0.000821355,0,0,0,0.00616016,0.000616016,0.00616016,0.000821355,0.00143737,0.00965092,0.00554415,0.86694,0,0.00102669,0.00472279,0.00123203,0.00390144,0.00123203,0.00698152,0.000410678,0.00410678,0.00574949,0.0063655,0.0172485,0,0,0,0.011499,0,0.00205339,0.00595483,0,0,0,0,0.000205339,0.0131417,0,0.00882957,0,0,0.00390144,0,0,0,0,0,0,0,0,0,0,0,0,0,0,0,0,0,0,0
10000,0,0,0,0,0,0,0,0,0,0,0,0,0,0,0,0,0,0,0,0,0,0,0,0,0,0,0,0,0.00446067,0,0,0,0.000202758,0,0,0,0,0.00101379,0,0.00223033,0.00081103,0.000202758,0.000608273,0.00851582,0.0014193,0.00283861,0.00263585,0,0.0081103,0.00709651,0.860908,0.000608273,0.00223033,0.00587997,0.00162206,0,0.00162206,0.0123682,0.00081103,0.00324412,0.00263585,0.0052717,0.0289943,0,0,0,0.00932685,0.000608273,0,0.00587997,0,0,0,0,0.00182482,0.00344688,0,0.00770479,0,0,0.00466342,0,0,0.000202758,0,0,0,0,0,0,0,0,0,0,0,0,0,0,0,0
10050,0,0,0,0,0,0,0,0,0,0,0,0,0,0,0,0,0,0,0,0,0,0,0,0,0,0,0,0,0.00260521,0,0,0,0,0,0,0.000400802,0,0.000200401,0,0.00180361,0,0.00180361,0.00280561,0.00501002,0.00180361,0.00521042,0.001002,0.000801603,0.00601202,0.00741483,0.87996,0.00200401,0.001002,0.00861723,0,0.000200401,0,0.0112224,0,0.00200401,0.00380762,0.00661323,0.0206413,0,0,0,0.00881764,0.00440882,0,0.00200401,0,0,0.00140281,0,0,0.00521042,0.000801603,0.00440882,0,0,0,0,0,0,0,0,0,0,0,0,0,0,0,0,0,0,0,0,0,0
10100,0,0,0,0,0,0,0,0,0,0,0,0,0,0,0,0,0,0,0,0,0,0,0,0,0,0,0,0,0.0021631,0,0,0.00021631,0,0,0,0.00194679,0,0.00108155,0,0.00173048,0.00108155,0.00021631,0,0.0129786,0.00108155,0.00021631,0.00108155,0.00194679,0.0067056,0.0105992,0.882111,0.00497512,0.00367727,0.00821977,0.00021631,0.00194679,0.00021631,0.00605667,0,0.00995025,0.00194679,0.00519143,0.00995025,0,0,0,0.00540774,0.00497512,0,0,0,0,0,0,0.00021631,0.00389358,0.00108155,0.00692191,0,0,0,0,0,0,0,0,0,0,0,0,0,0,0,0,0,0,0,0,0,0
10150,0,0,0,0,0,0,0,0,0,0,0,0,0,0,0,0,0,0,0,0,0,0,0,0,0,0,0,0,0.0024439,0.000222173,0,0,0,0,0,0,0.00111086,0.000444346,0,0.000666519,0.00111086,0.000666519,0,0.0108865,0.0048878,0.00177738,0.00133304,0,0.0048878,0.0108865,0.882693,0.000888691,0.00777605,0.00577649,0.00111086,0.00466563,0.00111086,0.00199956,0,0.00755388,0.000888691,0.0024439,0.0213286,0,0,0,0.00333259,0.00311042,0,0,0.000222173,0,0,0,0,0.00577649,0,0.00799822,0,0,0,0,0,0,0,0,0,0,0,0,0,0,0,0,0,0,0,0,0,0
10200,0,0,0,0,0,0,0,0,0,0,0,0,0,0,0,0,0,0,0,0,0,0.000877385,0,0,0,0,0,0,0.000438693,0,0,0,0.000877385,0,0,0,0.000877385,0.00131608,0.000438693,0.000219346,0.00153542,0.00131608,0,0.00987059,0.00263216,0.00109673,0.00307085,0.00570301,0.0122834,0.00416758,0.881772,0,0.00767712,0.00658039,0.00241281,0.00153542,0.000438693,0.00175477,0.00175477,0.0028515,0.00987059,0.00153542,0.0135995,0,0,0,0.00811581,0.000658039,0,0,0.000877385,0,0.00307085,0,0.000438693,0.00372889,0,0.00460627,0,0,0,0,0,0,0,0,0,0,0,0,0,0,0,0,0,0,0,0,0,0
10250,0,0,0,0,0,0,0,0,0,0,0,0,0,0,0,0,0,0,0,0,0,0.000650477,0,0,0,0,0,0,0.00151778,0,0,0,0.00173461,0,0.000216826,0,0.000433651,0,0.00130095,0,0.00130095,0.00108413,0,0.00997398,0.00498699,0.00281873,0.00325239,0.00195143,0.00802255,0.00303556,0.88183,0.000867303,0.00607112,0.00325239,0.000216826,0.00281873,0.00325239,0.00281873,0,0.00433651,0.0153946,0.000433651,0.0166956,0,0,0,0.00520382,0.000867303,0,0,0.000216826,0,0.00260191,0.000867303,0,0,0,0.00997398,0,0,0,0,0,0,0,0,0,0,0,0,0,0,0,0,0,0,0,0,0,0
10300,0,0,0,0,0,0,0,0,0,0,0,0,0,0,0,0,0,0,0,0,0,0,0,0.000230309,0,0,0,0,0.00184247,0.000460617,0,0,0.000230309,0.000690926,0,0.000460617,0.000690926,0,0,0,0.0027637,0.00184247,0,0.00460617,0.00207278,0.00644864,0.00115154,0.0052971,0.0027637,0,0.889222,0.00253339,0.00760018,0.00644864,0,0.0052971,0.00253339,0.00253339,0.000690926,0.00207278,0.00667895,0,0.0115154,0,0,0,0.00667895,0,0,0.000460617,0,0.000921234,0.00552741,0,0.000230309,0.000230309,0,0.0172731,0,0,0,0,0,0,0,0,0,0,0,0,0,0,0,0,0,0,0,0,0,0
10350,0,0,0,0,0,0,0,0,0,0,0,0,0,0,0,0,0,0,0,0,0,0,0,0,0,0,0,0,0.00187617,0,0,0,0.000469043,0.000234522,0,0.000234522,0.00117261,0,0,0.00164165,0,0.00187617,0.000234522,0.00164165,0.000234522,0.00351782,0.000938086,0.00281426,0.00234522,0.00187617,0.869841,0.00140713,0.00187617,0.0189962,0.000703565,0.00211069,0.00609756,0.0065666,0.000469043,0.00375235,0.00140713,0.00633208,0.00773921,0,0.000938086,0,0.00609756,0,0,0.0204034,0,0.00117261,0.00492495,0,0.000234522,0.000469043,0,0.0173546,0,0,0,0,0,0,0,0,0,0,0,0,0,0,0,0,0,0,0,0,0,0
10400,0,0,0,0,0,0,0,0,0,0,0,0,0,0,0,0,0,0,0,0,0,0,0,0,0,0,0,0,0.000220946,0.000220946,0.000220946,0,0.000662837,0,0.000441891,0.000883783,0.00132567,0.00154662,0.00132567,0.00419797,0,0.00154662,0.000220946,0.00574459,0.000441891,0.00110473,0.00265135,0.00198851,0.00353513,0.00508175,0.876933,0.000662837,0.00287229,0.00419797,0.000220946,0.0053027,0.00574459,0.00994255,0,0.0024304,0,0.00331418,0.00441891,0,0,0.00110473,0.00839593,0.000883783,0,0.0132567,0,0.000883783,0.00265135,0,0,0.00375608,0,0.0196642,0,0,0,0,0,0,0,0,0,0,0,0,0,0,0,0,0,0,0,0,0,0
10450,0,0,0,0,0,0,0,0,0,0,0,0,0,0,0,0,0,0,0,0,0,0,0,0,0,0,0,0,0.0019305,0,0,0,0.003432,0,0.002145,0.000429,0.0019305,0.000643501,0.001716,0.000858001,0.000429,0.000643501,0.000643501,0.003003,0.0027885,0.001287,0.0015015,0,0.00514801,0.0010725,0.892106,0.000429,0.003432,0.00622051,0.0010725,0.00429,0,0.001716,0.0002145,0.0019305,0.0023595,0.0023595,0.010725,0,0,0.0019305,0.014586,0.001287,0,0.0045045,0,0,0.0032175,0,0,0.003003,0,0.015015,0,0,0,0,0,0,0,0,0,0,0,0,0,0,0,0,0,0,0,0,0,0
10500,0,0,0,0,0,0,0,0,0,0,0,0,0,0,0,0,0,0,0,0,0,0,0,0,0,0,0,0,0.00362401,0.00203851,0,0,0.00430351,0,0.00339751,0.000679502,0,0.000453001,0.000226501,0,0.00362401,0.000453001,0.000679502,0.00407701,0.00203851,0.000906002,0.000906002,0.000906002,0.00294451,0.000226501,0.867724,0,0.001812,0.00634202,0.000679502,0.00385051,0.000453001,0.00317101,0,0.001359,0.00317101,0.0106455,0.00883352,0,0.000679502,0.000453001,0.0147225,0,0,0.00566251,0,0.000453001,0,0,0,0.00973952,0,0.0287656,0,0,0,0,0,0,0,0,0,0,0,0,0,0,0,0,0,0,0,0,0,0
10550,0,0,0,0,0,0,0,0,0,0,0,0,0,0,0,0,0,0,0,0,0,0,0,0,0,0,0,0,0.00022482,0.000899281,0,0,0.00022482,0,0.00179856,0.0011241,0,0.00179856,0.00067446,0.00022482,0.0056205,0,0.0011241,0.00494604,0.00134892,0.000899281,0.0044964,0.00269784,0.00314748,0.00247302,0.883768,0,0.00269784,0.0128147,0,0.00404676,0.00022482,0.00651978,0,0.00382194,0.00382194,0.00134892,0.00517086,0,0.00044964,0,0.0105665,0,0,0.00022482,0,0,0,0.00044964,0,0.0101169,0,0.0188849,0,0,0.00134892,0,0,0,0,0,0,0,0,0,0,0,0,0,0,0,0,0,0,0
10600,0,0,0,0,0,0,0,0,0,0,0,0,0,0,0,0,0,0.000669643,0,0,0,0.000669643,0,0.00200893,0,0,0,0,0.000446429,0.00111607,0,0,0.0015625,0,0.00111607,0,0.000446429,0.000892857,0.00200893,0.000223214,0.00870536,0,0.00178571,0.00691964,0.003125,0.00223214,0.00200893,0.000669643,0.00803571,0.00334821,0.864732,0.00357143,0.00736607,0.00714286,0.000892857,0.00133929,0,0.0145089,0.000446429,0.00379464,0.00513393,0.00558036,0.0118304,0.000892857,0.00357143,0.00446429,0.00133929,0,0.000669643,0,0,0,0,0,0,0.0107143,0,0.00401786,0,0,0,0,0,0,0,0,0,0,0,0,0,0,0,0,0,0,0,0,0,0
10650,0,0,0,0,0,0,0,0,0,0,0,0,0,0,0,0,0,0,0,0,0,0.00113353,0,0.00181365,0,0,0,0,0,0.000226706,0.000226706,0.00158694,0.000680118,0,0.00136024,0,0.0036273,0.003854,0.000226706,0.000680118,0.0102018,0,0.00181365,0.00997506,0.00249377,0.00317388,0.0036273,0.00408071,0.00453412,0.00204035,0.856722,0.000680118,0.00725459,0.00702788,0,0.00249377,0,0.003854,0.000453412,0.00544094,0.00249377,0.00884153,0.0240308,0,0,0.00113353,0.003854,0,0.00113353,0,0,0,0,0,0,0.0138291,0,0.00340059,0,0,0,0,0,0,0,0,0,0,0,0,0,0,0,0,0,0,0,0,0,0
10700,0,0,0,0,0,0,0,0,0,0,0,0,0,0,0,0,0,0,0,0,0,0,0,0.000426439,0,0,0,0,0.00191898,0,0,0.00021322,0.000426439,0,0.00149254,0,0.00191898,0,0.000852878,0.00127932,0.0098081,0,0.00191898,0.00959488,0,0.00170576,0.00362473,0.00469083,0.00341151,0.0021322,0.868017,0.000852878,0.00618337,0.00724947,0,0.00447761,0.00234542,0,0.00405117,0.00447761,0.00426439,0.0110874,0.0179104,0,0,0.000426439,0.00255864,0,0.00021322,0,0,0,0,0.00170576,0,0.0113006,0,0.00746269,0,0,0,0,0,0,0,0,0,0,0,0,0,0,0,0,0,0,0,0,0,0
10750,0,0,0,0,0,0,0,0,0,0,0,0,0,0,0,0,0,0,0,0,0,0,0,0,0,0,0.0010755,0,0.0004302,0.0002151,0,0,0.0002151,0.0015057,0,0,0.0017208,0.0008604,0.0004302,0,0.0038718,0,0.0002151,0.0027963,0.0008604,0.0040869,0.002151,0.006453,0.0032265,0.0032265,0.841256,0.0008604,0.0124758,0.0219402,0.0004302,0.0060228,0,0.0002151,0.0027963,0.0169929,0.0015057,0.0167778,0.0141966,0.0004302,0,0.0019359,0.0012906,0,0,0,0,0,0.0006453,0.002151,0,0.0191439,0,0.0055926,0,0,0,0,0,0,0,0,0,0,0,0,0,0,0,0,0,0,0,0,0,0
10800,0,0,0,0,0,0,0,0,0,0,0,0,0,0,0,0,0,0,0,0,0,0,0,0,0,0,0,0,0.000647948,0,0,0,0.00259179,0.00107991,0.000647948,0,0.000863931,0,0.000647948,0,0.00194384,0,0,0.00237581,0.00107991,0.00388769,0.00518359,0.00647948,0.00518359,0.00172786,0.860907,0,0.00604752,0.0179266,0.00237581,0.00237581,0,0.00669546,0.011879,0.00669546,0.00237581,0.0062635,0.0105832,0,0,0.0049676,0.0049676,0,0,0,0,0,0,0.00323974,0,0.012527,0,0.00583153,0,0,0,0,0,0,0,0,0,0,0,0,0,0,0,0,0,0,0,0,0,0
10850,0,0,0,0,0,0,0,0,0,0,0,0,0,0,0,0,0,0,0,0,0,0,0,0,0,0,0,0,0.00209293,0.000418585,0,0,0.00188363,0,0.000627878,0.000209293,0.00125576,0,0.00125576,0.000627878,0.00313939,0.000209293,0,0.00920887,0.0027208,0.00418585,0.0027208,0.00397656,0.00544161,0.00397656,0.861658,0,0.00418585,0.0267895,0.00104646,0,0.00397656,0.008581,0.0102553,0.00606949,0.00418585,0.00418585,0.00816241,0,0,0.00313939,0.000627878,0,0,0,0,0,0.00209293,0.00313939,0,0.00313939,0,0.00460444,0,0,0,0,0,0.000209293,0,0,0,0,0,0,0,0,0,0,0,0,0,0,0,0
10900,0,0,0,0,0,0,0,0,0,0,0,0,0,0,0,0,0,0,0,0,0,0,0,0,0,0,0.000222173,0,0.00133304,0,0,0,0.00222173,0,0,0.000222173,0.00311042,0.000222173,0.000444346,0,0.00222173,0,0.00133304,0.00710953,0.00266607,0.00199956,0.00355477,0.00288825,0.00510998,0.00622084,0.863142,0.000666519,0.00666519,0.012886,0.00577649,0.000888691,0.00955343,0.00399911,0.00844257,0.00777605,0.00710953,0.000444346,0.00444346,0,0.00111086,0.00666519,0.000666519,0,0,0,0,0,0.00333259,0.00377694,0,0.0024439,0,0.00755388,0,0,0,0,0,0.00177738,0,0,0,0,0,0,0,0,0,0,0,0,0,0,0,0
10950,0,0,0,0,0,0,0,0,0,0,0,0,0,0,0,0,0,0,0,0,0,0,0,0,0,0,0,0,0.00479452,0,0,0,0.00251142,0,0,0,0.00159817,0,0,0,0.000228311,0.000228311,0.000456621,0.00205479,0.00365297,0.00296804,0.00228311,0.000913242,0.00296804,0.00547945,0.844064,0.000913242,0.00799087,0.0139269,0.00502283,0,0.00844749,0.00525114,0.00456621,0.0271689,0.0111872,0,0.00570776,0,0,0.00799087,0.00342466,0,0.000456621,0,0,0,0.00456621,0.000228311,0,0.00319635,0,0.013242,0,0,0,0,0,0.00251142,0,0,0,0,0,0,0,0,0,0,0,0,0,0,0,0
11000,0,0,0,0,0,0,0,0,0,0,0,0,0,0,0,0,0,0,0,0,0,0,0,0,0,0,0,0,0.00375323,0.000234577,0,0,0.00375323,0.000469153,0.00140746,0,0,0,0,0,0.000234577,0.000234577,0.00164204,0.000234577,0.00117288,0.0039878,0.00633357,0.00140746,0.00281492,0.00844476,0.85034,0.0030495,0.00750645,0.0119634,0.00609899,0,0.0079756,0.0117288,0.00351865,0.0222848,0.00328407,0,0.00633357,0,0.00140746,0.00070373,0,0,0,0,0,0,0.00750645,0.00070373,0,0.00234577,0,0.0129017,0,0,0,0,0,0.00422238,0,0,0,0,0,0,0,0,0,0,0,0,0,0,0,0
11050,0,0,0,0,0,0,0,0,0,0,0,0,0,0,0,0,0,0,0,0,0,0,0,0,0,0,0,0,0.000514536,0.000771803,0,0,0.00514536,0,0.00282995,0,0.00128634,0,0,0.000771803,0.00102907,0.000771803,0.00128634,0.00154361,0.00257268,0.00205814,0.0108052,0.000771803,0.00565989,0.0120916,0.851042,0.00540262,0.0244404,0.0102907,0.00540262,0,0,0.00848984,0.00926164,0.00926164,0.00746077,0,0.00205814,0,0.000771803,0,0,0,0,0,0,0,0.00617443,0.000257268,0,0.000257268,0.000257268,0.00900437,0,0,0,0.000257268,0,0,0,0,0,0,0,0,0,0,0,0,0,0,0,0,0,0
11100,0,0,0,0,0,0,0,0,0,0,0,0,0,0,0,0,0,0.00025974,0,0,0,0.00025974,0,0,0,0,0,0,0.000519481,0,0,0,0.00363636,0.00025974,0.00155844,0.00025974,0.00103896,0,0.00025974,0.000519481,0.00207792,0.0025974,0,0.00519481,0.000779221,0.00181818,0.0116883,0.00103896,0.0038961,0.00909091,0.874805,0.00701299,0.0101299,0.0192208,0.00285714,0,0.00025974,0.00753247,0.00415584,0.00597403,0.00857143,0.00649351,0.0025974,0.000519481,0,0,0,0,0,0,0,0,0,0.00103896,0,0,0,0.00207792,0,0,0,0,0,0,0,0,0,0,0,0,0,0,0,0,0,0,0,0,0,0
11150,0,0,0,0,0,0,0,0,0,0,0,0,0,0,0,0,0,0,0,0,0,0,0,0,0,0,0,0,0.00048158,0,0,0,0.00048158,0.000963159,0.000722369,0.00144474,0.00192632,0,0.000722369,0,0.000963159,0.00024079,0,0.00746448,0.00192632,0.00048158,0.00746448,0.000963159,0.00385264,0.00626053,0.86588,0.00313027,0.00553817,0.0130026,0.00433422,0.000722369,0.00192632,0.0115579,0.00553817,0.0243198,0.013725,0.00818685,0.00288948,0.000963159,0.00024079,0,0.000722369,0,0,0,0,0,0,0.00048158,0,0,0,0.00048158,0,0,0,0,0,0,0,0,0,0,0,0,0,0,0,0,0,0,0,0,0,0
11200,0,0,0,0,0,0,0,0,0,0,0,0,0,0,0,0,0,0,0,0,0,0,0,0,0,0,0.000449539,0,0.00134862,0,0,0,0.000449539,0.00022477,0.000899078,0.00247247,0.00337154,0.000449539,0.0022477,0.00022477,0.00494493,0.000449539,0,0.00696786,0.00427062,0.000899078,0.0051697,0.0022477,0.00134862,0.00674309,0.870982,0.000674309,0.00449539,0.0213531,0.00831648,0.000449539,0.000449539,0.00629355,0.00157339,0.00134862,0.0103394,0.00876601,0.00696786,0.0074174,0.00179816,0,0,0.00112385,0,0,0,0,0,0.00179816,0,0,0,0.000674309,0,0,0,0,0,0,0,0,0,0,0,0,0,0,0,0,0,0,0,0,0,0
11250,0,0,0,0,0,0,0,0,0,0,0,0,0,0,0,0,0,0,0,0,0,0,0,0,0,0,0.00192843,0,0,0,0,0,0,0.000428541,0.000857082,0.00321406,0.00192843,0,0.00235697,0.00192843,0.0021427,0.000857082,0,0.00449968,0.00235697,0,0.000857082,0.00107135,0.000857082,0.0021427,0.874438,0.00492822,0.0119991,0.0263553,0.00149989,0.000428541,0,0.00492822,0.0111421,0.00407114,0.00492822,0.00792801,0.00985644,0.000857082,0.00021427,0.00128562,0,0.0021427,0,0,0,0,0,0.00514249,0,0,0,0.000428541,0,0,0,0,0,0,0,0,0,0,0,0,0,0,0,0,0,0,0,0,0,0
11300,0,0,0,0,0,0,0,0,0,0,0,0,0,0,0,0,0,0,0,0,0,0.000429,0,0,0,0,0.001287,0,0,0,0,0.0002145,0,0,0,0,0.001716,0,0.000858001,0.000429,0.000858001,0.001716,0,0.00600601,0.002574,0.000858001,0.0049335,0.00879451,0.00429,0.003861,0.878593,0.001716,0.0105105,0.0100815,0.001287,0,0.001287,0.003432,0.0019305,0.0105105,0.00879451,0.0109395,0.013299,0.0002145,0.0010725,0.0032175,0.000429,0,0,0.000429,0,0,0,0.003003,0,0.0002145,0,0.0002145,0,0,0,0,0,0,0,0,0,0,0,0,0,0,0,0,0,0,0,0,0,0
11350,0,0,0,0,0,0,0,0,0,0,0,0,0,0,0,0,0,0,0,0,0,0.00183993,0,0.000229991,0,0,0.00160994,0,0,0,0,0,0.000689972,0,0.00160994,0.00183993,0,0,0,0,0.0025299,0.000919963,0,0.00528979,0.000459982,0.00275989,0.00137994,0.0124195,0.00436983,0.0025299,0.879945,0.00206992,0.00965961,0.0101196,0.00229991,0.00114995,0.00528979,0.000459982,0.000919963,0.0117295,0.00666973,0.00344986,0.0144894,0.000689972,0.000229991,0.00183993,0,0,0,0.000689972,0,0,0,0.00643974,0,0.000459982,0,0.000919963,0,0,0,0,0,0,0,0,0,0,0,0,0,0,0,0,0,0,0,0,0,0
11400,0,0,0,0,0,0,0,0,0,0,0,0,0,0,0,0,0,0,0,0,0,0.00139632,0,0,0,0,0.00139632,0,0.00162904,0,0,0,0.000698162,0,0,0,0.000930882,0.00162904,0,0,0.00558529,0,0,0.0134978,0.000465441,0,0.00186176,0.00418897,0.00418897,0.000232721,0.85199,0.00302537,0.0121015,0.0090761,0.00279265,0.0011636,0.0090761,0.000698162,0.000930882,0.0114033,0.00488713,0.00302537,0.0323481,0,0.00186176,0.00279265,0,0,0,0.00721434,0,0,0,0.00674889,0,0,0,0.0011636,0,0,0,0,0,0,0,0,0,0,0,0,0,0,0,0,0,0,0,0,0,0
11450,0,0,0,0,0,0,0,0,0,0,0,0,0,0,0,0,0,0,0.000224165,0,0,0.00044833,0,0,0,0,0,0,0,0,0,0,0.00470746,0.00134499,0,0,0.00246581,0.00134499,0.00201748,0.00044833,0.00425913,0,0,0.0103116,0.00224165,0.00201748,0.00134499,0.00089666,0.00493163,0.000224165,0.843085,0.00156915,0.0107599,0.0132257,0.00336247,0,0.00224165,0.00268998,0.000224165,0.0183815,0.00762161,0.0105358,0.0183815,0,0.00493163,0.00291414,0.0044833,0.00179332,0,0.00268998,0,0,0,0.00246581,0,0.00112082,0,0.000672495,0.00134499,0,0.00627662,0,0,0,0,0,0,0,0,0,0,0,0,0,0,0,0,0,0,0
11500,0,0,0,0,0,0,0,0,0,0,0,0,0,0,0,0,0,0,0,0,0,0.000726041,0,0,0,0,0,0,0,0,0,0,0.00411423,0.000968054,0.000242014,0,0.00145208,0,0.00484027,0,0.00435624,0,0.000484027,0.00435624,0.00629235,0.00459826,0.0169409,0.00701839,0.00314618,0.00847047,0.812682,0.000726041,0.00435624,0.0111326,0.00387222,0.000484027,0,0.0113746,0.00411423,0.0210552,0.0106486,0.00701839,0.017183,0,0.00145208,0.000242014,0.0116167,0.00145208,0,0.00169409,0,0,0,0.00121007,0,0.000726041,0,0,0.00871249,0,0.000242014,0,0,0,0,0,0,0,0,0,0,0,0,0,0,0,0,0,0,0
11550,0,0,0,0,0,0,0,0,0,0,0,0,0,0,0,0,0,0,0,0,0,0.00023218,0,0,0,0,0,0,0,0,0,0,0.00023218,0.00278616,0.00046436,0,0.00139308,0.00023218,0.0023218,0,0.00301834,0,0.00023218,0.00255398,0.00208962,0.00719759,0.00557232,0.00255398,0.00417924,0.00951939,0.841653,0.0046436,0.00208962,0.0058045,0.00162526,0,0,0.0234502,0.0046436,0.00394706,0.0260042,0.00789413,0.0058045,0,0.00371488,0.00162526,0.0162526,0.00162526,0,0,0,0,0,0.00139308,0,0.00046436,0,0,0.00278616,0,0,0,0,0,0,0,0,0,0,0,0,0,0,0,0,0,0,0,0,0
11600,0,0,0,0,0,0,0,0,0,0,0,0,0,0,0,0,0,0,0,0,0,0,0,0,0,0,0,0,0.00070028,0,0,0,0.00070028,0.000466853,0,0,0.00210084,0,0.00186741,0,0.0035014,0,0.000233427,0.00210084,0.00420168,0.00256769,0.00536881,0.00373483,0.00490196,0.00840336,0.8345,0.00396825,0.0035014,0.00676937,0.00630252,0.000466853,0,0.0107376,0.0035014,0.00816993,0.0210084,0.0193744,0.0105042,0,0.00233427,0.00513539,0.0123716,0.00116713,0,0,0,0,0,0.00140056,0,0.000466853,0,0,0.00653595,0.000933707,0,0,0,0,0,0,0,0,0,0,0,0,0,0,0,0,0,0,0,0
11650,0,0,0,0,0,0,0,0,0,0,0,0,0,0,0,0,0,0,0,0,0,0,0,0,0,0,0,0,0.00202293,0,0,0,0.00022477,0,0.000449539,0,0.00179816,0,0.00022477,0,0.000899078,0,0,0.00157339,0.00404585,0.00022477,0.000899078,0.00539447,0.00539447,0.00472016,0.828276,0.0022477,0.00449539,0.0152843,0.00404585,0.00179816,0.00022477,0.0143853,0.00831648,0.00359631,0.0206788,0.00314677,0.0051697,0.000449539,0.00651832,0.0188806,0.0193302,0.00112385,0,0.00112385,0,0,0,0,0,0.00764217,0,0,0.00449539,0.000899078,0,0,0,0,0,0,0,0,0,0,0,0,0,0,0,0,0,0,0,0
11700,0,0,0,0,0,0,0,0,0,0,0,0,0,0,0,0,0,0,0.000494927,0,0,0,0,0,0,0,0,0,0.00148478,0,0,0,0.000494927,0,0.00420688,0,0,0,0.000494927,0.000247463,0,0,0.000494927,0.00296956,0.00222717,0.000494927,0.00173224,0.0054442,0.00197971,0.00767137,0.870577,0.00173224,0.00470181,0.0163326,0.00470181,0.000247463,0.00074239,0.0074239,0.00074239,0.00890869,0.00965108,0.00519673,0.0108884,0,0.00123732,0.00074239,0.00668151,0.00148478,0.000247463,0.000247463,0,0.00148478,0,0,0,0.00915615,0,0,0.00618659,0,0,0,0,0.000247463,0,0,0,0,0,0,0,0,0,0,0,0,0,0,0,0
11750,0,0,0,0,0,0,0,0,0,0,0,0,0,0,0,0,0,0,0.000248694,0,0,0.000994777,0,0,0,0,0,0,0.000746083,0.000248694,0,0,0,0,0.00198955,0,0.000248694,0,0,0,0.000248694,0,0,0.00198955,0.00174086,0.00223825,0.000746083,0.00198955,0.000248694,0.00994777,0.860234,0.000994777,0.0126834,0.0101965,0.0191495,0,0.00547128,0.0116886,0.000497389,0.0141756,0.0101965,0.0044765,0.00348172,0,0,0,0.00522258,0.00397911,0.00124347,0,0,0.00149217,0,0.00124347,0,0.00994777,0,0,0,0,0,0,0,0,0,0,0,0,0,0,0,0,0,0,0,0,0,0,0,0
11800,0,0,0,0,0,0,0,0,0,0,0,0,0,0,0,0,0,0,0,0,0,0,0,0,0,0,0,0,0.000499127,0,0,0,0.00324432,0,0.00324432,0,0.00149738,0,0,0,0.00174694,0.000249563,0,0.00424258,0.00249563,0.00524083,0.000249563,0.00224607,0.00224607,0.00673821,0.831046,0.00149738,0.0147242,0.0107312,0.0102321,0.00199651,0.00374345,0.0102321,0,0.011979,0.0144747,0.0109808,0.0102321,0,0.000249563,0,0.00499127,0.00074869,0.000499127,0,0,0.000998253,0,0.00723733,0,0.0194659,0,0,0,0,0,0,0,0,0,0,0,0,0,0,0,0,0,0,0,0,0,0,0,0
11850,0,0,0,0,0,0,0,0,0,0,0,0,0,0,0,0,0,0,0,0,0,0.000506201,0,0,0,0,0,0,0.0012655,0,0,0,0.00404961,0,0,0,0.00607441,0.0012655,0,0.0010124,0.00404961,0,0,0,0.0022779,0,0.0010124,0,0.0017717,0.00582131,0.853708,0.0012655,0.00911162,0.0146798,0.0179701,0.00278411,0.002531,0.0015186,0.0015186,0.00556821,0.00607441,0.00582131,0.0179701,0,0.0022779,0,0.0121488,0,0,0,0,0.00404961,0,0,0,0.0118957,0,0,0,0,0,0,0,0,0,0,0,0,0,0,0,0,0,0,0,0,0,0,0,0
11900,0,0,0,0,0,0,0,0,0,0,0,0,0,0,0,0,0,0,0,0,0,0.000462535,0,0,0,0,0,0.000231267,0.00300648,0,0,0,0.00185014,0,0.000462535,0,0.00439408,0,0,0,0.00254394,0.000462535,0,0.000231267,0.00508788,0.0013876,0.00277521,0.00115634,0.000925069,0.00693802,0.854995,0.000462535,0.00971323,0.00393154,0.00763182,0.000693802,0.00531915,0.00300648,0.00277521,0.00346901,0.00531915,0.0215079,0.01642,0,0.0101758,0,0.0111008,0,0.000231267,0,0,0.00300648,0,0,0,0.00601295,0,0.000462535,0,0.00185014,0,0,0,0,0,0,0,0,0,0,0,0,0,0,0,0,0,0,0,0
11950,0,0,0,0,0,0,0,0,0,0,0,0,0,0,0,0,0,0,0,0,0,0.000988533,0,0,0,0,0,0,0.00197707,0,0,0,0.000395413,0.00138395,0,0,0.000988533,0,0,0,0.0029656,0.000197707,0.00138395,0.000395413,0.00158165,0.000790826,0.00454725,0.000988533,0.00217477,0.00691973,0.891459,0.00276789,0.00514037,0.00830368,0.00731514,0,0.00850138,0.00316331,0.000988533,0.00711744,0.00395413,0.0029656,0.0112693,0.000395413,0.00355872,0.00118624,0.00158165,0,0,0,0,0.00118624,0,0,0,0.00929221,0,0.000197707,0,0.00197707,0,0,0,0,0,0,0,0,0,0,0,0,0,0,0,0,0,0,0,0
12000,0,0,0,0,0,0,0,0,0,0,0,0,0,0,0,0,0,0,0,0,0,0,0,0,0,0,0,0,0.0016632,0,0,0,0.0010395,0,0,0,0.0035343,0.000623701,0,0,0.0039501,0.0014553,0.0033264,0.00727651,0.0012474,0.000831601,0.0022869,0,0.0012474,0.00665281,0.880873,0.0010395,0.0031185,0.0160083,0.0047817,0.0004158,0.00519751,0.00623701,0.0035343,0.0010395,0.00935551,0.0027027,0.0022869,0.0004158,0.00852391,0,0.000831601,0.000831601,0,0,0,0,0,0.0004158,0,0.010395,0,0,0,0.00686071,0,0,0,0,0,0,0,0,0,0,0,0,0,0,0,0,0,0,0,0
12050,0,0,0,0,0,0,0,0,0,0,0,0,0,0,0,0,0,0,0,0,0,0.001241,0,0,0,0,0,0,0.001241,0,0,0,0.00372301,0,0,0,0.0014892,0.001241,0.000992802,0,0.00496401,0.0019856,0.000992802,0.00769422,0.0022338,0.000248201,0.00446761,0,0.00273021,0.00521221,0.864979,0,0.00570861,0.0138992,0.00719782,0.000248201,0.011169,0.00372301,0.00297841,0.000496401,0.0138992,0.00297841,0.00372301,0.00273021,0.00397121,0.000496401,0.00570861,0.000496401,0,0,0,0,0.000248201,0,0,0.00918342,0,0.001241,0,0.00446761,0,0,0,0,0,0,0,0,0,0,0,0,0,0,0,0,0,0,0,0
12100,0,0,0,0,0,0,0,0,0,0,0,0,0,0,0,0,0,0,0,0,0,0,0,0,0,0,0,0,0,0,0,0,0.00126199,0,0,0,0.000252398,0.00100959,0,0.000252398,0.000504796,0.000757193,0.00100959,0.00605755,0.00100959,0.00227158,0.00353357,0,0.00201918,0.00908632,0.890712,0,0.00429076,0.0118627,0.00731954,0,0.0123675,0.00201918,0.00328117,0.000504796,0.00656234,0.00353357,0.000757193,0.00328117,0.00201918,0,0.00479556,0,0,0,0,0,0,0,0,0.00832913,0,0.00504796,0,0.00429076,0,0,0,0,0,0,0,0,0,0,0,0,0,0,0,0,0,0,0,0
12150,0,0,0,0,0,0,0,0,0,0,0,0,0,0,0,0,0,0,0,0,0,0.000770218,0,0,0,0,0,0,0,0,0,0,0.00154044,0,0,0,0.00487805,0.00154044,0,0.00102696,0.00205392,0.00256739,0.000770218,0.00410783,0.0012837,0.00513479,0.00462131,0,0.00179718,0.0120668,0.853915,0.00462131,0.00513479,0.0189987,0.00564827,0,0.0097561,0.00385109,0.0012837,0.00821566,0.00256739,0.000770218,0.00154044,0.00154044,0.00359435,0,0.00410783,0.000256739,0,0.000256739,0,0,0,0,0,0.00616175,0,0.0084724,0,0.0151476,0,0,0,0,0,0,0,0,0,0,0,0,0,0,0,0,0,0,0,0
12200,0,0,0,0,0,0,0,0,0,0,0,0,0,0,0,0,0,0,0,0,0,0,0,0,0,0,0,0,0.00107124,0,0,0,0.0029459,0.000535619,0,0,0.0029459,0.00374933,0,0,0.000267809,0.00133905,0.00321371,0.00241028,0.00187467,0.0107124,0.00321371,0.00267809,0.00401714,0.0149973,0.847616,0.00508838,0.00615961,0.0192823,0,0.000267809,0.0107124,0.00321371,0,0.00937333,0.00321371,0.00107124,0.00428495,0.00428495,0.000803428,0,0.00321371,0,0,0.000535619,0,0,0,0,0.000267809,0.00964114,0,0.00696304,0,0.00803428,0,0,0,0,0,0,0,0,0,0,0,0,0,0,0,0,0,0,0,0
12250,0,0,0,0,0,0,0,0,0,0,0,0,0,0,0,0,0,0,0,0,0,0,0,0,0,0,0,0,0,0,0,0,0.00363825,0,0,0,0.00337838,0.000519751,0,0.00129938,0,0.0010395,0.00129938,0.0031185,0.00155925,0.0168919,0.00233888,0.00155925,0.0031185,0.0101351,0.847713,0.00233888,0.00597713,0.00727651,0,0,0.0158524,0.00155925,0.00285863,0.00779626,0.00649688,0,0.000519751,0.0031185,0.0031185,0,0.0031185,0,0,0.00337838,0,0,0,0,0.000259875,0.0101351,0,0.00753638,0,0.0210499,0,0,0,0,0,0,0,0,0,0,0,0,0,0,0,0,0,0,0,0
12300,0,0,0,0,0,0,0,0,0,0,0,0,0,0,0,0,0,0,0,0,0,0.000499127,0,0,0,0,0,0,0,0,0,0.00124782,0.00449214,0,0.000249563,0,0.00174694,0,0.000998253,0.00374345,0.00124782,0.00449214,0.00249563,0.00573996,0.00174694,0.0122286,0.00224607,0.000499127,0.00823559,0.00499127,0.861243,0.00299476,0.00074869,0.00573996,0.00074869,0,0.00499127,0.00723733,0.00499127,0.00623908,0.000499127,0,0.00149738,0.00723733,0.0027452,0,0.0027452,0,0,0.00549039,0,0,0,0,0,0.00723733,0,0.00998253,0,0.0107312,0,0,0,0,0,0,0,0,0,0,0,0,0,0,0,0,0,0,0,0
12350,0,0,0,0,0,0,0,0,0,0,0,0,0,0,0,0,0,0,0,0,0,0,0,0,0,0,0,0,0,0,0,0.00369914,0.000986436,0,0,0,0.00690506,0,0.000739827,0.00123305,0.00197287,0.000739827,0,0.00961776,0.00123305,0.0027127,0.00295931,0,0.00172626,0.00221948,0.860912,0.00690506,0.000739827,0.0207152,0,0.00147965,0.00123305,0.017016,0.000246609,0.000986436,0.00123305,0.000739827,0.00320592,0.00172626,0.00147965,0,0.00369914,0.000493218,0,0.00369914,0,0,0.000246609,0.000246609,0,0.0106042,0,0.00937115,0,0.0162762,0,0,0,0,0,0,0,0,0,0,0,0,0,0,0,0,0,0,0,0
12400,0,0,0,0,0,0,0,0,0,0,0,0,0,0,0,0,0,0,0,0,0,0,0,0,0,0,0,0,0.00167906,0,0,0.00287839,0.000479731,0,0.00167906,0,0.00311825,0.000239866,0.00191893,0.000959463,0.0083953,0.000719597,0,0.00575678,0.000959463,0.00311825,0.00287839,0.00119933,0.000959463,0.000719597,0.851283,0.00647637,0.000959463,0.0115136,0.00215879,0.00191893,0.000239866,0.0091149,0.00287839,0.0151115,0.000719597,0,0.0091149,0.0131926,0.000479731,0,0.000719597,0,0,0.00671624,0,0,0,0,0,0.00743584,0,0.00815543,0,0.0141521,0,0,0,0,0,0,0,0,0,0,0,0,0,0,0,0,0,0,0,0
12450,0,0,0,0,0,0,0,0,0,0,0,0,0,0,0,0,0,0,0,0,0,0,0,0,0,0,0,0,0.000235128,0,0,0.000940513,0.00117564,0,0,0.00188103,0.00305667,0.000940513,0.0016459,0,0.00141077,0,0,0.00822949,0.000940513,0.00305667,0.00282154,0.00517282,0,0,0.869034,0.00352692,0.00235128,0.00964025,0.00376205,0.00117564,0.00446743,0.00423231,0.000705384,0.00822949,0.00376205,0,0.00352692,0.0131672,0.0016459,0,0.000705384,0,0,0.0058782,0,0,0,0,0,0.0138726,0,0.00822949,0,0.0105808,0,0,0,0,0,0,0,0,0,0,0,0,0,0,0,0,0,0,0,0
12500,0,0,0,0,0,0,0,0,0,0,0,0,0,0,0,0,0,0,0,0,0,0,0,0,0,0,0,0,0,0,0,0.000248756,0,0,0.000995025,0.000746269,0.00373134,0.00223881,0.000497512,0.000497512,0.00248756,0,0,0.00895522,0.000995025,0.000746269,0.000746269,0.000248756,0,0,0.875871,0.0039801,0.00373134,0.00895522,0.000995025,0.00597015,0.00223881,0.000995025,0.000248756,0.00348259,0.00422886,0.000248756,0.00895522,0.0151741,0.00298507,0,0,0,0,0.0116915,0.000746269,0,0,0.00422886,0,0.0144279,0,0.00547264,0,0.00223881,0,0,0,0,0,0,0,0,0,0,0,0,0,0,0,0,0,0,0,0
12550,0,0,0,0,0,0,0,0,0,0,0,0,0,0,0,0,0,0,0,0,0,0.000503905,0,0,0,0,0,0,0,0,0,0.000251953,0.000251953,0,0.00352734,0.000755858,0.00176367,0.00201562,0,0.000251953,0.00403124,0,0,0.00453515,0,0.00277148,0.00579491,0,0,0.000755858,0.858655,0.00428319,0.00151172,0.0216679,0.00529101,0.00151172,0.00251953,0.00428319,0.00100781,0.0138574,0.000503905,0.00176367,0.0141093,0.00251953,0.0095742,0.00100781,0.000503905,0,0,0.00226757,0.00251953,0,0,0.00453515,0,0.0173847,0,0.00100781,0,0.000503905,0,0,0,0,0,0,0,0,0,0,0,0,0,0,0,0,0,0,0,0
12600,0,0,0,0,0,0,0,0,0,0,0,0,0,0,0,0,0,0,0,0,0,0.000536481,0,0.00107296,0,0,0,0,0.00160944,0,0,0,0.00375536,0,0,0.000536481,0.00295064,0.00187768,0,0.000536481,0.00375536,0,0,0.00643777,0.0013412,0.000804721,0.00536481,0.00187768,0.00026824,0.00026824,0.855687,0.00375536,0.00804721,0.0244099,0.00724249,0.000804721,0.00107296,0.000536481,0,0.0150215,0.00026824,0.00160944,0.0171674,0.0026824,0.00214592,0.00429185,0,0.00026824,0,0.0026824,0,0,0,0.00429185,0,0.00831545,0,0.00107296,0,0.00563305,0,0,0,0,0,0,0,0,0,0,0,0,0,0,0,0,0,0,0,0
12650,0,0,0,0,0,0,0,0,0,0,0,0,0,0,0,0,0,0,0,0,0,0.000253807,0,0,0,0,0,0,0.000761421,0.000253807,0,0,0.00583756,0,0,0.000507614,0.00304569,0,0,0.000507614,0.00482234,0.000507614,0,0.00939086,0.00253807,0.00279188,0.00507614,0.00253807,0.000253807,0.00304569,0.841624,0.0035533,0.00380711,0.0271574,0.00101523,0.00152284,0.00304569,0.00228426,0.000253807,0.00380711,0.00101523,0.00279188,0.014467,0.000761421,0.00862944,0.0129442,0,0,0,0.0170051,0,0,0,0.00101523,0,0.00685279,0,0.000761421,0,0.0035533,0,0,0,0,0,0,0,0,0,0,0,0,0,0,0,0,0,0,0,0
12700,0,0,0,0,0,0,0,0,0,0,0,0,0,0,0,0,0,0,0,0,0,0.000728155,0,0,0,0,0,0,0.0026699,0,0,0,0.00242718,0,0,0.00145631,0.000728155,0.000242718,0.000485437,0,0.00436893,0.00752427,0,0.00242718,0.00606796,0.00995146,0.00703883,0,0,0.00703883,0.839078,0.00169903,0.00631068,0.0371359,0.00218447,0,0.0169903,0,0.000242718,0.000728155,0.000242718,0.0116505,0.00364078,0.0026699,0.00509709,0.00849515,0,0.000242718,0,0.000242718,0,0,0,0.000242718,0,0.00291262,0,0.00315534,0,0.0038835,0,0,0,0,0,0,0,0,0,0,0,0,0,0,0,0,0,0,0,0
12750,0,0,0,0,0,0,0,0,0,0,0,0,0,0,0,0,0,0,0.000253485,0,0,0.00101394,0,0,0,0,0,0,0.000506971,0,0,0,0.00380228,0,0.0017744,0,0.000253485,0,0,0.000253485,0.0017744,0.00481622,0,0.00405577,0,0.00836502,0.00405577,0.00152091,0.00101394,0.00608365,0.844613,0.00405577,0.00304183,0.0281369,0.00202788,0.000506971,0.0326996,0.000253485,0.00202788,0.00152091,0.00405577,0.00887199,0.0017744,0.000506971,0.00785805,0.00329531,0,0,0,0,0,0,0,0.00481622,0,0.000506971,0,0.00912548,0,0.000760456,0,0,0,0,0,0,0,0,0,0,0,0,0,0,0,0,0,0,0,0
12800,0,0,0,0,0,0,0,0,0,0,0,0,0,0,0,0,0,0,0,0,0,0.000248139,0,0,0,0,0,0,0,0.00124069,0.000744417,0,0.00198511,0.00198511,0,0,0.000248139,0.000248139,0,0.000744417,0.00397022,0.000744417,0,0.0044665,0.00148883,0.0119107,0.00124069,0.000496278,0.000992556,0.00521092,0.839454,0.00471464,0.0109181,0.0193548,0.00173697,0.00124069,0.0193548,0.00173697,0.00297767,0.000496278,0.0114144,0.00645161,0.00669975,0.00124069,0.000992556,0.00297767,0,0.000248139,0,0,0.000248139,0,0,0.00272953,0,0,0,0.0153846,0,0.00992556,0,0,0,0,0,0.00173697,0,0,0,0,0,0,0,0,0,0,0,0,0,0
12850,0,0,0,0,0,0,0,0,0,0,0,0,0,0,0,0,0,0,0,0,0,0.000511902,0,0,0,0,0,0,0,0,0,0,0.00255951,0,0,0,0.000511902,0.00511902,0,0,0.00281546,0.00179166,0,0.00204761,0.000255951,0.00767853,0.00460712,0.00511902,0.00332736,0.000767853,0.832608,0.00921423,0.00972613,0.0171487,0.00435116,0.00358331,0.0212439,0.00281546,0,0.000511902,0.0127975,0.00153571,0.0117737,0.00639877,0.00383926,0.00127975,0.000767853,0,0.000255951,0,0,0,0,0.00307141,0,0.00204761,0.000255951,0.010494,0,0.00665472,0,0,0,0,0,0.000511902,0,0,0,0,0,0,0,0,0,0,0,0,0,0
12900,0,0,0,0,0,0,0,0,0,0,0,0,0,0,0,0,0,0,0,0,0,0.000490196,0,0,0,0,0,0,0,0.000245098,0,0,0.00441176,0,0,0,0.00171569,0.00392157,0.000735294,0,0.00196078,0.000980392,0,0.00196078,0.00637255,0.014951,0.00514706,0.00416667,0.00122549,0.00269608,0.84902,0.00906863,0.00465686,0.0313725,0.00343137,0.000245098,0.0120098,0.00269608,0,0,0.00759804,0.000490196,0.00637255,0.00343137,0.000490196,0,0.00220588,0,0,0,0,0,0,0.000245098,0,0.00367647,0.00196078,0.00661765,0,0.00343137,0,0,0,0,0,0,0,0,0,0,0,0,0,0,0,0,0,0,0,0
12950,0,0,0,0,0,0,0,0,0,0,0,0,0,0,0,0,0,0,0,0,0,0,0,0,0,0,0,0,0,0.000513743,0,0,0.000770614,0,0.000256871,0,0.00102749,0,0.00102749,0.000256871,0,0.00770614,0.00256871,0.0017981,0.00488055,0.00796301,0.0071924,0.0035962,0.000256871,0.00642178,0.844079,0.00436681,0.00565117,0.0290265,0.00462368,0.000770614,0.0169535,0.00154123,0,0.00154123,0.00847675,0.00333933,0.00744927,0.000770614,0,0,0,0,0,0,0,0,0,0,0,0.0128436,0.00385307,0.0017981,0,0.00667865,0,0,0,0,0,0,0,0,0,0,0,0,0,0,0,0,0,0,0,0
13000,0,0,0,0,0,0,0,0,0,0,0,0,0,0,0,0,0,0,0,0,0,0.000477669,0,0,0,0,0,0,0,0,0,0,0.00119417,0,0.00143301,0,0,0.000238834,0.000716503,0,0.0062097,0.00143301,0,0.00668737,0.00429902,0.00931455,0.00477669,0.000477669,0.00143301,0.00382135,0.840697,0.00334368,0.00334368,0.0164796,0.0155242,0,0.0138524,0.00406019,0,0.0107476,0.00429902,0.00501552,0.00358252,0,0,0,0,0,0,0,0,0,0,0,0,0.0102699,0.00597086,0.00573203,0,0.0145689,0,0,0,0,0,0,0,0,0,0,0,0,0,0,0,0,0,0,0,0
13050,0,0,0,0,0,0,0,0,0,0,0,0,0,0,0,0,0,0,0,0,0,0,0,0,0,0,0,0,0.000527287,0,0,0,0.0042183,0,0,0,0,0,0.00131822,0,0.00659109,0.000263644,0,0.00580016,0.00131822,0.00210915,0.00843659,0.00131822,0.00263644,0.00316372,0.839177,0.00158186,0.000263644,0.0152913,0.0160823,0,0.0145004,0.0113367,0.000527287,0.0166095,0.00527287,0.00500923,0.00290008,0,0,0,0,0,0,0,0,0,0,0,0,0.00896388,0.00949117,0.00263644,0,0.0126549,0,0,0,0,0,0,0,0,0,0,0,0,0,0,0,0,0,0,0,0
13100,0,0,0,0,0,0,0,0,0,0,0,0,0,0,0,0,0,0,0,0,0,0,0,0,0,0,0,0,0.00267237,0.000534474,0,0,0.00561197,0,0,0,0.00106895,0,0.00133618,0,0.00454303,0.00614645,0.000534474,0.0029396,0.000534474,0.00133618,0.00213789,0.000534474,0.000534474,0.0122929,0.860235,0.0080171,0,0.0160342,0.00481026,0,0.0208445,0.00106895,0.00160342,0.0120257,0.00881881,0.00668092,0.00454303,0,0.00133618,0.00187066,0,0,0,0,0,0,0,0,0,0.00534474,0.00240513,0.00080171,0,0.00080171,0,0,0,0,0,0,0,0,0,0,0,0,0,0,0,0,0,0,0,0
13150,0,0,0,0,0,0,0,0,0,0,0,0,0,0,0,0,0,0,0,0,0,0,0,0,0,0,0,0,0.0047631,0,0,0,0.00426172,0,0.00250689,0,0.000752068,0.000752068,0.000501379,0.000501379,0.00551517,0.00576586,0.000250689,0.00350965,0.00150414,0.00125345,0.00426172,0.00125345,0.00250689,0.0167962,0.827275,0.00501379,0,0.0198045,0.00401103,0.00325896,0.0142893,0.00802206,0.000501379,0.0122838,0.00501379,0.00827275,0.0120331,0,0.0022562,0.0022562,0.000250689,0,0,0,0,0,0,0,0,0.00576586,0.00150414,0,0,0.0115317,0,0,0,0,0,0,0,0,0,0,0,0,0,0,0,0,0,0,0,0
13200,0,0,0,0,0,0,0,0,0,0,0,0,0,0,0,0,0,0,0,0,0,0,0,0,0,0.000262674,0,0,0.00472813,0.000262674,0,0,0.00315209,0,0.000788022,0,0,0,0.00262674,0.000262674,0.00945626,0.00210139,0.00210139,0.00394011,0.000525348,0.00341476,0.00394011,0.000788022,0.00183872,0.0141844,0.841082,0.00656685,0,0.012083,0.00735487,0.00236407,0.00367744,0.0115577,0,0.0223273,0.00394011,0.00288941,0.00551615,0,0.000262674,0.00236407,0,0,0,0,0,0,0,0,0,0.012871,0.000262674,0.00210139,0,0.00840557,0,0,0,0,0,0,0,0,0,0,0,0,0,0,0,0,0,0,0,0
13250,0,0,0,0,0,0,0,0,0,0,0,0,0,0,0,0,0,0,0,0,0,0,0,0,0,0,0,0,0.00081103,0.00135172,0,0,0.00486618,0,0.0018924,0,0,0,0.00135172,0,0.00432549,0.00459584,0,0.00216275,0.00297378,0.00459584,0.00243309,0,0.0113544,0.0081103,0.839416,0.00513652,0.00081103,0.0167613,0.00486618,0.00081103,0.00405515,0.00729927,0,0.0218978,0.00270343,0.0162206,0.00756961,0,0,0.00216275,0.000270343,0,0,0.00081103,0,0,0,0,0,0.0145985,0,0.00162206,0,0.00216275,0,0,0,0,0,0,0,0,0,0,0,0,0,0,0,0,0,0,0,0
13300,0,0,0,0,0,0,0,0,0,0,0,0,0,0,0,0,0,0,0,0,0,0,0,0,0,0,0.00111888,0,0.00167832,0.0013986,0,0,0.00111888,0,0.00027972,0,0,0.00167832,0.00111888,0,0.00335664,0.0153846,0,0.00363636,0.0027972,0.00335664,0.00251748,0.0013986,0.00475524,0.00391608,0.87049,0.0013986,0.00027972,0.0103497,0.0013986,0,0.00755245,0.00475524,0,0.00727273,0.00391608,0.0212587,0.0013986,0,0.00503497,0,0,0,0,0.00475524,0,0,0,0.00027972,0,0.00643357,0,0.00363636,0,0.00027972,0,0,0,0,0,0,0,0,0,0,0,0,0,0,0,0,0,0,0,0
13350,0,0,0,0,0,0,0,0,0,0,0,0,0,0,0,0,0,0,0,0,0,0,0,0,0,0,0,0,0.00184989,0.00105708,0,0,0.00343552,0,0,0,0.00105708,0.000528541,0.00317125,0,0.0142706,0.00581395,0.00184989,0.00475687,0.00422833,0.00819239,0.0044926,0.00105708,0.00924947,0.00211416,0.84778,0.00369979,0.00132135,0.0174419,0.00158562,0.00184989,0.00554968,0.00317125,0.00105708,0.00660677,0.00977801,0.00977801,0.000528541,0,0.00660677,0,0.00290698,0,0,0.00369979,0,0,0,0.00237844,0.00158562,0.00237844,0,0.00317125,0,0,0,0,0,0,0,0,0,0,0,0,0,0,0,0,0,0,0,0,0,0
13400,0,0,0,0,0,0,0,0,0,0,0,0,0,0,0,0,0,0,0,0,0,0,0,0,0,0,0,0,0.00318004,0,0.000733855,0,0.00587084,0,0,0,0.00220157,0.000244618,0.000489237,0,0.00587084,0.0110078,0.000978474,0.00440313,0.00122309,0.00464775,0.0129648,0.00415851,0.00489237,0.00122309,0.835127,0.0053816,0.00122309,0.00856164,0,0,0.0119863,0.00954012,0.00342466,0.00464775,0.013454,0.00978474,0.00220157,0.000489237,0.00611546,0.00146771,0.00318004,0,0.00146771,0.000733855,0.000489237,0,0,0.00636008,0.00171233,0.00220157,0,0.00636008,0,0,0,0,0,0,0,0,0,0,0,0,0,0,0,0,0,0,0,0,0,0
13450,0,0,0,0,0,0,0,0,0,0,0,0,0,0,0,0,0,0,0,0,0,0.000263852,0,0,0,0,0,0,0.00316623,0,0.00211082,0.00131926,0.00422164,0,0.000263852,0,0.00131926,0,0.000263852,0.000791557,0.00369393,0.00131926,0,0.016095,0.00105541,0.00263852,0.00712401,0.00158311,0.00765172,0.00395778,0.859103,0.0108179,0.00290237,0.00263852,0.00158311,0,0.0121372,0.00343008,0.000263852,0.00870712,0.00290237,0.00369393,0.00131926,0.00184697,0.00263852,0.000791557,0.000263852,0,0.000791557,0.000263852,0.000527704,0,0.000263852,0.0055409,0.00844327,0.00237467,0,0.00791557,0,0,0,0,0,0,0,0,0,0,0,0,0,0,0,0,0,0,0,0,0,0
13500,0,0,0,0,0,0,0,0,0,0,0,0,0,0,0,0,0,0,0,0,0,0,0,0,0,0,0,0,0.00105291,0,0,0,0.00631745,0.000263227,0,0,0,0.000263227,0.00157936,0.000263227,0.000526454,0.00157936,0,0.00315873,0.0028955,0.00394841,0.00816004,0.00315873,0.00394841,0.00447486,0.853119,0.00816004,0.0113188,0.00658068,0.00210582,0,0.00184259,0.00368518,0,0.0221111,0.00315873,0.00131614,0.00473809,0.00526454,0.005791,0.0086865,0.000526454,0,0.00368518,0,0.00210582,0,0,0.0028955,0.00105291,0.000526454,0,0.00973941,0,0,0,0,0,0,0,0,0,0,0,0,0,0,0,0,0,0,0,0,0,0
13550,0,0,0,0,0,0,0,0,0,0,0,0,0,0,0,0,0,0,0,0,0,0,0,0,0,0,0,0,0,0.000258532,0,0,0.00336091,0,0.000517063,0,0.00180972,0.000517063,0.000258532,0.000258532,0.00180972,0.00284385,0,0.00206825,0.00155119,0.00258532,0.00853154,0.00387797,0.00465357,0.00206825,0.857808,0.00336091,0.0049121,0.0108583,0.00465357,0,0.00129266,0.0111169,0.000775595,0.0111169,0.012151,0.00517063,0.00775595,0.00439504,0.00439504,0.00336091,0.00129266,0,0,0,0.0103413,0,0,0,0,0.0041365,0,0.0041365,0,0,0,0,0,0,0,0,0,0,0,0,0,0,0,0,0,0,0,0,0,0
13600,0,0,0,0,0,0,0,0,0,0,0,0,0,0,0,0,0,0,0,0,0,0,0,0,0,0.000542152,0,0,0.0010843,0,0,0,0.00271076,0,0.000271076,0,0.00433722,0.000271076,0.00162646,0.00271076,0.0010843,0.00135538,0.000271076,0.00515045,0.00162646,0.00298184,0.00515045,0.00189753,0.00704798,0.00135538,0.863107,0.00352399,0.00650583,0.00731906,0.00433722,0,0.00216861,0.00650583,0.00216861,0.0192464,0.010572,0.000542152,0.00704798,0.00867444,0.00813229,0.000813229,0.00135538,0,0,0,0.00325291,0,0,0,0,0.00243969,0,0.000813229,0,0,0,0,0,0,0,0,0,0,0,0,0,0,0,0,0,0,0,0,0,0
13650,0,0,0,0,0,0,0,0,0,0,0,0,0,0,0,0,0,0,0,0,0,0,0,0,0,0,0,0,0.000271887,0,0,0,0.00489396,0,0.00163132,0,0.000543774,0,0.00244698,0.00108755,0.00761283,0.00163132,0.000271887,0.00543774,0.000271887,0.000543774,0.00815661,0.00788472,0.0163132,0.00135943,0.845024,0.00108755,0.00788472,0.0231104,0.00299076,0,0.000543774,0.0125068,0.00244698,0.00842849,0.00353453,0.00108755,0.00163132,0.00788472,0.0171289,0,0.000271887,0,0,0,0.000271887,0,0,0,0,0.00135943,0,0.00163132,0,0.000815661,0,0,0,0,0,0,0,0,0,0,0,0,0,0,0,0,0,0,0,0
13700,0,0,0,0,0,0,0,0,0,0,0,0,0,0,0,0,0,0,0,0,0,0,0,0,0,0,0,0,0,0,0,0,0.0035999,0.000257136,0.00128568,0,0.00205708,0.00334276,0,0.000257136,0.00848547,0.000257136,0.000771407,0.00539985,0.00154281,0.000514271,0.00231422,0.00462844,0.00771407,0.00308563,0.863975,0.00745693,0.00719979,0.011314,0.00154281,0.00154281,0.000257136,0.00719979,0.000514271,0.0118282,0.00257136,0,0.00771407,0.00334276,0.0192852,0.00128568,0.000514271,0,0.00154281,0,0,0,0,0,0,0.000771407,0,0.00462844,0,0,0,0,0,0,0,0,0,0,0,0,0,0,0,0,0,0,0,0,0,0
13750,0,0,0,0,0,0,0,0,0,0,0,0,0,0,0,0,0,0,0,0,0,0,0,0,0,0,0,0,0.00151362,0,0.00025227,0,0.00100908,0,0.00126135,0,0.00302725,0.00756811,0,0,0.0113522,0.00353179,0,0.00277497,0.00227043,0.00227043,0.0042886,0.00151362,0.00655903,0.0042886,0.81559,0.0126135,0.00655903,0.0204339,0.00126135,0,0.00378406,0.00983855,0.00302725,0.00857719,0.00100908,0.00100908,0.0179112,0.00201816,0.0201816,0.00327952,0,0,0.00378406,0.000504541,0,0,0,0.00151362,0,0,0,0.0123613,0,0.00126135,0,0,0,0,0,0,0,0,0,0,0,0,0,0,0,0,0,0,0,0
13800,0,0,0,0,0,0,0,0,0,0,0,0,0,0,0,0,0,0,0,0,0,0,0,0,0,0,0,0,0.000742758,0,0,0,0.000495172,0,0,0,0.00247586,0.00297103,0.000495172,0,0.011389,0.00297103,0,0.00321862,0.00148552,0.000742758,0.00594206,0.000247586,0.00643724,0.00668482,0.83486,0.00841793,0.00272345,0.0170834,0.000990344,0.000247586,0.00445655,0.0269869,0.00198069,0.00742758,0.000495172,0.00148552,0.0126269,0,0.00817034,0.0034662,0,0,0.00569448,0.000247586,0,0,0,0.0034662,0,0,0.0034662,0.000742758,0.000742758,0.00792275,0,0,0,0,0,0,0,0,0,0,0,0,0,0,0,0,0,0,0,0
13850,0,0,0,0,0,0,0,0,0,0,0,0,0,0,0,0,0,0,0,0,0,0,0,0,0,0,0,0,0.00117206,0,0,0,0,0,0,0,0.00445382,0.00257853,0.000468823,0,0.00421941,0.00539147,0.00164088,0.00304735,0.0021097,0.00140647,0.000234412,0,0.00539147,0.00726676,0.835443,0.00539147,0.00187529,0.0243788,0.00117206,0.000937647,0.00375059,0.0124238,0.00492264,0.00515706,0,0.01594,0.011955,0,0.00703235,0.0110173,0,0,0.000937647,0.000703235,0,0,0,0.00421941,0,0,0.0105485,0.0021097,0,0.000703235,0,0,0,0,0,0,0,0,0,0,0,0,0,0,0,0,0,0,0,0
13900,0,0,0,0,0,0,0,0,0,0,0,0,0,0,0,0,0,0,0,0,0,0,0,0,0,0,0,0,0,0,0.000256608,0,0.00102643,0,0.00461894,0,0.00564537,0.000769823,0.00153965,0,0.00795484,0.0102643,0,0.00179625,0.00307929,0.00307929,0.00179625,0.00102643,0.00641519,0.00821144,0.783936,0.00641519,0.00487555,0.0384911,0.00461894,0.00282268,0.0033359,0.0259174,0.00975109,0.00256608,0,0.020272,0.0133436,0.00179625,0.00256608,0.00384911,0,0,0,0.000769823,0,0,0,0.00718501,0,0,0.00487555,0.00230947,0,0.00282268,0,0,0,0,0,0,0,0,0,0,0,0,0,0,0,0,0,0,0,0
13950,0,0,0,0,0,0,0,0,0,0,0,0,0,0,0,0,0,0,0,0,0,0,0,0,0,0,0,0,0.00089067,0.000222668,0,0,0.00222668,0,0.00200401,0,0.00779336,0,0.00111334,0,0.00489869,0.00289468,0,0.00467602,0,0.00378535,0.000222668,0.000668003,0.00578936,0.00912937,0.813405,0.0171454,0.00445335,0.0313961,0.00489869,0.00356268,0.00244934,0.0200401,0.00356268,0.00311735,0.000222668,0.00668003,0.0075707,0.000445335,0.00244934,0.00356268,0.00311735,0,0,0.000222668,0,0,0,0.00623469,0,0,0.00868403,0.00690269,0.00111334,0.00244934,0,0,0,0,0,0,0,0,0,0,0,0,0,0,0,0,0,0,0,0
14000,0,0,0,0,0,0,0,0,0,0,0,0,0,0,0,0,0,0,0,0,0,0,0,0,0,0,0,0,0.00147747,0,0,0,0.00393992,0,0.000984979,0,0.00172371,0.00049249,0,0,0.00812608,0.00911106,0,0.00295494,0.00049249,0.00615612,0.0049249,0.000738734,0.00418616,0.00886481,0.793647,0.0219158,0.010096,0.0216695,0.00763359,0.00566363,0.00295494,0.0194533,0.00640236,0.00911106,0.000738734,0.00886481,0.0115735,0,0.00147747,0.00123122,0.00147747,0.000246245,0,0.00246245,0,0,0,0.0049249,0,0,0.00196996,0.00861857,0.00246245,0.00123122,0,0,0,0,0,0,0,0,0,0,0,0,0,0,0,0,0,0,0,0
14050,0,0,0,0,0,0,0,0,0,0,0,0,0,0,0,0,0,0,0,0,0,0,0,0,0,0,0,0,0.00157315,0.000524384,0,0,0.00524384,0,0.0031463,0,0,0.000524384,0.000786576,0.00183534,0.00471945,0.00104877,0.00131096,0.00419507,0,0.0183534,0.00157315,0.000786576,0.00865233,0.00760357,0.770058,0.00891453,0.0031463,0.0220241,0.00498165,0.0034085,0.0031463,0.0235973,0.00393288,0.0207132,0.00262192,0.00760357,0.013634,0,0.00131096,0.0125852,0.00419507,0,0,0,0,0,0,0.0188778,0,0,0,0.00786576,0,0.00550603,0,0,0,0,0,0,0,0,0,0,0,0,0,0,0,0,0,0,0,0
14100,0,0,0,0,0,0,0,0,0,0,0,0,0,0,0,0,0,0,0,0,0,0,0,0,0.000263644,0,0,0,0.00131822,0.00263644,0,0,0.00500923,0,0.00158186,0,0,0.00158186,0,0.00158186,0.0060638,0.00263644,0.0018455,0.00632745,0,0.0116003,0.00105457,0.00131822,0.0142368,0.00131822,0.765885,0.011864,0.00474558,0.0290008,0.000263644,0.00105457,0.00131822,0.0166095,0.00316372,0.0195096,0.000790931,0.0102821,0.0113367,0.000790931,0.00474558,0.00711838,0.00922752,0.000263644,0,0,0,0,0.00500923,0.00790931,0,0,0,0.011073,0,0.0176641,0,0,0,0,0,0,0,0,0,0,0,0,0,0,0,0,0,0,0,0
14150,0,0,0,0,0,0,0,0,0,0,0,0,0,0,0,0,0,0,0,0,0,0,0,0,0,0,0,0,0.000706714,0.000235571,0.000471143,0,0.00306243,0,0.000706714,0.00141343,0,0.000706714,0.000471143,0.000471143,0.00306243,0.00400471,0.00282686,0.000471143,0,0.018139,0.003298,0.00471143,0.0150766,0.00141343,0.754299,0.0150766,0.00259128,0.0343934,0.000235571,0.00259128,0.00306243,0.0209658,0.00212014,0.0136631,0,0.00612485,0.00400471,0.00188457,0.0106007,0.00306243,0.006596,0.00282686,0,0.00636042,0.000235571,0,0.000235571,0.00753828,0,0,0,0.0219081,0,0.0174323,0,0,0,0,0,0,0,0,0.000942285,0,0,0,0,0,0,0,0,0,0,0
14200,0,0,0,0,0,0,0,0,0,0,0,0,0,0,0,0,0,0,0,0,0,0,0,0,0,0,0,0,0.000803213,0.000267738,0,0,0.00348059,0,0,0.000803213,0,0,0.00562249,0,0.00107095,0.00240964,0.0021419,0.00348059,0.000267738,0.0195448,0.00294511,0.0021419,0.0109772,0.0139224,0.783936,0.0109772,0.00401606,0.0270415,0.000535475,0,0.00107095,0.0184739,0,0.00803213,0,0.00240964,0.00910308,0,0.011245,0.00107095,0.0198126,0,0,0.00348059,0,0,0,0.0107095,0,0,0,0.00910308,0,0.00883534,0,0,0,0.000267738,0,0,0,0,0,0,0,0,0,0,0,0,0,0,0,0
14250,0,0,0,0,0,0,0,0,0,0,0,0,0,0,0,0,0,0,0,0,0,0,0,0,0,0,0,0,0,0,0,0,0.00551364,0,0.000290192,0.000580383,0.000870575,0.00145096,0.00377249,0,0.00551364,0.00493326,0.00667441,0.00609402,0.000580383,0.0182821,0.00783517,0.000290192,0.00522345,0.0113175,0.795995,0.00754498,0.000580383,0.0290192,0,0,0.00435287,0.00812536,0.000290192,0.012188,0.00261172,0,0.00783517,0,0.00116077,0.000290192,0.0113175,0.00174115,0,0.00580383,0,0,0,0.00580383,0,0,0,0.0226349,0,0.00319211,0,0,0,0,0,0,0,0,0,0.000290192,0,0,0,0,0,0,0,0,0,0
14300,0,0,0,0,0,0,0,0,0,0,0,0,0,0,0,0,0,0,0,0,0,0,0,0,0,0,0.0002849,0,0,0,0,0,0.00569801,0,0.0011396,0,0,0.0002849,0.000854701,0,0.0108262,0.0042735,0.00569801,0.0019943,0.0017094,0.0105413,0.00854701,0.0017094,0.00826211,0.0037037,0.805698,0.0031339,0.002849,0.0267806,0.0014245,0,0.0119658,0.0153846,0.000569801,0.0207977,0,0.0002849,0.0048433,0,0.000854701,0,0.0017094,0,0.000569801,0.00968661,0,0,0,0.00854701,0,0.000569801,0,0.0182336,0,0,0,0,0,0,0,0,0,0,0,0,0,0,0,0.000569801,0,0,0,0,0,0
14350,0,0,0,0,0,0,0,0,0,0,0,0,0,0,0,0,0,0,0,0,0,0,0,0,0,0,0,0,0,0,0,0,0.00106468,0,0,0.00026617,0,0,0.00026617,0,0.00718659,0.00346021,0.00133085,0.00585574,0.00026617,0.00931594,0.00505723,0.00292787,0.00931594,0.0026617,0.809689,0.0146393,0.00239553,0.0106468,0.00558957,0,0.0087836,0.0106468,0.00053234,0.0106468,0.00026617,0.00319404,0.0162364,0,0.00186319,0,0.00372638,0,0,0.00425872,0,0,0,0.00771892,0,0.00425872,0.00053234,0.0327389,0,0,0,0,0,0,0,0,0,0,0,0,0,0,0,0.0026617,0,0,0,0,0,0
14400,0,0,0,0,0,0,0,0,0,0,0,0,0,0,0,0,0,0,0,0,0,0,0,0,0,0.00148544,0,0,0,0,0,0,0.000594177,0,0,0,0,0,0,0.000297089,0.00742721,0,0,0.0026738,0,0.020202,0.00415924,0,0.00237671,0.00920974,0.825312,0.010101,0.010101,0.0157457,0.00326797,0.000297089,0.000297089,0.00713012,0.00505051,0.0130719,0.000594177,0.0193108,0.00237671,0.00118835,0.000594177,0,0.00237671,0,0,0.00207962,0,0,0,0.00564468,0,0.00148544,0.00207962,0.0145573,0,0,0,0,0,0,0,0,0,0,0,0,0,0,0,0.00891266,0,0,0,0,0,0
14450,0,0,0,0,0,0,0,0,0,0,0,0,0,0,0,0,0,0,0,0,0,0,0,0,0,0.000561167,0.000561167,0,0,0,0.000280584,0,0.0016835,0,0,0,0,0,0,0.000561167,0.010101,0.00112233,0.000280584,0.00196409,0.000561167,0.0123457,0.000561167,0,0.010101,0.00364759,0.857744,0.00392817,0.00925926,0.0137486,0,0.000280584,0,0.00420875,0,0.00953984,0.00476992,0.00813692,0.00308642,0.000561167,0.000561167,0.00224467,0.000280584,0,0.000561167,0.00364759,0,0,0,0.00364759,0,0,0.0016835,0.0272166,0,0,0,0,0,0.000280584,0,0,0,0,0,0,0,0,0,0.000280584,0,0,0,0,0,0
14500,0,0,0,0,0,0,0,0,0,0,0,0,0,0,0,0,0,0,0,0,0,0,0,0,0,0.00187819,0,0,0.00241481,0,0.00268312,0,0.000536625,0,0,0,0,0,0,0.000804937,0.00509793,0.00375637,0,0.000536625,0.000268312,0.0104642,0.00348806,0.00348806,0.004293,0.00804937,0.841696,0.00617118,0.0120741,0.012879,0.000268312,0,0.000268312,0.0112691,0,0.00939093,0.0222699,0.00456131,0.00241481,0.000536625,0.000536625,0.00321975,0,0,0.00617118,0.00563456,0,0,0,0.00107325,0.000268312,0,0,0.0115374,0,0,0,0,0,0,0,0,0,0,0,0,0,0,0,0,0,0,0,0,0,0
14550,0,0,0,0,0,0,0,0,0,0,0,0,0,0,0,0,0,0,0,0,0,0,0,0,0,0,0.00132485,0,0.000529942,0.000264971,0.0018548,0,0.00264971,0,0,0,0,0,0.00158983,0.00370959,0.00715421,0.00794913,0,0.00238474,0.000264971,0.00768415,0.00105988,0,0.00741918,0.0045045,0.838103,0.00741918,0.00529942,0.00900901,0.00158983,0.00132485,0.00291468,0.00529942,0.000529942,0.017753,0.0111288,0.000794913,0.00529942,0.00423953,0.00264971,0.0063593,0,0,0.00794913,0.0127186,0,0,0,0.00105988,0,0,0,0.0082141,0,0,0,0,0,0,0,0,0,0,0,0,0,0,0,0,0,0,0,0,0,0
14600,0,0,0,0,0,0,0,0,0,0,0,0,0,0,0,0,0,0,0,0,0,0,0,0,0,0,0.000544514,0.000544514,0.000544514,0.000272257,0.000544514,0,0.00490063,0,0.000272257,0,0,0,0.00435611,0.00217806,0.00680643,0.000816771,0,0.00653417,0,0.0114348,0.00980125,0,0.00517288,0.00163354,0.82031,0.00707868,0.0038116,0.000816771,0.00626191,0.000544514,0.0111625,0.0125238,0,0.0236864,0.00653417,0.00108903,0.00653417,0.00408386,0.000272257,0,0,0,0.00299483,0.0215083,0,0,0,0,0,0,0,0.0133406,0.00108903,0,0,0,0,0,0,0,0,0,0,0,0,0,0,0,0,0,0,0,0,0
14650,0,0,0,0,0,0,0,0,0,0,0,0,0,0,0,0,0,0,0,0,0,0,0,0,0,0.00245023,0,0.000306279,0,0,0,0,0.00336907,0,0.000612557,0,0.000306279,0.00459418,0.00245023,0.00275651,0.00336907,0.00735069,0,0.00214395,0.000918836,0.0101072,0.0116386,0,0.0143951,0.0042879,0.791424,0.00551302,0.00673813,0.011026,0.00398162,0,0.00612557,0.0192956,0,0.00826953,0.0165391,0.000918836,0.00980092,0.00490046,0.000918836,0.00275651,0,0,0.0058193,0.0153139,0,0,0,0,0,0,0,0.0196018,0,0,0,0,0,0,0,0,0,0,0,0,0,0,0,0,0,0,0,0,0,0
14700,0,0,0,0,0,0,0,0,0,0,0,0,0,0,0,0,0,0,0,0,0,0,0,0,0,0,0,0,0.0014637,0,0.00029274,0,0.00556206,0.00029274,0,0.00117096,0,0.00468384,0.0029274,0,0.00380562,0.0043911,0,0.00087822,0.00058548,0.0105386,0.00409836,0,0.00673302,0.00819672,0.792447,0.0152225,0.0102459,0.0222482,0.00468384,0,0.0117096,0.013466,0.00204918,0.0122951,0.0143443,0.00087822,0.00761124,0.00117096,0.00117096,0.0014637,0,0,0,0.0175644,0,0,0,0,0,0,0.00087822,0.00936768,0,0,0,0,0,0,0,0,0,0,0,0,0,0,0,0.00556206,0,0,0,0,0,0
14750,0,0,0,0,0,0,0,0,0,0,0,0,0,0,0,0,0,0,0,0,0,0,0,0,0,0.000310849,0,0,0,0,0.00124339,0,0.00621697,0,0,0.00248679,0,0.00341933,0.00683867,0,0.00714952,0.00963631,0.00155424,0.00279764,0.00341933,0.00963631,0.00279764,0,0.00435188,0.00404103,0.801679,0.00994716,0.00746037,0.00901461,0.00186509,0,0.00559528,0.0167858,0,0.0139882,0.00279764,0.00248679,0.016475,0.00497358,0.00186509,0.00279764,0,0,0,0.0108797,0,0,0.00186509,0,0,0,0.00310849,0.00839291,0.000621697,0,0,0,0,0,0,0,0,0,0,0,0,0,0,0.0115014,0,0,0,0,0,0
14800,0,0,0,0,0,0,0,0,0,0,0,0,0,0,0,0,0,0,0,0,0,0,0,0,0,0,0,0,0,0,0.00094162,0,0.0103578,0,0.00125549,0.000627746,0,0.000627746,0.00094162,0,0.00784683,0.00282486,0,0.00596359,0.00784683,0.00659134,0.00156937,0,0.00439422,0.00533584,0.790019,0.0204018,0.0109856,0.0141243,0,0,0.00439422,0.0112994,0,0.0081607,0.0109856,0.00345261,0.00439422,0.0119272,0.00219711,0.000627746,0,0,0,0.0229127,0,0,0.000313873,0,0,0,0.00188324,0.0232266,0,0,0,0,0,0,0,0,0,0,0,0,0,0,0,0.00156937,0,0,0,0,0,0
14850,0,0,0,0,0,0,0,0,0,0,0,0,0,0,0,0,0,0,0,0,0,0,0,0,0,0,0,0,0,0,0.000831947,0,0.00776484,0.00110926,0.0036051,0,0.00305047,0.000554631,0,0.000554631,0.00499168,0.00610094,0.00388242,0.00305047,0.00110926,0.000554631,0.000277316,0,0.0088741,0.00582363,0.79645,0.0199667,0.0088741,0.0163616,0,0.00277316,0.0108153,0.00831947,0.000554631,0.0152524,0.0088741,0.00471436,0.00748752,0.000554631,0.00110926,0.000277316,0,0,0.00194121,0.0110926,0,0,0,0,0,0,0.010538,0.0219079,0,0,0,0,0,0,0,0,0,0,0,0,0,0,0,0,0,0,0,0,0,0
14900,0,0,0,0,0,0,0,0,0,0,0,0,0,0,0,0,0,0,0,0,0,0,0,0,0,0,0,0,0,0,0.000309693,0,0.00216785,0.000619387,0.00340663,0.000619387,0.00309693,0.00154847,0,0.00247755,0.00619387,0.00619387,0.00123877,0.00340663,0,0.000619387,0.00681325,0,0.00526479,0.0108393,0.812016,0.0105296,0.00588417,0.0219882,0,0.00433571,0.00526479,0.00619387,0,0.0102199,0.011149,0.00340663,0.0133168,0.00185816,0.0105296,0,0,0,0.00557448,0.0096005,0,0,0,0.000309693,0,0,0.0092908,0.00340663,0.000309693,0,0,0,0,0,0,0,0,0,0,0,0,0,0,0,0,0,0,0,0,0
14950,0,0,0,0,0,0,0,0,0,0,0,0,0,0,0,0,0,0,0,0,0,0,0,0,0,0,0,0,0,0,0,0,0.00128205,0,0,0,0.000961538,0,0,0.00352564,0.0150641,0.0115385,0.00224359,0.0025641,0,0.000320513,0.00352564,0.000320513,0.000320513,0.00384615,0.836218,0.0150641,0.000320513,0.0227564,0,0.000961538,0.00769231,0.00288462,0,0.0137821,0.0099359,0.00833333,0.00480769,0.00224359,0.00320513,0,0,0,0.00160256,0.0137821,0,0,0,0,0,0,0.0099359,0.000320513,0.000641026,0,0,0,0,0,0,0,0,0,0,0,0,0,0,0,0,0,0,0,0,0
15000,0,0,0,0,0,0,0,0,0,0,0,0,0,0,0,0,0,0,0,0,0,0,0,0,0,0,0,0,0,0,0,0,0.00585556,0,0,0.00130124,0.00487964,0.000325309,0.000325309,0.00292778,0.00878334,0.0120364,0.000650618,0.000325309,0.00195185,0.00455433,0.0035784,0,0.0035784,0.00975927,0.783019,0.0270007,0,0.0361093,0,0,0.0169161,0,0,0.0172414,0.0188679,0.00683149,0.00227716,0.00455433,0.000975927,0,0,0,0,0.0100846,0,0,0,0,0,0,0.0117111,0.0035784,0,0,0,0,0,0,0,0,0,0,0,0,0,0,0,0,0,0,0,0,0,0
15050,0,0,0,0,0,0,0,0,0,0,0,0,0,0,0,0,0,0,0,0,0,0,0,0,0,0,0,0,0,0,0,0,0.00745739,0.000355114,0.000355114,0.000355114,0.00497159,0.00142045,0,0.000355114,0.00603693,0.0202415,0,0.00106534,0,0.0191761,0.0053267,0.00177557,0.000355114,0.00177557,0.751065,0.0191761,0.00177557,0.0550426,0,0.000355114,0.018821,0.00213068,0.000355114,0.015625,0.0252131,0.00390625,0,0,0,0.00142045,0,0,0.00390625,0.0223722,0,0,0,0,0,0,0.00213068,0.00568182,0,0,0,0,0,0,0,0,0,0,0,0,0,0,0,0,0,0,0,0,0,0
15100,0,0,0,0,0,0,0,0,0,0,0,0,0,0,0,0,0,0,0,0,0,0,0,0,0,0,0,0,0.000378501,0,0,0,0.00794852,0,0.0011355,0,0.001514,0.00340651,0,0.00454201,0.00340651,0.00264951,0,0.00189251,0,0.016654,0.00908403,0.00454201,0.000378501,0.001514,0.808478,0.0268736,0.00264951,0.0401211,0,0,0.00681302,0.00189251,0,0.0162755,0.00227101,0,0,0,0.000757002,0.00794852,0,0,0.00416351,0.012869,0,0,0,0,0,0,0.00416351,0.00529902,0.000378501,0,0,0,0,0,0,0,0,0,0,0,0,0,0,0,0,0,0,0,0,0
15150,0,0,0,0,0,0,0,0,0,0,0,0,0,0,0,0,0,0,0,0,0,0,0,0,0,0,0,0,0.000681199,0,0.0027248,0,0.00919619,0,0,0,0.000681199,0,0,0.001703,0.00408719,0.0020436,0,0.00442779,0.00340599,0.00987738,0.00885559,0.0027248,0.0010218,0.00579019,0.813692,0.0224796,0.0023842,0.0381471,0.0010218,0,0.00613079,0.001703,0,0.00919619,0.000340599,0,0,0,0,0.0224796,0,0,0.015327,0.00340599,0,0,0,0.000681199,0,0,0.001703,0.0010218,0.0020436,0,0,0.0010218,0,0,0,0,0,0,0,0,0,0,0,0,0,0,0,0,0,0
15200,0,0,0,0,0,0,0,0,0,0,0,0,0,0,0,0,0,0,0,0,0,0,0,0,0,0,0,0,0,0,0,0,0.00668693,0,0,0,0.000303951,0.000303951,0,0.00334347,0.00607903,0.00303951,0,0.00364742,0.00121581,0.00729483,0.0106383,0.00455927,0.000911854,0.0142857,0.783587,0.018845,0.00121581,0.0246201,0.00151976,0,0.00911854,0.00607903,0,0.0106383,0.000607903,0.000911854,0.00364742,0,0,0.0416413,0.00243161,0,0.0148936,0.00668693,0,0,0,0,0,0,0,0.00607903,0.00303951,0,0,0.00212766,0,0,0,0,0,0,0,0,0,0,0,0,0,0,0,0,0,0
15250,0,0,0,0,0,0,0,0,0,0,0,0,0,0,0,0,0,0,0,0,0,0,0,0,0,0,0,0,0,0,0,0,0.00573797,0,0,0.000318776,0.00223143,0.00573797,0,0.00159388,0.00414409,0.00191266,0,0.00159388,0,0.00191266,0.0102008,0.00159388,0.00605674,0.0137074,0.821485,0.00733185,0.00255021,0.0430347,0,0,0.012751,0.00828817,0.000637552,0.00541919,0,0,0.00478164,0,0,0.0105196,0.00637552,0,0.00382531,0,0,0,0,0,0,0,0,0.0108384,0.00191266,0,0,0.00350653,0,0,0,0,0,0,0,0,0,0,0,0,0,0,0,0,0,0
15300,0,0,0,0,0,0,0,0,0,0,0,0,0,0,0,0,0,0,0,0,0,0,0,0,0,0,0,0.000897398,0,0.00119653,0,0,0.0017948,0,0,0,0.000598265,0.000897398,0,0.000598265,0.00388872,0.00269219,0,0.00837571,0,0.00388872,0.00717918,0.00119653,0.00149566,0.00987137,0.852827,0.00717918,0.00239306,0.031708,0.00119653,0.000897398,0.00837571,0.024828,0.00119653,0.00508525,0.00119653,0.000598265,0.00508525,0,0,0.00388872,0.000299133,0,0.00239306,0.000299133,0,0,0,0,0,0,0,0.00598265,0,0,0,0,0,0,0,0,0,0,0,0,0,0,0,0,0,0,0,0,0,0
15350,0,0,0,0,0,0,0,0,0,0,0,0,0,0,0,0,0,0,0,0,0,0,0,0,0,0,0,0,0,0,0.000593648,0,0.00178094,0,0,0,0.00148412,0.00267142,0,0.000593648,0.00593648,0.00534283,0,0.010092,0.00207777,0.00474918,0.0109825,0.00267142,0.00504601,0.0231523,0.802909,0.0112793,0.00178094,0.032057,0.0011873,0.00178094,0.00593648,0.0216682,0.000593648,0.0062333,0.00237459,0,0.00563966,0.000593648,0.000593648,0,0.00593648,0,0.010092,0,0,0,0,0.000890472,0,0,0,0.0112793,0,0,0,0,0,0,0,0,0,0,0,0,0,0,0,0,0,0,0,0,0,0
15400,0,0,0,0,0,0,0,0,0,0,0,0,0,0,0,0,0,0,0,0,0,0,0,0,0,0,0,0,0,0,0.000286533,0,0,0,0,0.000286533,0.00315186,0.00315186,0,0,0.00830946,0.000286533,0,0.017192,0,0.0025788,0.0100287,0.0114613,0.00630372,0.012894,0.796848,0.0194842,0.00515759,0.0312321,0.00515759,0.00114613,0.00744986,0.0197708,0.00143266,0.00802292,0.000573066,0.00315186,0.00286533,0.000286533,0,0.00401146,0.000859599,0,0.0117479,0.000286533,0,0,0,0.000286533,0,0.00229226,0,0.00200573,0,0,0,0,0,0,0,0,0,0,0,0,0,0,0,0,0,0,0,0,0,0
15450,0,0,0,0,0,0,0,0,0,0,0,0,0,0,0,0,0,0,0,0,0,0,0,0,0,0,0,0,0.00215692,0,0,0,0,0,0,0.000269614,0.00350499,0.000808843,0,0,0.01402,0.000808843,0,0.010515,0,0.0018873,0.0107846,0.00808843,0.00808843,0.00674036,0.789161,0.0172553,0.00970612,0.0296576,0.0199515,0.00350499,0.00781882,0.0204907,0,0.00674036,0,0.00134807,0.00620113,0,0,0,0,0,0.00700998,0.000269614,0,0,0.000808843,0.00134807,0,0.00943651,0,0,0.00161769,0,0,0,0,0,0,0,0,0,0,0,0,0,0,0,0,0,0,0,0,0
15500,0,0,0,0,0,0,0,0,0,0,0,0,0,0,0,0,0,0,0,0,0,0,0,0,0,0,0,0,0,0,0,0,0.00166067,0,0,0,0.000276778,0.000553557,0,0,0.00581234,0.000830335,0,0.00858013,0,0.00221423,0.00304456,0.00276778,0.002491,0.00858013,0.775256,0.0304456,0.00941046,0.0509272,0.00415167,0.00498201,0.00415167,0.0232494,0,0.00442845,0.000276778,0.00470523,0.00774979,0,0,0,0,0,0.0210352,0.00166067,0,0,0.000276778,0.00664268,0,0.00608912,0,0.000553557,0.00415167,0,0,0,0,0,0,0,0,0,0,0,0,0,0,0.00304456,0,0,0,0,0,0
15550,0,0,0,0,0,0,0,0,0,0,0,0,0,0,0,0,0,0,0,0,0,0,0,0,0,0.000615195,0,0,0,0,0,0,0.00615195,0,0,0,0,0.000307598,0,0,0.00461396,0.00492156,0.000307598,0.00123039,0,0.00984313,0.0132267,0.00584436,0.00553676,0.00369117,0.810827,0.0239926,0.00153799,0.0492156,0.00123039,0.00645955,0.00430637,0.0135343,0,0.000307598,0.00123039,0.000307598,0.000307598,0,0.000307598,0.000615195,0.00123039,0,0.00492156,0.00123039,0,0,0.000307598,0.0144571,0,0.00522916,0,0.000615195,0,0,0,0,0,0,0,0,0,0,0,0,0,0,0,0.00153799,0,0,0,0,0,0
15600,0,0,0,0,0,0,0,0,0,0,0,0,0,0,0,0,0,0,0,0,0,0,0,0,0,0,0,0,0,0,0,0,0.0145241,0,0,0.000309023,0,0,0,0,0.0105068,0.0052534,0.00216316,0.00494438,0,0.00463535,0.0237948,0.00339926,0.00432633,0.00247219,0.803152,0.025958,0.00710754,0.0213226,0,0.00710754,0.0052534,0.013597,0,0,0.000309023,0.000618047,0,0.00185414,0,0.00123609,0.00123609,0,0.000618047,0,0,0,0,0.026267,0,0.00463535,0,0.00123609,0.00216316,0,0,0,0,0,0,0,0,0,0,0,0,0,0,0,0,0,0,0,0,0
15650,0,0,0,0,0,0,0,0,0,0,0,0,0,0,0,0,0,0,0,0,0,0,0,0,0,0,0,0,0.000328407,0,0,0,0.0128079,0,0,0.000328407,0.000328407,0.00229885,0,0,0.00656814,0.00295567,0,0.00229885,0,0.00164204,0.00821018,0.00788177,0.000328407,0.00295567,0.821018,0.0131363,0.00656814,0.0233169,0.00295567,0.00591133,0.000985222,0.0091954,0.000328407,0,0,0.00164204,0.00722496,0.000656814,0,0.00656814,0.00985222,0,0.00164204,0.0045977,0,0,0.00131363,0.0180624,0,0.0045977,0,0.00426929,0.00722496,0,0,0,0,0,0,0,0,0,0,0,0,0,0,0,0,0,0,0,0,0
15700,0,0,0,0,0,0,0,0,0,0,0,0,0,0,0,0,0,0,0,0,0,0,0,0,0,0,0,0,0,0,0,0,0.00582713,0,0,0,0.00388475,0.000323729,0.000971188,0.000323729,0.00517967,0.000971188,0,0.00582713,0.000647459,0.000323729,0.0132729,0.00226611,0.00323729,0.00194238,0.843315,0.0103593,0.00323729,0.00647459,0.00420848,0.0055034,0.00129492,0.0216899,0.00356102,0,0,0.00226611,0.00194238,0.000647459,0,0.00679832,0.000323729,0.000323729,0,0.00194238,0,0.0055034,0.00161865,0.0258983,0,0.00161865,0,0,0.00647459,0,0,0,0,0,0,0,0,0,0,0,0,0,0,0,0,0,0,0,0,0
15750,0,0,0,0,0,0,0,0,0,0,0,0,0,0,0,0,0,0,0,0,0,0,0,0,0,0,0,0,0,0,0,0,0.003001,0,0,0.000666889,0.00500167,0.00166722,0.00133378,0,0.00733578,0.00333444,0.00100033,0.00800267,0,0.00200067,0.00400133,0.00166722,0.00266756,0.000666889,0.837946,0.0143381,0.00666889,0.0213404,0.00333444,0.00166722,0.00233411,0.0130043,0.00366789,0,0,0.00233411,0.00100033,0.00100033,0,0.00666889,0,0.000666889,0,0.00633545,0.000666889,0.0103368,0,0.0243414,0,0,0,0,0,0,0,0,0,0,0,0,0,0,0,0,0,0,0,0,0,0,0,0,0,0
15800,0,0,0,0,0,0,0,0,0,0,0,0,0,0,0,0,0,0,0,0,0,0,0,0,0,0,0,0,0,0,0,0,0.00223001,0,0.000318573,0.000955718,0.0035043,0.0108315,0.00223001,0,0.00541574,0.00605288,0.000637146,0.0133801,0,0.00318573,0.00223001,0.00223001,0.00191144,0.00254858,0.836254,0.01115,0.00509716,0.0219815,0.0070086,0.000955718,0.000637146,0.00955718,0.00477859,0,0.00127429,0.00446002,0.000318573,0.00127429,0,0.0140172,0,0.00223001,0,0.00860147,0.000318573,0.00127429,0,0.00987576,0,0,0,0.00127429,0,0,0,0,0,0,0,0,0,0,0,0,0,0,0,0,0,0,0,0,0,0
15850,0,0,0,0,0,0,0,0,0,0,0,0,0,0,0,0,0,0,0,0,0,0,0,0,0,0,0,0,0,0,0,0,0.00491854,0.000307409,0.000922226,0,0.000614817,0.00276668,0,0.00430372,0.00461113,0.00799262,0,0.00645558,0.00215186,0.000307409,0.00399631,0.00215186,0.00491854,0.00215186,0.862896,0.0110667,0.00215186,0.0159852,0.0141408,0.000307409,0,0.0107593,0.0036889,0.0036889,0.000614817,0.00184445,0.000922226,0.000307409,0,0.0141408,0,0.00153704,0,0.00276668,0,0.000614817,0,0.00307409,0,0,0.000922226,0,0,0,0,0,0,0,0,0,0,0,0,0,0,0,0,0,0,0,0,0,0,0
15900,0,0,0,0,0,0,0,0,0,0,0,0,0,0,0,0,0,0,0,0,0,0,0,0,0,0,0,0,0,0,0,0,0.00479473,0.00029967,0.00359604,0,0,0.000599341,0,0.00029967,0.00599341,0.00209769,0,0.00629308,0.00119868,0.00029967,0.00359604,0.00239736,0,0.00449506,0.828589,0.00869044,0.0101888,0.0101888,0.0335631,0,0.00119868,0.0155829,0.00119868,0.00599341,0,0.000599341,0.00419539,0.00569374,0.0050944,0.0119868,0.00029967,0,0.000899011,0.00419539,0,0.00029967,0,0.00928978,0,0,0,0.00629308,0,0,0,0,0,0,0,0,0,0,0,0,0,0,0,0,0,0,0,0,0,0
15950,0,0,0,0,0,0,0,0,0,0,0,0,0,0,0,0,0,0,0,0,0,0,0,0,0,0,0,0,0,0,0,0,0.000957549,0.000319183,0.000319183,0,0.0019151,0,0,0,0.00510693,0.000638366,0,0.0019151,0.00255346,0,0.00383019,0,0,0.00159591,0.844877,0.0290456,0.00957549,0.00734121,0.00957549,0.000638366,0.00127673,0.0111714,0,0.00446856,0.00383019,0.000319183,0.0150016,0.010533,0.00989467,0.00542611,0.00287265,0,0.000319183,0.00319183,0,0.000638366,0,0.00223428,0,0,0,0.00861794,0,0,0,0,0,0,0,0,0,0,0,0,0,0,0,0,0,0,0,0,0,0
16000,0,0,0,0,0,0,0,0,0,0,0,0,0,0,0,0,0,0,0,0,0,0,0,0,0,0,0,0,0,0,0,0,0.00260501,0,0.000651254,0,0,0,0.000651254,0.000651254,0.0179095,0.00130251,0,0.0048844,0.00097688,0.00097688,0.00227939,0,0,0.00162813,0.838815,0.0201889,0.0048844,0.0104201,0.00325627,0,0.00162813,0.0250733,0,0.00911755,0.00716379,0.00325627,0.00879192,0.0097688,0.00423315,0.0048844,0.00097688,0.00130251,0.00195376,0.00748942,0,0,0,0,0,0,0,0.00227939,0,0,0,0,0,0,0,0,0,0,0,0,0,0,0,0,0,0,0,0,0,0
16050,0,0,0,0,0,0,0,0,0,0,0,0,0,0,0,0,0,0,0,0,0,0,0,0,0,0,0,0,0,0,0.0013741,0,0.00103057,0,0.0027482,0,0.00377877,0.000343525,0.000687049,0.00103057,0.0027482,0.000687049,0,0.00687049,0.00309172,0.00103057,0.00755754,0.00480934,0,0.0013741,0.840605,0.0140845,0.00343525,0.00893164,0.00480934,0,0.00961869,0.0171762,0,0.00996221,0.0185503,0.000343525,0.00755754,0.00480934,0,0.00309172,0.00171762,0.000687049,0.000343525,0.00927516,0,0,0,0,0,0,0,0.00583992,0,0,0,0,0,0,0,0,0,0,0,0,0,0,0,0,0,0,0,0,0,0
16100,0,0,0,0,0,0,0,0,0,0,0,0,0,0,0,0,0,0,0,0,0,0,0,0,0,0.00102634,0,0,0.00273691,0,0.000342114,0,0.0071844,0,0.000342114,0,0.00650017,0.000342114,0.000684229,0,0.00136846,0.000684229,0,0.0147109,0.000684229,0.000342114,0.00547383,0.00444749,0,0.00513171,0.847075,0.00684229,0.00136846,0.0071844,0.0109477,0,0.0047896,0.0184742,0.000342114,0.0109477,0.0171057,0.000342114,0.00205269,0.00444749,0,0.000684229,0.00136846,0,0.000342114,0.00650017,0,0.00102634,0,0,0,0,0,0.00615806,0,0,0,0,0,0,0,0,0,0,0,0,0,0,0,0,0,0,0,0,0,0
16150,0,0,0,0,0,0,0,0,0,0,0,0,0,0,0,0,0,0,0,0,0,0,0,0,0,0.00344709,0,0,0,0,0,0,0.0037918,0,0.00103413,0,0.00999655,0.00206825,0.000689417,0.00137883,0.0079283,0.00275767,0,0.010686,0.00241296,0,0.00310238,0.00137883,0,0.0041365,0.821096,0.0130989,0.0041365,0.00999655,0.00689417,0.000344709,0,0.0124095,0,0.00827301,0.00448121,0.00275767,0.00827301,0.0113754,0,0.0041365,0,0,0.00241296,0,0,0,0,0,0,0,0,0.035505,0,0,0,0,0,0,0,0,0,0,0,0,0,0,0,0,0,0,0,0,0,0
16200,0,0,0,0,0,0,0,0,0,0,0,0,0,0,0,0,0,0,0,0,0,0,0,0,0,0,0,0.000328407,0.00295567,0,0,0,0.00131363,0,0.000656814,0,0.00328407,0.00164204,0.000656814,0.000656814,0.0128079,0.0108374,0.00197044,0.0091954,0.00361248,0.00164204,0.0118227,0.000328407,0.000985222,0.00623974,0.834154,0.0141215,0.00558292,0.019376,0.00328407,0.00197044,0.000328407,0.00426929,0,0.00262726,0.010509,0.00558292,0.00788177,0.00229885,0,0.00426929,0,0,0.00131363,0,0,0,0,0,0,0,0.000985222,0.00985222,0.000656814,0,0,0,0,0,0,0,0,0,0,0,0,0,0,0,0,0,0,0,0,0
16250,0,0,0,0,0,0,0,0,0,0,0,0,0,0,0,0,0,0,0,0,0,0,0,0,0,0,0,0,0,0,0,0,0.00190549,0.00190549,0,0,0.000381098,0.00152439,0.000381098,0,0.00571646,0.00304878,0.00381098,0.0179116,0,0.00304878,0.00342988,0.000762195,0.000762195,0.00190549,0.823552,0.0228659,0.00266768,0.0282012,0.00419207,0,0.00228659,0.00190549,0,0,0.00647866,0.00762195,0.0175305,0.00609756,0,0.00724085,0,0,0.0129573,0.000762195,0,0,0.00190549,0.00152439,0,0,0.00495427,0.000762195,0,0,0,0,0,0,0,0,0,0,0,0,0,0,0,0,0,0,0,0,0,0
16300,0,0,0,0,0,0,0,0,0,0,0,0,0,0,0,0,0,0,0,0,0,0,0,0,0,0,0,0.00108147,0,0.00216294,0,0,0.00684932,0,0,0,0.00144196,0,0.00036049,0.000720981,0.0266763,0.00720981,0.00252343,0.0129776,0.00036049,0.00612833,0.00684932,0.00612833,0,0.00108147,0.780101,0.0129776,0.00576784,0.0151406,0.00396539,0.00108147,0,0.00324441,0.000720981,0,0.0122567,0.0118962,0.0252343,0.0122567,0,0.0155011,0,0,0.00612833,0.00252343,0,0,0.00036049,0,0,0,0.00829128,0,0,0,0,0,0,0,0,0,0,0,0,0,0,0,0,0,0,0,0,0,0,0
16350,0,0,0,0,0,0,0,0,0,0,0,0,0,0,0,0,0,0,0,0,0,0,0,0,0,0,0,0,0.00268496,0,0,0,0.00208831,0,0,0,0.00894988,0,0,0,0.0119332,0.00298329,0,0.00417661,0.00149165,0.00865155,0.00328162,0.00298329,0.00178998,0.000596659,0.815931,0.00835322,0.00447494,0.0110382,0.00626492,0.00387828,0.00178998,0.00536993,0.000298329,0,0.00865155,0.00805489,0.0155131,0.0125298,0,0.0113365,0.000596659,0,0.00626492,0.00447494,0,0,0.000298329,0.000298329,0,0,0.0214797,0.00149165,0,0,0,0,0,0,0,0,0,0,0,0,0,0,0,0,0,0,0,0,0,0
16400,0,0,0,0,0,0,0,0,0,0,0,0,0,0,0,0,0,0,0,0,0,0,0,0,0,0,0,0,0,0.00157729,0,0,0,0.000630915,0.000630915,0.000315457,0.00694006,0,0,0,0.00315457,0.00694006,0,0.00473186,0.00473186,0.00788644,0.0113565,0.000630915,0,0.000946372,0.805678,0.000630915,0.0104101,0.0126183,0.00662461,0.00283912,0.000315457,0.00536278,0.0107256,0,0.00851735,0.00252366,0.00914826,0.0148265,0,0.00347003,0.00630915,0,0.00599369,0.00820189,0,0,0,0.0044164,0,0,0.0264984,0.0044164,0,0,0,0,0,0,0,0,0,0,0,0,0,0,0,0,0,0,0,0,0,0
16450,0,0,0,0,0,0,0,0,0,0,0,0,0,0,0,0,0,0,0,0,0,0,0,0,0,0,0,0,0,0.00260126,0,0,0,0,0.000371609,0,0.00706057,0,0,0,0.0040877,0.00929023,0,0.00148644,0.00520253,0.0156076,0.0100334,0.00185805,0.000371609,0,0.818283,0.00148644,0.00185805,0.0412486,0.00631735,0.00185805,0.00483092,0.00222965,0.0126347,0,0.00334448,0,0.0040877,0.00222965,0.000371609,0.00854701,0.00260126,0,0.000371609,0.00594575,0,0,0,0.00557414,0,0,0.0159792,0.00222965,0,0,0,0,0,0,0,0,0,0,0,0,0,0,0,0,0,0,0,0,0,0
16500,0,0,0,0,0,0,0,0,0,0,0,0,0,0,0,0,0,0,0,0,0,0,0,0,0,0,0,0,0,0,0,0,0,0,0,0,0.00986395,0,0.000340136,0,0.00510204,0.00612245,0,0,0.000340136,0.00510204,0.0285714,0.00170068,0.00714286,0.000340136,0.793537,0.00544218,0.00544218,0.029932,0.00884354,0,0.00102041,0.00408163,0.0108844,0,0.00204082,0.00102041,0.00748299,0.00102041,0,0.0193878,0.00170068,0,0.00136054,0.0159864,0,0,0,0.00272109,0,0,0.0115646,0.0119048,0,0,0,0,0,0,0,0,0,0,0,0,0,0,0,0,0,0,0,0,0,0
16550,0,0,0,0,0,0,0,0,0,0,0,0,0,0,0,0,0,0,0,0,0,0,0,0,0,0,0,0,0,0,0,0,0,0.00657414,0,0.00036523,0.00073046,0,0,0.00036523,0.00840029,0.00328707,0,0.00182615,0.00036523,0.00328707,0.0416362,0.00146092,0.00182615,0.00109569,0.783053,0.0102264,0.0124178,0.017531,0.00328707,0.00255661,0,0.00547845,0.00328707,0.00036523,0.00657414,0,0.0138787,0.00328707,0,0.0273923,0.00182615,0.00474799,0.00292184,0.0135135,0,0,0,0.00620891,0.00073046,0,0,0.00949598,0,0,0,0,0,0,0,0,0,0,0,0,0,0,0,0,0,0,0,0,0,0
16600,0,0,0,0,0,0,0,0,0,0,0,0,0,0,0,0,0,0,0,0,0,0,0,0,0,0,0,0,0,0,0,0,0,0,0.000319081,0.000319081,0,0.000957243,0.000957243,0.000957243,0.0124442,0.00159541,0.000638162,0.00350989,0.00319081,0.00382897,0.0185067,0.000957243,0.000638162,0.00382897,0.787811,0.00638162,0.0102106,0.00765795,0.0051053,0.000638162,0.00350989,0.0172304,0.00350989,0.00191449,0.00542438,0.0051053,0.00765795,0.00606254,0,0.0146777,0.00478622,0,0.000319081,0.0191449,0,0,0,0.00638162,0,0,0,0.0280791,0.00542438,0,0.000319081,0,0,0,0,0,0,0,0,0,0,0,0,0,0,0,0,0,0,0
16650,0,0,0,0,0,0,0,0,0,0,0,0,0,0,0,0,0,0,0,0,0,0,0,0,0,0,0,0,0,0,0,0,0,0,0.00029129,0,0,0.00116516,0.00262161,0,0.0189339,0.00407807,0,0.00553452,0.0029129,0.00378678,0.00932129,0.00029129,0.00903,0.00699097,0.807748,0.00815613,0.0101952,0.00466065,0.00145645,0,0.0107777,0.00728226,0.00407807,0.00553452,0.00990387,0.000873871,0.00553452,0.00233032,0.00029129,0.00582581,0.000873871,0,0,0.0186426,0.00029129,0,0,0.000582581,0,0,0,0.020099,0.00990387,0,0,0,0,0,0,0,0,0,0,0,0,0,0,0,0,0,0,0,0,0
16700,0,0,0,0,0,0,0,0,0,0,0,0,0,0,0,0,0,0,0,0,0,0,0,0,0,0,0,0,0,0,0,0,0,0,0,0,0.000303306,0.00121322,0.00333637,0.000909918,0.0142554,0.00667273,0,0.00212314,0.000303306,0.00242645,0.00818926,0.00242645,0.0103124,0.00303306,0.848044,0.00727934,0.00394298,0.00788596,0.00181984,0,0.00909918,0.00576281,0.0100091,0.00363967,0.000909918,0.00212314,0.00454959,0.000606612,0.00151653,0.00363967,0.00181984,0,0,0.0166818,0.000303306,0,0,0.00212314,0,0,0,0.00970579,0.00303306,0,0,0,0,0,0,0,0,0,0,0,0,0,0,0,0,0,0,0,0,0
16750,0,0,0,0,0,0.000618812,0,0,0,0,0,0,0,0,0,0,0,0,0,0,0,0,0,0,0,0,0,0,0,0,0,0,0,0,0,0,0.000618812,0.000309406,0.00216584,0.000309406,0.00556931,0.00618812,0,0.000928218,0.000309406,0.00402228,0.00402228,0.00464109,0.00928218,0.00866337,0.859839,0.00185644,0.0052599,0.00123762,0.000618812,0.000309406,0.0049505,0.0219678,0.0117574,0,0.00309406,0.00216584,0,0.000928218,0.00247525,0.000928218,0.000618812,0,0,0.0207302,0,0,0,0.00742574,0,0,0,0.00154703,0.00464109,0,0,0,0,0,0,0,0,0,0,0,0,0,0,0,0,0,0,0,0,0
16800,0,0,0,0,0,0,0,0,0,0,0,0,0,0,0,0,0,0,0,0,0,0,0,0,0,0,0,0.00182426,0,0,0,0,0,0,0,0,0,0,0.00243235,0.00152022,0.00243235,0.00668896,0.000304044,0.0121618,0,0.00364853,0.00668896,0.00243235,0.00334448,0.00912131,0.871085,0.00212831,0.00942536,0.00395257,0.000912131,0,0.00334448,0.00577683,0.00577683,0,0.00121618,0.00364853,0,0.00121618,0.00668896,0.000608088,0.00243235,0,0,0.0164184,0,0,0,0.00456066,0,0,0,0,0.00820918,0,0,0,0,0,0,0,0,0,0,0,0,0,0,0,0,0,0,0,0,0
16850,0,0,0,0,0,0,0,0,0,0,0,0,0,0,0,0,0,0,0,0,0,0,0,0,0,0.000346981,0,0,0,0,0,0,0,0,0,0,0.000346981,0,0.000346981,0,0.00242887,0.00624566,0.000693963,0.00971548,0,0.00208189,0.0114504,0.000693963,0.00173491,0.00832755,0.858432,0.000693963,0.00832755,0.00277585,0.00485774,0.000346981,0.0121443,0.00416378,0.00104094,0,0.00138793,0.00173491,0,0,0.0246357,0.00208189,0,0.000693963,0,0.00693963,0,0,0,0.00485774,0,0,0,0,0.0204719,0,0,0,0,0,0,0,0,0,0,0,0,0,0,0,0,0,0,0,0,0
16900,0,0,0,0,0,0,0,0,0,0,0,0,0,0,0,0,0,0,0,0,0,0,0,0,0,0,0,0,0,0,0,0,0.000349284,0,0,0,0.00349284,0,0.00104785,0,0.00908138,0.00838282,0.00384212,0.0143206,0,0.00314356,0.0101292,0,0,0.00349284,0.877751,0.00174642,0.00838282,0.00244499,0.00593783,0.000698568,0.0125742,0,0.00523926,0,0.00488998,0.0020957,0.000349284,0.00174642,0.00943067,0.000698568,0,0.00104785,0.000349284,0.00104785,0,0,0,0.00488998,0,0,0,0,0.00139714,0,0,0,0,0,0,0,0,0,0,0,0,0,0,0,0,0,0,0,0,0
16950,0,0,0,0,0,0,0,0,0,0,0,0,0,0,0,0,0,0,0,0,0,0,0,0,0,0,0,0,0,0.000934579,0,0,0.000311526,0,0.000623053,0,0.00342679,0,0,0,0.00872274,0.00404984,0.000934579,0.00685358,0.000934579,0.00436137,0.0202492,0,0.000311526,0.00436137,0.857944,0.00249221,0.00716511,0.0046729,0.0124611,0.000934579,0.00903427,0.00124611,0.0105919,0,0.00809969,0.00311526,0,0.000623053,0.0046729,0.0146417,0.00498442,0,0,0,0,0,0,0.00124611,0,0,0,0,0,0,0,0,0,0,0,0,0,0,0,0,0,0,0,0,0,0,0,0,0,0
17000,0,0,0,0,0,0,0,0,0,0,0,0,0,0,0,0,0,0,0,0,0,0,0,0,0,0,0,0,0,0,0,0,0,0,0.000687285,0,0.00687285,0,0,0.00137457,0.00171821,0.000343643,0.000343643,0.00309278,0,0.00171821,0.014433,0.000343643,0.00274914,0.00927835,0.838144,0.00446735,0.0137457,0.00962199,0.014433,0.0024055,0.00756014,0.00343643,0.00652921,0,0.00309278,0.0195876,0,0,0.00859107,0.0137457,0.00756014,0,0,0,0,0,0,0.00412371,0,0,0,0,0,0,0,0,0,0,0,0,0,0,0,0,0,0,0,0,0,0,0,0,0,0
17050,0,0,0,0,0,0,0,0,0,0,0,0,0,0,0,0,0,0,0,0,0,0,0,0,0,0,0,0,0,0,0,0,0.000728863,0,0,0,0.000364431,0.000364431,0,0.00327988,0.00218659,0,0.00109329,0.0182216,0.00400875,0.0105685,0.00655977,0.000364431,0.00109329,0.0069242,0.798105,0.0058309,0.0138484,0.029519,0.0112974,0.00255102,0.00911079,0.00473761,0.00874636,0.00327988,0.00327988,0.00838192,0.00364431,0.00291545,0.00255102,0.0171283,0.00655977,0,0,0.00145773,0,0,0,0.00911079,0,0,0,0.00109329,0.00109329,0,0,0,0,0,0,0,0,0,0,0,0,0,0,0,0,0,0,0,0,0
17100,0,0,0,0,0,0,0,0,0,0,0,0,0,0,0,0,0,0,0,0,0,0,0,0,0,0,0,0,0,0,0,0,0.000359583,0,0,0,0,0,0,0.00143833,0.00539374,0.000359583,0,0.0222941,0.00575333,0.000359583,0.00575333,0.000359583,0.00251708,0.01726,0.824524,0.00251708,0.00323625,0.021575,0.00898957,0.000359583,0.00862999,0.000719166,0.00575333,0.00467458,0.00575333,0.00611291,0.00143833,0.00934915,0,0.0186983,0.000719166,0,0.00251708,0.000719166,0,0,0,0.00970874,0,0,0,0,0.0021575,0,0,0,0,0,0,0,0,0,0,0,0,0,0,0,0,0,0,0,0,0
17150,0,0,0,0,0,0,0,0,0,0,0,0,0,0,0,0,0,0,0,0,0,0,0,0,0,0,0,0,0,0.000330688,0,0,0,0.000330688,0,0,0.000992063,0.00165344,0.00198413,0.00595238,0.00727513,0.000992063,0.00132275,0.00925926,0.00462963,0.000330688,0.00661376,0.000992063,0.00529101,0.00330688,0.807209,0.00330688,0.015873,0.0271164,0.00198413,0.00231481,0.00496032,0.00992063,0.00760582,0.00396825,0.00958995,0.0122354,0,0.00330688,0,0.0128968,0,0,0,0.0102513,0,0,0,0.0132275,0,0,0.000992063,0,0.00198413,0,0,0,0,0,0,0,0,0,0,0,0,0,0,0,0,0,0,0,0,0
17200,0,0,0,0,0,0,0,0,0,0,0,0,0,0,0,0,0,0,0,0,0,0,0,0,0,0,0,0,0,0.00142857,0,0,0.000714286,0,0,0.000357143,0.000714286,0,0.00107143,0.0075,0.0107143,0,0.00285714,0.00464286,0.00178571,0.000357143,0.00321429,0.00714286,0.00785714,0,0.783214,0.0153571,0.0121429,0.0264286,0.00321429,0.00892857,0.0160714,0.00285714,0.0114286,0.0192857,0.00642857,0.00392857,0,0.00285714,0,0.0117857,0.000357143,0,0,0.00535714,0,0,0,0.0121429,0,0,0,0,0.00785714,0,0,0,0,0,0,0,0,0,0,0,0,0,0,0,0,0,0,0,0,0
17250,0,0,0,0,0,0,0,0,0,0,0,0,0,0,0,0,0,0,0,0,0,0,0,0,0,0.000330797,0,0,0,0.000330797,0,0,0,0,0,0.00165399,0.000992392,0.00396957,0.000330797,0.00363877,0.00363877,0,0,0.00430036,0.00661594,0.000661594,0.00496196,0.00595435,0.00496196,0.00463116,0.822693,0.0135627,0.00727754,0.0172015,0.00463116,0.00860073,0.017863,0.00463116,0.00694674,0.00430036,0.00430036,0.00463116,0,0.000992392,0,0.00826993,0.000992392,0,0,0.00562355,0,0,0,0.0162091,0,0,0,0.000661594,0.00363877,0,0,0,0,0,0,0,0,0,0,0,0,0,0,0,0,0,0,0,0,0
17300,0,0,0,0,0,0,0,0,0,0,0,0,0,0,0,0,0,0,0,0,0,0,0,0,0.000381825,0.00076365,0,0,0.00076365,0,0,0,0,0.000381825,0,0,0.00343643,0.00190913,0,0.0061092,0.0137457,0.00114548,0,0.00343643,0.00381825,0,0.00381825,0.00114548,0.000381825,0.0091638,0.822069,0.0137457,0.0122184,0.00801833,0.0202367,0.00649103,0.00992745,0.00267278,0.00190913,0.00572738,0.0106911,0.00534555,0.00076365,0,0,0.0114548,0,0,0,0.00572738,0,0,0,0.00649103,0,0,0.00114548,0.00076365,0.00420008,0,0,0,0,0,0,0,0,0,0,0,0,0,0,0,0,0,0,0,0,0
17350,0,0,0,0,0,0,0,0,0,0,0,0,0,0,0,0,0,0,0,0,0,0,0,0,0,0.00257827,0,0,0,0,0,0,0.00184162,0,0.000368324,0,0,0,0.00110497,0,0.00589319,0.00626151,0,0.00257827,0.00110497,0.0014733,0.00184162,0.00294659,0,0.013628,0.81547,0.00331492,0.00736648,0.0092081,0.00883978,0.00589319,0.0265193,0.00257827,0.00110497,0.0139963,0.011418,0.00220994,0,0,0,0.0213628,0,0,0,0.00220994,0,0,0,0.00736648,0,0,0.00405157,0.00441989,0.0110497,0,0,0,0,0,0,0,0,0,0,0,0,0,0,0,0,0,0,0,0,0
17400,0,0,0,0,0,0,0,0,0,0,0,0,0,0,0,0,0,0,0,0,0,0,0,0,0,0.00159693,0,0,0,0,0,0,0.0047908,0,0,0,0.000638774,0,0,0.00511019,0.00511019,0.00638774,0,0.0210795,0.00319387,0.0047908,0.0095816,0.000319387,0.00127755,0.00351325,0.799106,0.00191632,0.00319387,0.00447141,0.00415203,0.00383264,0.0210795,0.00255509,0,0.0300224,0.00990099,0.00191632,0,0,0,0.0172469,0,0.00095816,0.000319387,0,0,0,0,0.0134142,0,0,0.00319387,0.0118173,0.00351325,0,0,0,0,0,0,0,0,0,0,0,0,0,0,0,0,0,0,0,0,0
17450,0,0,0,0,0,0,0,0,0,0,0,0,0,0,0,0,0,0,0,0,0,0,0,0,0,0.00100705,0,0,0,0,0,0,0.00335683,0,0.00100705,0.00100705,0.0040282,0.000335683,0,0.00369251,0.00906344,0.00805639,0,0.0104062,0.00839208,0.00100705,0.00436388,0.00167842,0.00134273,0.00167842,0.797919,0.00268546,0.00704935,0.00503525,0.00335683,0.00704935,0.0107419,0.00436388,0.000335683,0.0144344,0.00167842,0.0040282,0,0.000671366,0,0.0147701,0.00839208,0.0020141,0,0.00369251,0,0,0,0.0426318,0,0,0.000671366,0.00704935,0.00100705,0,0,0,0,0,0,0,0,0,0,0,0,0,0,0,0,0,0,0,0,0
17500,0,0,0,0,0,0,0,0,0,0,0,0,0,0,0,0,0,0,0,0,0,0,0,0,0,0.00165782,0,0,0,0,0,0,0.00497347,0,0,0,0.000994695,0.000331565,0.00165782,0.00629973,0.00696286,0.00298408,0,0.00795756,0.000994695,0.000994695,0.00397878,0.00265252,0,0.00397878,0.806698,0.00066313,0.00928382,0.0116048,0.000994695,0.00331565,0.00431034,0.00165782,0.00132626,0.0102785,0.00265252,0.00762599,0,0.00066313,0,0.00862069,0.0122679,0,0,0.0159151,0,0.000331565,0,0.0324934,0,0,0,0.0135942,0.00928382,0,0,0,0,0,0,0,0,0,0,0,0,0,0,0,0,0,0,0,0,0
17550,0,0,0,0,0,0,0,0,0,0,0,0,0,0,0,0,0,0,0,0,0,0,0,0,0,0,0,0,0,0,0,0,0.000688705,0,0,0,0.00172176,0,0.000688705,0.00447658,0.00998623,0.00275482,0,0.0144628,0,0.00413223,0.00585399,0,0,0.00103306,0.7927,0,0.00206612,0.0216942,0.0065427,0.00275482,0.0216942,0.00516529,0.0123967,0.0134298,0.00585399,0.00344353,0.000344353,0.00344353,0,0.00860882,0.00447658,0,0,0.0065427,0.000688705,0,0,0.0113636,0,0,0,0.00206612,0.0289256,0,0,0,0,0,0,0,0,0,0,0,0,0,0,0,0,0,0,0,0,0
17600,0,0,0,0,0,0,0,0,0,0,0,0,0,0,0,0,0,0,0,0,0,0,0,0,0,0,0,0,0,0,0,0,0.000359842,0,0,0,0.00287873,0,0,0.00503778,0.00251889,0.00395826,0.000719683,0.00899604,0.00287873,0.00827636,0.00323858,0,0.00395826,0.00179921,0.767902,0.00791652,0.000359842,0.0183519,0.00359842,0.00287873,0.0208708,0.0118748,0.00971573,0.00683699,0.015833,0.0100756,0.000719683,0.00143937,0,0.00971573,0.0100756,0,0,0.00359842,0,0,0,0.0356243,0,0,0,0,0.0179921,0,0,0,0,0,0,0,0,0,0,0,0,0,0,0,0,0,0,0,0,0
17650,0,0,0,0,0,0,0,0,0,0,0,0,0,0,0,0,0,0,0,0,0,0,0,0,0,0,0,0,0,0,0,0,0.000390168,0,0,0,0.00195084,0,0,0.00468201,0.000390168,0.00273117,0,0.00624268,0,0.00273117,0.00195084,0,0,0.00780336,0.776044,0.00819352,0.00312134,0.0159969,0.00195084,0.00507218,0.0238002,0.0120952,0.0120952,0.0109247,0.00390168,0.0109247,0.000390168,0,0.00195084,0.00741319,0.0101444,0,0,0,0,0,0,0.0300429,0,0,0,0,0.0370659,0,0,0,0,0,0,0,0,0,0,0,0,0,0,0,0,0,0,0,0,0
17700,0,0,0,0,0,0,0,0,0,0,0,0,0,0,0,0,0,0,0,0,0,0,0,0,0,0,0,0,0,0,0,0,0,0.000803859,0.000401929,0,0.0068328,0.000803859,0,0.00160772,0.000803859,0.00321543,0.000401929,0.0128617,0,0,0.00200965,0,0.00120579,0.00401929,0.767685,0.00562701,0.000803859,0.0297428,0.000401929,0.00643087,0.0217042,0.00643087,0.00763666,0.0152733,0.00361736,0.00482315,0.00241158,0.000401929,0,0.0156752,0.00763666,0,0,0,0,0,0,0.0405949,0,0,0,0,0.028135,0,0,0,0,0,0,0,0,0,0,0,0,0,0,0,0,0,0,0,0,0
17750,0,0,0,0,0,0,0,0,0,0,0,0,0,0,0,0,0,0,0,0,0,0,0,0,0,0,0,0,0,0,0,0,0,0,0,0,0.00464037,0,0.0029831,0.00563474,0.00066291,0.000331455,0.000331455,0.010938,0,0,0.000331455,0.00132582,0.010938,0.00331455,0.789526,0.0029831,0.00430892,0.0288366,0.000331455,0.000331455,0.0125953,0.000331455,0.0119324,0.029831,0.00265164,0.00265164,0.0066291,0.00066291,0,0.0119324,0.00066291,0,0,0.000331455,0,0,0,0.0192244,0,0,0,0,0.0328141,0,0,0,0,0,0,0,0,0,0,0,0,0,0,0,0,0,0,0,0,0
17800,0,0,0,0,0,0,0,0,0,0,0,0,0,0,0,0,0,0,0,0,0,0,0,0,0,0.000331455,0,0,0,0,0,0,0,0.000331455,0,0,0.00364601,0,0.00132582,0.00397746,0.00198873,0.00165728,0.00265164,0.00464037,0.000331455,0.00066291,0.00165728,0.000331455,0.00364601,0.00364601,0.804441,0.0122638,0.0116009,0.0132582,0.000994365,0,0.0285051,0,0.0102751,0.0129267,0.00464037,0.00994365,0.000994365,0.00066291,0,0.014584,0,0,0,0.000994365,0,0,0,0.0125953,0,0,0,0,0.0304939,0,0,0,0,0,0,0,0,0,0,0,0,0,0,0,0,0,0,0,0,0
17850,0,0,0,0,0,0,0,0,0,0,0,0,0,0,0,0,0,0,0,0,0,0,0,0,0,0,0,0,0,0,0,0,0,0,0,0,0.00292826,0.000732064,0,0.00256223,0.00292826,0.00219619,0.000366032,0.00439239,0.000366032,0.00366032,0.00622255,0,0.00475842,0.00585652,0.79978,0.00841874,0.00183016,0.00658858,0.00439239,0.0010981,0.0142753,0,0.00622255,0.0314788,0.00475842,0.00695461,0.00402635,0.000732064,0,0.0215959,0,0,0,0,0,0,0.000366032,0.0120791,0,0,0,0,0.0384334,0,0,0,0,0,0,0,0,0,0,0,0,0,0,0,0,0,0,0,0,0
17900,0,0,0,0,0,0,0,0,0,0,0,0,0,0,0,0,0,0,0,0,0,0,0,0,0,0,0,0,0,0,0,0,0,0.000986193,0,0,0.00394477,0.00131492,0.000328731,0.00887574,0.00328731,0.000657462,0.000328731,0.0105194,0.00164366,0.00295858,0.0115056,0.000328731,0,0.00493097,0.791256,0.0052597,0,0.00986193,0.013478,0.000328731,0.00394477,0.000657462,0.0210388,0.0128205,0.00887574,0.00756082,0.00920447,0.00131492,0,0.0128205,0,0,0,0,0,0,0,0.025641,0.00131492,0,0,0,0.0230112,0,0,0,0,0,0,0,0,0,0,0,0,0,0,0,0,0,0,0,0,0
17950,0,0,0,0,0,0,0,0,0,0,0,0,0,0,0,0,0,0,0,0,0,0,0,0,0,0,0,0,0,0,0,0,0,0,0.000353357,0,0.00424028,0,0,0,0.00141343,0.00106007,0,0.00812721,0.0102473,0.00353357,0.00318021,0,0.000706714,0.00176678,0.839929,0.00459364,0.000353357,0.00212014,0,0.000353357,0.00706714,0.00282686,0.0250883,0.00954064,0.00777385,0.00918728,0.00742049,0.00777385,0,0.0120141,0.00318021,0,0.00282686,0,0,0,0.00106007,0.0130742,0,0,0,0,0.00918728,0,0,0,0,0,0,0,0,0,0,0,0,0,0,0,0,0,0,0,0,0
18000,0,0,0,0,0,0,0,0,0,0,0,0,0,0,0,0,0,0,0,0,0,0,0,0,0,0,0,0,0,0,0,0,0,0,0,0,0.00336361,0.00369997,0,0,0.00840901,0.00504541,0.00100908,0.00369997,0.000672721,0,0.00134544,0.000336361,0.00100908,0.00336361,0.834847,0.00874538,0.00807265,0.0016818,0.00302725,0.00269088,0.00369997,0.0094181,0.0174908,0.0094181,0.0171544,0.00639085,0.00773629,0.00437269,0,0.00235452,0.000672721,0,0,0,0,0,0.00470905,0.00975446,0,0,0,0,0.0158089,0,0,0,0,0,0,0,0,0,0,0,0,0,0,0,0,0,0,0,0,0
18050,0,0,0,0,0,0,0,0,0,0,0,0,0,0,0,0,0,0,0,0,0,0,0,0,0,0.00136846,0,0,0,0,0,0,0,0,0,0,0.0023948,0.00444749,0,0.000342114,0.0123161,0,0,0.00205269,0.00273691,0.00102634,0.00273691,0.00171057,0.000684229,0.00376326,0.826206,0.00444749,0.00513171,0.00205269,0.00171057,0.00205269,0.0102634,0.00171057,0.0023948,0.00889497,0.011974,0.0181321,0.00102634,0.00171057,0,0.0174478,0,0,0,0.00171057,0,0,0.00136846,0.0147109,0,0,0,0,0.0314745,0,0,0,0,0,0,0,0,0,0,0,0,0,0,0,0,0,0,0,0,0
18100,0,0,0,0,0,0,0,0,0,0,0,0,0,0,0,0,0,0,0,0,0,0,0,0,0,0.00274295,0,0,0,0,0,0,0,0.0015674,0,0,0.0015674,0,0.00195925,0.0015674,0.00587774,0.000783699,0,0.00117555,0.00352665,0.000783699,0.00470219,0.00274295,0,0.0105799,0.809561,0.0203762,0.00195925,0.00744514,0.00822884,0.00117555,0.00431034,0,0.00431034,0.0101881,0.0231191,0.023511,0,0,0,0.0125392,0.00039185,0,0.000783699,0.000783699,0.00039185,0,0,0.00509404,0,0,0,0,0.0262539,0,0,0,0,0,0,0,0,0,0,0,0,0,0,0,0,0,0,0,0,0
18150,0,0,0,0,0,0,0,0,0,0,0,0,0,0,0,0,0,0,0,0,0,0.000776096,0,0,0,0,0,0,0,0,0,0,0,0.00194024,0,0,0.00698487,0.00271634,0,0,0.00814901,0,0,0.00543267,0.00116414,0.00465658,0.0124175,0,0,0.00931315,0.809856,0.0178502,0.0131936,0.00271634,0.00116414,0,0.00155219,0.000776096,0.00194024,0.00504463,0.0279395,0.024447,0.000388048,0.00310438,0,0.00737291,0,0,0.000776096,0.00116414,0,0,0,0.00388048,0,0,0,0,0.0232829,0,0,0,0,0,0,0,0,0,0,0,0,0,0,0,0,0,0,0,0,0
18200,0,0,0,0,0,0,0,0,0,0,0,0,0,0,0,0,0,0,0,0,0,0.000391543,0,0,0,0,0,0,0,0,0,0,0,0.000783085,0,0,0.0027408,0.000391543,0.000391543,0.0082224,0.0176194,0,0,0.00352388,0,0.000783085,0.00469851,0,0.00195771,0.00939702,0.81715,0.0152702,0.00117463,0.00430697,0.00509005,0.0054816,0.00117463,0,0.00234926,0.0082224,0.0199687,0.0176194,0,0.00156617,0,0.0027408,0.00117463,0,0.00195771,0.00509005,0,0,0,0.000783085,0,0,0,0,0.0379796,0,0,0,0,0,0,0,0,0,0,0,0,0,0,0,0,0,0,0,0,0
18250,0,0,0,0,0,0,0,0,0,0,0,0,0,0,0,0,0,0,0,0,0,0,0,0,0,0,0,0,0,0.000357143,0,0,0,0.00178571,0,0,0.00392857,0.000357143,0,0.005,0.0135714,0.000357143,0.00142857,0.00678571,0.000357143,0.00142857,0.0103571,0,0.00428571,0.00964286,0.808929,0.0185714,0.00535714,0.00285714,0.0025,0.00642857,0.00892857,0,0.00357143,0.00642857,0.0242857,0.0221429,0,0,0,0.00142857,0.00892857,0,0.00464286,0.0103571,0,0,0,0,0,0,0,0,0.005,0,0,0,0,0,0,0,0,0,0,0,0,0,0,0,0,0,0,0,0,0
18300,0,0,0,0,0,0,0,0,0,0,0,0,0,0,0,0,0,0,0,0,0,0,0,0,0,0.00403818,0,0,0,0,0,0,0,0,0.000734214,0,0.00220264,0,0,0.00697504,0.0227606,0,0.00477239,0.00110132,0,0.00110132,0.0121145,0,0.00110132,0.00220264,0.83627,0.0128488,0.00146843,0.000734214,0.00770925,0.0110132,0.00220264,0,0,0.00587372,0.00734214,0.0150514,0,0.00330396,0,0.00110132,0.020558,0,0,0.010279,0,0,0,0,0,0,0.00367107,0,0.00146843,0,0,0,0,0,0,0,0,0,0,0,0,0,0,0,0,0,0,0,0,0
18350,0,0,0,0,0,0,0,0,0,0,0,0,0,0,0,0,0,0,0,0,0,0,0,0,0,0.000341413,0,0,0,0,0,0,0,0.000341413,0.000341413,0,0.00614544,0.00204848,0.000682827,0.00273131,0.0201434,0,0.00273131,0.00580403,0.000341413,0.00477979,0.0112666,0.000341413,0.00102424,0.00443837,0.810857,0.013998,0.00273131,0.000682827,0.0146808,0.00682827,0.00204848,0,0,0.00921816,0.0119495,0.0228747,0,0.00409696,0,0.00102424,0.0218505,0,0,0.00546262,0,0,0,0,0,0,0.000682827,0,0.0075111,0,0,0,0,0,0,0,0,0,0,0,0,0,0,0,0,0,0,0,0,0
18400,0,0,0,0,0,0,0,0,0,0,0,0,0,0,0,0,0,0,0,0,0,0,0,0,0,0,0,0,0,0,0,0,0.000362845,0,0,0,0,0.00253991,0,0,0.00943396,0,0.000725689,0.00544267,0.00145138,0.00616836,0.00362845,0.000725689,0.000362845,0.0105225,0.850508,0.0152395,0.000362845,0.000362845,0.00181422,0.00725689,0.000362845,0.000725689,0,0.0301161,0.00616836,0.00943396,0.000362845,0.00507983,0,0,0.0112482,0,0.00181422,0.00290276,0,0,0,0,0,0,0.00181422,0,0.0130624,0,0,0,0,0,0,0,0,0,0,0,0,0,0,0,0,0,0,0,0,0
18450,0,0,0,0,0,0,0,0,0,0,0,0,0,0,0,0,0,0,0,0,0,0,0,0,0,0,0,0,0,0,0,0,0,0,0,0,0,0.00147384,0.00036846,0.00073692,0.0103169,0,0.00036846,0.00589536,0.00147384,0.00700074,0.00700074,0.00700074,0,0.00221076,0.850037,0.00405306,0.00110538,0,0.00589536,0.00515844,0.00036846,0.00073692,0,0.0195284,0.0092115,0.00884304,0,0.00884304,0,0,0.0338983,0,0,0.00073692,0,0,0,0.00294768,0,0,0,0,0.00478998,0,0,0,0,0,0,0,0,0,0,0,0,0,0,0,0,0,0,0,0,0
18500,0,0,0,0,0,0,0,0,0,0,0,0,0,0,0,0,0,0,0,0,0,0,0,0,0,0,0,0,0,0,0,0,0,0,0,0,0.000406174,0.00121852,0.000406174,0,0.0194963,0.000406174,0,0.00284322,0,0.00528026,0.0129976,0.00324939,0,0.000812348,0.819253,0.00852965,0.000812348,0.00203087,0.00649878,0.000406174,0.000812348,0.00121852,0,0.0312754,0.0174655,0.0194963,0.000406174,0.00243704,0,0,0.0154346,0,0,0,0,0,0,0.00324939,0,0,0,0,0.0235581,0,0,0,0,0,0,0,0,0,0,0,0,0,0,0,0,0,0,0,0,0
18550,0,0,0,0,0,0,0,0,0,0,0,0,0,0,0,0,0,0,0,0,0,0,0,0,0,0,0,0,0,0,0,0,0,0.000752729,0,0,0,0.00150546,0.000376364,0.000376364,0.00828002,0,0,0.00225819,0.000376364,0.0052691,0.00940911,0.0146782,0.00150546,0.00188182,0.816334,0.0109146,0.00150546,0.00263455,0.00188182,0,0.00828002,0,0.00188182,0.0139255,0.0225819,0.0214528,0.00263455,0.00188182,0,0.000752729,0.027851,0,0,0,0,0,0,0.0116673,0,0,0,0,0.00715092,0,0,0,0,0,0,0,0,0,0,0,0,0,0,0,0,0,0,0,0,0
18600,0,0,0,0,0,0,0,0,0,0,0,0,0,0,0,0,0,0,0,0,0,0,0,0,0,0.00118906,0,0,0,0,0,0,0,0,0,0,0.00118906,0.00317083,0.00158541,0,0.00277447,0.00356718,0,0.000396354,0.00158541,0.00237812,0.00317083,0.0059453,0.00277447,0.00158541,0.826001,0.00753072,0.00634166,0.00158541,0.00951249,0.00475624,0.0237812,0,0.000792707,0.0146651,0.0237812,0.013476,0.000792707,0.00753072,0,0.0059453,0.0130797,0,0,0,0,0,0,0.00198177,0,0,0,0,0.00713436,0,0,0,0,0,0,0,0,0,0,0,0,0,0,0,0,0,0,0,0,0
18650,0,0,0,0,0,0,0,0,0,0,0,0,0,0,0,0,0,0,0,0,0,0.000732601,0,0,0,0.0018315,0,0,0,0,0,0.000732601,0,0.000732601,0,0,0.0003663,0,0.000732601,0.0014652,0.00659341,0,0,0,0.00695971,0.0014652,0.0032967,0.0029304,0.0040293,0.0029304,0.843223,0.00805861,0.00879121,0.0010989,0.0216117,0.0014652,0.0113553,0,0.0025641,0.010989,0.00915751,0.0040293,0,0.0021978,0,0.00695971,0.00989011,0,0,0,0.0043956,0,0,0.003663,0,0,0.0040293,0,0.0117216,0,0,0,0,0,0,0,0,0,0,0,0,0,0,0,0,0,0,0,0,0
18700,0,0,0,0,0,0,0,0,0,0,0,0,0,0,0,0,0,0,0,0,0,0.00450266,0,0,0,0.000409333,0,0,0,0.000409333,0,0,0,0.00163733,0,0.000818666,0,0.003684,0,0,0.0139173,0,0,0,0.000818666,0.00327466,0.00163733,0,0,0.00532133,0.8158,0.00818666,0.0200573,0.00818666,0.00163733,0.000409333,0.0261973,0.00204666,0.00163733,0.0163733,0.00818666,0.001228,0,0.00286533,0,0.000409333,0.00982399,0,0,0,0.00327466,0,0,0,0,0,0.0151453,0,0.022104,0,0,0,0,0,0,0,0,0,0,0,0,0,0,0,0,0,0,0,0,0
18750,0,0,0,0,0,0,0,0,0,0,0,0,0,0,0,0,0,0,0,0,0,0.00124224,0,0,0,0,0,0,0,0,0,0,0,0.00248447,0,0,0.00455487,0.00538302,0,0,0.015735,0.000414079,0,0.000414079,0,0.00455487,0,0.000828157,0,0.00207039,0.828571,0.0115942,0.0124224,0.0120083,0.000414079,0.00414079,0.0124224,0.00662526,0.00165631,0.00538302,0.015735,0.0132505,0,0.000414079,0,0,0.00745342,0,0,0,0.00828157,0,0,0,0,0,0.00289855,0,0.0190476,0,0,0,0,0,0,0,0,0,0,0,0,0,0,0,0,0,0,0,0,0
18800,0,0,0,0,0,0,0,0,0,0,0,0,0,0,0,0,0,0,0,0,0,0.0042333,0,0,0,0,0,0,0,0,0,0,0.000470367,0.0014111,0,0,0.00376294,0.0042333,0,0,0.0084666,0.0014111,0,0.00611477,0,0.00752587,0.0070555,0.00376294,0.000940734,0.00235183,0.810913,0.023048,0.00329257,0.00329257,0.0084666,0.00329257,0.0028222,0.00752587,0.00188147,0.00799624,0.0178739,0.0216369,0,0,0,0,0.0042333,0,0,0.0014111,0.00799624,0,0,0,0,0,0,0,0.0225776,0,0,0,0,0,0,0,0,0,0,0,0,0,0,0,0,0,0,0,0,0
18850,0,0,0,0,0,0,0,0,0,0,0,0,0,0,0,0,0,0,0,0,0,0,0,0,0,0,0,0,0,0,0,0,0,0.000414938,0.00165975,0,0.00456432,0.000414938,0.000414938,0,0.0033195,0,0.000829876,0.00290456,0.00414938,0.000414938,0.00705394,0.0033195,0,0.0033195,0.758921,0.0278008,0.00622407,0.000414938,0.00248963,0.00414938,0.00124481,0.00954357,0.00414938,0.0116183,0.026556,0.0257261,0,0,0.000829876,0,0.000829876,0,0.00414938,0.00622407,0.00871369,0,0,0,0,0,0,0,0.0676349,0,0,0,0,0,0,0,0,0,0,0,0,0,0,0,0,0,0,0,0,0
18900,0,0,0,0,0,0,0,0,0,0,0,0,0,0,0,0,0,0,0,0,0,0,0,0,0,0.000382995,0,0,0,0,0,0,0,0,0.00076599,0.000382995,0.00191498,0.00306396,0.00114899,0.00076599,0.00536193,0,0.00268097,0.00651092,0.00497894,0.00382995,0.00842589,0,0.000382995,0.00651092,0.797013,0.0122558,0.0191498,0.00268097,0.00153198,0.00344696,0,0.00574493,0.00229797,0.00880889,0.0149368,0.0275756,0,0,0,0.00114899,0,0,0.00076599,0,0.00382995,0,0,0.000382995,0,0,0,0,0.0513213,0,0,0,0,0,0,0,0,0,0,0,0,0,0,0,0,0,0,0,0,0
18950,0,0,0,0,0,0,0,0,0,0,0,0,0,0,0,0,0,0,0,0,0,0,0,0,0,0,0.0003861,0,0,0,0,0,0,0,0,0,0.0003861,0.00694981,0,0.0027027,0.00617761,0.0003861,0,0.00694981,0.0042471,0.0023166,0.0034749,0,0.0011583,0.0042471,0.761776,0.00656371,0.00965251,0.00849421,0.0034749,0.0023166,0,0.0119691,0.0034749,0.0104247,0.030888,0.0100386,0,0.0046332,0,0.0015444,0.000772201,0,0.0011583,0,0.000772201,0.0003861,0.0003861,0,0.0027027,0,0.0015444,0,0.0876448,0,0,0,0,0,0,0,0,0,0,0,0,0,0,0,0,0,0,0,0,0
19000,0,0,0,0,0,0,0,0,0,0,0,0,0,0,0,0,0,0,0,0,0,0,0,0,0,0,0,0,0,0,0,0,0,0,0,0,0.000854336,0.0106792,0,0.00512601,0.00555318,0.00341734,0.000854336,0.0012815,0,0.00299018,0.00512601,0,0,0.00469885,0.803503,0.00213584,0.000427168,0.00726185,0.00299018,0.00982486,0.00213584,0.00299018,0.00854336,0.0119607,0.0256301,0.0119607,0,0,0,0.0012815,0.0012815,0,0.00939769,0,0,0,0,0,0,0,0.0012815,0,0.0568133,0,0,0,0,0,0,0,0,0,0,0,0,0,0,0,0,0,0,0,0,0
19050,0,0,0,0,0,0,0,0,0,0,0,0,0,0,0,0,0,0,0,0,0,0.000463392,0,0,0,0.000463392,0,0,0,0,0,0,0,0,0,0,0.000463392,0.00139018,0,0.000463392,0.000926784,0.00648749,0.000926784,0.00648749,0.00278035,0.00278035,0.00509731,0.00370714,0,0.00463392,0.83874,0,0.00741427,0.00509731,0.00370714,0.00926784,0.00185357,0.00231696,0.000463392,0.00370714,0.0254866,0.0162187,0,0.000463392,0.000926784,0,0,0,0.00973123,0,0,0,0,0,0,0,0,0,0.0375348,0,0,0,0,0,0,0,0,0,0,0,0,0,0,0,0,0,0,0,0,0
19100,0,0,0,0,0,0,0,0,0,0,0,0,0,0,0,0,0,0,0,0,0,0.000468604,0,0,0,0.00234302,0,0,0,0,0,0,0,0,0.000937207,0,0.00468604,0.00656045,0,0,0.00421743,0.0107779,0.000468604,0.00328022,0.00796626,0.00328022,0.000937207,0.00796626,0,0.00281162,0.816307,0.00796626,0.00234302,0.00468604,0.00937207,0.0112465,0.00281162,0.000468604,0.00328022,0.000468604,0.0407685,0.00937207,0,0.00140581,0.000937207,0.00328022,0.00281162,0.000468604,0.00328022,0,0.000468604,0,0,0,0.000468604,0,0,0,0.0210872,0,0,0,0,0,0,0,0,0,0,0,0,0,0,0,0,0,0,0,0,0
19150,0,0,0,0,0,0,0,0,0,0,0,0,0,0,0,0,0,0,0,0,0,0,0,0,0,0.00244141,0,0,0,0,0,0,0,0,0.00488281,0,0.00488281,0.00341797,0,0,0.000488281,0.00439453,0.00390625,0.000976562,0,0.00634766,0.00292969,0.00390625,0,0.000976562,0.827637,0.00732422,0.00390625,0.0107422,0.00341797,0.00146484,0.00537109,0.000976562,0.00146484,0.00292969,0.0395508,0.0078125,0,0.00195312,0,0.0107422,0.00830078,0,0.00244141,0,0,0,0,0,0,0,0,0,0.0244141,0,0,0,0,0,0,0,0,0,0,0,0,0,0,0,0,0,0,0,0,0
19200,0,0,0,0,0,0,0,0,0,0,0,0,0,0,0,0,0,0,0,0,0,0,0,0,0,0.000458926,0,0,0,0,0,0,0,0.000917852,0.000458926,0.00275356,0.00458926,0.0018357,0.000458926,0.000458926,0.0018357,0.000458926,0.00596604,0,0.00596604,0.00596604,0.000917852,0,0,0,0.779257,0.00780174,0.00275356,0.0224874,0.00642497,0.00504819,0.00413034,0.0018357,0.0146856,0.00780174,0.0413034,0.0160624,0,0.00229463,0.00275356,0.00321248,0.0178981,0,0,0,0,0,0,0,0,0,0,0,0.0256999,0,0,0,0,0,0,0,0,0,0,0,0.00550711,0,0,0,0,0,0,0,0,0
19250,0,0,0,0,0,0,0,0,0,0,0,0,0,0,0,0,0,0,0,0,0,0,0,0,0,0.00182983,0,0,0,0,0,0,0,0,0.00182983,0.00228728,0.00594694,0.000914913,0,0,0.00137237,0.000457457,0.00640439,0,0,0.00548948,0.00640439,0.000457457,0,0.00137237,0.778134,0.0118939,0.00686185,0.0146386,0.00411711,0.00182983,0,0,0.00914913,0.00594694,0.037054,0.0114364,0.00137237,0.0032022,0,0.0205855,0.0279048,0,0.00640439,0,0,0,0,0.000457457,0,0,0,0,0.0224154,0,0,0,0,0,0,0,0,0,0,0,0.00182983,0,0,0,0,0,0,0,0,0
19300,0,0,0,0,0,0,0,0,0,0,0,0,0,0,0,0,0,0,0,0,0,0,0,0,0,0,0,0,0.000469484,0,0,0,0,0,0,0,0.0107981,0,0,0.0028169,0.00657277,0,0.0056338,0.000469484,0.000469484,0.00610329,0.00234742,0,0.00140845,0.00422535,0.805634,0.0056338,0.000938967,0.00751174,0.00187793,0.0028169,0.000469484,0.000938967,0.00938967,0.00140845,0.0596244,0.00422535,0.000469484,0.000938967,0,0.015493,0.0234742,0.000469484,0.0103286,0.000938967,0,0,0,0,0,0,0,0,0.00610329,0,0,0,0,0,0,0,0,0,0,0,0,0,0,0,0,0,0,0,0,0
19350,0,0,0,0,0,0,0,0,0,0,0,0,0,0,0,0,0,0,0,0,0,0,0,0,0,0,0,0,0,0,0,0,0,0.00141777,0,0,0.00425331,0,0,0.0127599,0.00378072,0.00047259,0.0047259,0,0,0,0.00283554,0.00047259,0.00047259,0.0174858,0.816635,0.00567108,0.00236295,0.00992439,0.00236295,0.0160681,0,0,0.0174858,0,0.0326087,0.00614367,0,0.00708885,0,0.0170132,0.0118147,0,0.00378072,0,0,0,0,0,0,0,0,0,0.00236295,0,0,0,0,0,0,0,0,0,0,0,0,0,0,0,0,0,0,0,0,0
19400,0,0,0,0,0,0,0,0,0,0,0,0,0,0,0,0,0,0,0,0,0,0,0,0,0,0,0,0,0,0,0,0,0,0,0.000739645,0,0.000739645,0,0,0.00591716,0.0066568,0,0.00850592,0.00110947,0,0.00295858,0.000369822,0.000369822,0,0.00850592,0.818417,0.00887574,0.000369822,0.00887574,0,0.000369822,0.00295858,0.000369822,0.0133136,0,0.033284,0.0107249,0,0.00443787,0.00369822,0.0262574,0.0162722,0,0,0,0,0,0,0,0,0,0.0136834,0,0.00221893,0,0,0,0,0,0,0,0,0,0,0,0,0,0,0,0,0,0,0,0,0
19450,0,0,0,0,0,0,0,0,0,0,0,0,0,0,0,0,0,0,0,0,0,0,0,0,0,0,0,0,0,0,0,0,0,0,0,0,0.00744109,0,0,0.00413394,0.0066143,0,0.000826788,0,0.00124018,0.000826788,0.00413394,0,0.000413394,0.0070277,0.832989,0.00826788,0.00165358,0.00289376,0,0.00496073,0.00289376,0,0.00578752,0.00372055,0.0338983,0.00289376,0,0.0066143,0.00909467,0.0070277,0.025217,0,0,0,0,0,0,0.00165358,0,0,0.00744109,0,0.0103348,0,0,0,0,0,0,0,0,0,0,0,0,0,0,0,0,0,0,0,0,0
19500,0,0,0,0,0,0,0,0,0,0,0,0,0,0,0,0,0,0,0,0,0,0,0,0,0,0,0,0,0,0,0,0,0,0.00134469,0.00224115,0,0,0.000448229,0,0.00268938,0.00358584,0.000896459,0.000448229,0,0.000896459,0,0.00179292,0.00268938,0.00134469,0.0152398,0.798745,0.0197221,0.00313761,0.00627521,0.00896459,0.00851636,0.00493052,0.00224115,0.00313761,0.0143433,0.0107575,0.00224115,0.00179292,0.0125504,0.0076199,0.0161363,0.017481,0,0,0.000896459,0,0,0,0.00448229,0,0,0.0210668,0,0.00134469,0,0,0,0,0,0,0,0,0,0,0,0,0,0,0,0,0,0,0,0,0
19550,0,0,0,0,0,0,0,0,0,0,0,0,0,0,0,0,0,0,0,0,0,0,0,0,0,0,0,0,0.00043611,0,0,0,0,0.00261666,0.00392499,0,0.00087222,0.0148277,0,0.00305277,0.00784998,0.0043611,0,0,0.00043611,0,0.00479721,0,0.00087222,0.0135194,0.742695,0.00697776,0.0209333,0.011775,0.0178805,0.0174444,0.00218055,0.00610554,0.00087222,0.0492804,0.00305277,0.00130833,0.00305277,0.00130833,0.0130833,0.0122111,0.00654165,0,0.00043611,0,0,0,0,0.00130833,0,0,0.0218055,0,0.00218055,0,0,0,0,0,0,0,0,0,0,0,0,0,0,0,0,0,0,0,0,0
19600,0,0,0,0,0,0,0,0,0,0,0,0,0,0,0,0,0,0,0,0,0,0,0,0,0,0,0,0,0.00233645,0.000934579,0,0,0,0,0.00046729,0,0.00140187,0.00233645,0,0,0.00373832,0,0.000934579,0,0.00046729,0.00046729,0.00747664,0,0.00420561,0.0271028,0.785981,0.00186916,0.0107477,0.0219626,0.000934579,0.00747664,0.00373832,0.00700935,0,0.00607477,0.0121495,0.0121495,0.000934579,0.00046729,0.00607477,0.0378505,0.00841121,0,0.0046729,0,0,0,0,0,0,0,0.0196262,0,0,0,0,0,0,0,0,0,0,0,0,0,0,0,0,0,0,0,0,0,0,0
19650,0,0,0,0,0,0,0,0,0,0,0,0,0,0,0,0,0,0,0,0,0,0,0,0,0,0,0,0,0.00188413,0.00141309,0,0,0,0,0,0,0.000471032,0.00282619,0,0.00141309,0.00471032,0,0,0.000942063,0.00188413,0.000471032,0.0122468,0,0.000942063,0.00282619,0.758361,0.00235516,0.0221385,0.0438059,0,0.00518135,0.00282619,0.015073,0.000942063,0.0226095,0.0117758,0.00706547,0,0.00612341,0.00376825,0.0113048,0.0178992,0,0.00612341,0,0.0117758,0,0,0,0,0,0.0183702,0,0.000471032,0,0,0,0,0,0,0,0,0,0,0,0,0,0,0,0,0,0,0,0,0
19700,0,0,0,0,0,0,0,0,0,0,0,0,0,0,0,0,0,0,0,0,0,0,0,0,0,0,0,0,0,0,0,0,0,0.000474608,0,0,0,0,0,0,0.00901756,0,0.00806834,0.00142383,0.00284765,0.00189843,0.0142383,0.00142383,0.000474608,0.00427148,0.75795,0.0151875,0.00522069,0.0541054,0,0.00806834,0.00379687,0.00711913,0.00427148,0.00996678,0.00901756,0.00759374,0,0.00664452,0.00711913,0.0056953,0.00664452,0,0.00854295,0,0.0161367,0,0,0,0,0,0.0227812,0,0,0,0,0,0,0,0,0,0,0,0,0,0,0,0,0,0,0,0,0,0,0
19750,0,0,0,0,0,0,0,0,0,0,0,0,0,0,0,0,0,0,0,0,0,0,0,0,0,0,0,0,0,0,0,0,0,0.00079713,0,0,0.00199283,0.00239139,0,0,0.00239139,0.000398565,0.00079713,0.0011957,0.000398565,0.00757274,0.0171383,0.000398565,0.000398565,0.00358709,0.825428,0.0171383,0.0011957,0.0259067,0.00358709,0.00278996,0.0203268,0.00079713,0,0.00757274,0.00757274,0.00438422,0.00318852,0.00318852,0.0011957,0.0195297,0.00597848,0,0.00199283,0,0.00079713,0,0,0,0,0,0.0079713,0,0,0,0,0,0,0,0,0,0,0,0,0,0,0,0,0,0,0,0,0,0,0
19800,0,0,0,0,0,0,0,0,0,0,0,0,0,0,0,0,0,0,0,0,0,0,0,0,0,0,0,0,0,0,0,0,0,0,0,0,0.0014742,0.0014742,0,0.0034398,0.0019656,0.0004914,0.0039312,0.00687961,0,0.012285,0.014742,0.0004914,0,0.0113022,0.839312,0.0019656,0.0014742,0.0216216,0.004914,0.00687961,0.0103194,0,0,0.0004914,0.0162162,0.00933661,0.0019656,0,0,0.0137592,0.00835381,0,0,0,0.0029484,0,0,0,0,0,0.0019656,0,0,0,0,0,0,0,0,0,0,0,0,0,0,0,0,0,0,0,0,0,0,0
19850,0,0,0,0,0,0,0,0,0,0,0,0,0,0,0,0,0,0,0,0,0,0,0,0,0,0,0,0,0,0,0,0,0.00402212,0,0,0,0.000502765,0,0,0.00201106,0.00201106,0,0.00351936,0.00703871,0.000502765,0.0105581,0.0216189,0,0,0.000502765,0.840121,0.000502765,0,0.00703871,0,0.00452489,0.00251383,0,0.000502765,0.00804424,0.0135747,0.0125691,0.00703871,0.00100553,0,0.00904977,0.0135747,0,0,0.00754148,0.0105581,0,0,0,0,0,0.00955254,0,0,0,0,0,0,0,0,0,0,0,0,0,0,0,0,0,0,0,0,0,0,0
19900,0,0,0,0,0,0,0,0,0,0,0,0,0,0,0,0,0,0,0,0,0,0,0,0,0,0,0,0,0,0,0,0,0.00426985,0,0,0,0.00640478,0,0,0.00213493,0.000853971,0,0,0.000853971,0,0.00725875,0.0187874,0,0,0.00256191,0.797609,0.00384287,0,0.0187874,0.00256191,0.0166524,0.0230572,0,0.000853971,0.0149445,0.0132365,0.0132365,0.0111016,0.00128096,0,0.00213493,0.0111016,0,0,0.00811272,0.0089667,0,0,0,0,0,0.00939368,0,0,0,0,0,0,0,0,0,0,0,0,0,0,0,0,0,0,0,0,0,0,0
19950,0,0,0,0,0,0,0,0,0,0,0,0,0,0,0,0,0,0,0,0,0,0,0,0,0,0,0,0,0,0,0,0,0.00271739,0,0,0.000452899,0.00181159,0,0,0.000452899,0.000452899,0,0.000452899,0.00271739,0,0.0172101,0.0203804,0,0.000452899,0.00724638,0.780344,0.00588768,0,0.0208333,0.00362319,0.00498188,0.0185688,0,0.000905797,0.0172101,0.00181159,0.00181159,0.0172101,0,0,0.0149457,0.0199275,0,0,0.00905797,0.0117754,0,0,0,0,0,0.0158514,0.000905797,0,0,0,0,0,0,0,0,0,0,0,0,0,0,0,0,0,0,0,0,0,0
20000,0,0,0,0,0,0,0,0,0,0,0,0,0,0,0,0,0,0,0,0,0,0,0,0,0,0,0,0.000946074,0,0,0,0,0,0,0,0,0.00141911,0,0,0,0.0037843,0,0,0,0,0.0089877,0.0146641,0,0.000473037,0,0.805109,0.00520341,0,0.00520341,0.00709555,0.012772,0.00236518,0,0.00473037,0.0170293,0.00709555,0.00614948,0.012299,0,0,0.0217597,0.00283822,0,0,0.00804163,0.038316,0,0,0,0,0,0.00851466,0.00520341,0,0,0,0,0,0,0,0,0,0,0,0,0,0,0,0,0,0,0,0,0,0
20050,0,0,0,0,0,0,0,0,0,0,0,0,0,0,0,0,0,0,0,0,0,0,0,0,0,0,0,0,0,0,0,0,0,0.00153846,0,0,0.000512821,0,0.000512821,0,0.00205128,0,0,0,0,0.0025641,0.0133333,0,0.0025641,0,0.837436,0.00717949,0.00102564,0.0102564,0.00461538,0.00461538,0.00410256,0,0.0025641,0.0102564,0.00820513,0.00461538,0.0169231,0,0,0.00153846,0.00307692,0.000512821,0,0.00717949,0.00512821,0,0,0,0,0,0.00717949,0.0405128,0,0,0,0,0,0,0,0,0,0,0,0,0,0,0,0,0,0,0,0,0,0
20100,0,0,0,0,0,0,0,0,0,0,0,0,0,0,0,0,0,0,0,0,0,0,0,0,0,0,0,0.00190749,0,0,0,0,0,0.000953743,0,0,0.0033381,0,0.00238436,0,0.00429185,0,0,0,0,0.00238436,0.00762995,0,0.00286123,0,0.776347,0.00381497,0.0066762,0.00476872,0.0276586,0.00190749,0.00953743,0.00238436,0.0190749,0.0100143,0.014783,0.00762995,0.0100143,0,0,0.0104912,0.0367191,0,0.000953743,0.0066762,0.00906056,0,0,0,0,0,0.0114449,0.00429185,0,0,0,0,0,0,0,0,0,0,0,0,0,0,0,0,0,0,0,0,0,0
20150,0,0,0,0,0,0,0,0,0,0,0,0,0,0,0,0,0,0,0,0,0,0,0,0,0,0,0,0,0,0,0,0,0,0,0,0,0.00268405,0.000383436,0,0.00115031,0.00115031,0.000383436,0.00383436,0.00383436,0,0.00153374,0.00498466,0,0.00613497,0,0.774156,0.00613497,0.00613497,0.0130368,0.0276074,0.00345092,0.0111196,0,0.014954,0.0241564,0.00115031,0.00306748,0.0065184,0,0,0.0253067,0.0138037,0,0.00115031,0.00843558,0.0256902,0.000383436,0,0.00460123,0,0,0.00306748,0,0,0,0,0,0,0,0,0,0,0,0,0,0,0,0,0,0,0,0,0,0,0
20200,0,0,0,0,0,0,0,0,0,0,0,0,0,0,0,0,0,0,0,0,0,0,0,0,0,0.000399042,0,0,0,0,0,0,0,0,0,0,0.0127694,0.00518755,0,0.00119713,0.000399042,0,0.0027933,0.00399042,0,0.00159617,0.00319234,0,0.00478851,0,0.724262,0,0.00518755,0.0215483,0.0542698,0.00119713,0.0119713,0,0.00638468,0.0219473,0.000399042,0.000798085,0.0171588,0,0,0.0315243,0.0231445,0,0.000798085,0.0027933,0.0255387,0.000399042,0,0.00957702,0,0,0.00478851,0,0,0,0,0,0,0,0,0,0,0,0,0,0,0,0,0,0,0,0,0,0,0
20250,0,0,0,0,0,0,0,0,0,0,0,0,0,0,0,0,0,0,0,0,0,0,0,0,0,0,0,0,0,0,0,0,0,0,0.000882613,0,0.0110327,0.00970874,0,0.000882613,0.00264784,0,0.00132392,0.00264784,0,0.00132392,0.00264784,0.00353045,0.0070609,0.00132392,0.757282,0,0.00617829,0.00661959,0.0383936,0.00397176,0.0105914,0,0,0.0198588,0,0.000441306,0.00441306,0,0,0.037511,0.0225066,0.000882613,0.000882613,0.00220653,0.0251545,0,0,0.01015,0,0,0.00750221,0,0.000441306,0,0,0,0,0,0,0,0,0,0,0,0,0,0,0,0,0,0,0,0,0
20300,0,0,0,0,0,0,0,0,0,0,0,0,0,0,0,0,0,0,0,0,0,0,0,0,0,0,0,0,0,0,0,0,0.000933271,0.00139991,0,0,0.000466636,0.00419972,0,0.000466636,0.00699953,0.00279981,0.010266,0,0,0.000933271,0.00233318,0.00886608,0.00326645,0.000466636,0.751283,0,0.0163322,0.0121325,0.0410639,0.0172655,0.0116659,0,0,0.0177322,0,0,0.00279981,0.00139991,0,0.0214652,0.0261316,0.00559963,0.00466636,0.00979935,0.00513299,0,0,0.00606626,0,0,0.00606626,0,0,0,0,0,0,0,0,0,0,0,0,0,0,0,0,0,0,0,0,0,0,0
20350,0,0,0,0,0,0,0,0,0,0,0,0,0,0,0,0,0,0,0,0,0,0,0,0,0,0,0,0,0,0,0.000439174,0,0.000439174,0.0017567,0,0,0,0.00307422,0,0.00131752,0.00351339,0.00395257,0.00570927,0.000439174,0,0.00263505,0.00439174,0.00570927,0.00263505,0.0017567,0.705753,0,0.0109794,0.0250329,0.0461133,0.0144928,0.00922266,0.00131752,0,0.0456741,0.00395257,0,0.0105402,0.00483092,0,0.00790514,0.0259113,0.000878349,0.000439174,0.0118577,0.00395257,0.000878349,0,0.000878349,0,0,0.0250329,0,0.00658762,0,0,0,0,0,0,0,0,0,0,0,0,0,0,0,0,0,0,0,0,0
20400,0,0,0,0,0,0,0,0,0,0,0,0,0,0,0,0,0,0,0,0,0,0,0,0,0,0,0,0,0,0,0,0,0.000858738,0.011593,0.00515243,0,0,0.00386432,0,0,0.00128811,0.00987548,0.00515243,0.000429369,0,0.00386432,0.00901675,0,0.00858738,0.00601116,0.675827,0,0.00729927,0.0287677,0.0300558,0.032632,0.0176041,0,0.00128811,0.0296264,0.0145985,0.00171748,0.00558179,0.0133104,0,0.011593,0.0257621,0,0.000429369,0.0107342,0.00128811,0,0,0,0,0,0.0188922,0,0.00729927,0,0,0,0,0,0,0,0,0,0,0,0,0,0,0,0,0,0,0,0,0
20450,0,0,0,0,0,0,0,0,0,0,0,0,0,0,0,0,0,0,0,0,0,0,0,0,0,0,0,0,0,0,0,0,0,0.00362155,0,0,0.00362155,0.00135808,0,0.00769579,0.00633771,0,0.00271616,0,0.000452694,0.00543232,0.0113173,0.000905387,0.00181077,0.00271616,0.69579,0.000452694,0.0072431,0.0208239,0.0276143,0.0067904,0.0181077,0.00271616,0.000905387,0.0276143,0.0253508,0.00769579,0.01177,0,0,0.0113173,0.0493436,0,0,0.00814848,0,0,0,0.00181077,0,0,0.0185604,0,0.00995926,0,0,0,0,0,0,0,0,0,0,0,0,0,0,0,0,0,0,0,0,0
20500,0,0,0,0,0,0,0,0,0,0,0,0,0,0,0,0,0,0,0,0,0,0,0,0,0,0,0,0,0,0,0,0,0,0.000455789,0.000455789,0,0.00182315,0,0,0,0.0123063,0,0,0.00136737,0,0,0.00319052,0,0.00227894,0,0.764357,0.00546946,0.0041021,0.0168642,0.01732,0.0100273,0.0182315,0,0,0.0419325,0.00729262,0.0164084,0.0104831,0,0,0.00820419,0.0314494,0.00364631,0.000455789,0.0109389,0,0,0,0.00136737,0,0,0.000911577,0,0.00865998,0,0,0,0,0,0,0,0,0,0,0,0,0,0,0,0,0,0,0,0,0
20550,0,0,0,0,0,0,0,0,0,0,0,0,0,0,0,0,0,0,0,0,0,0,0,0,0,0,0,0,0,0,0,0,0,0.000422833,0.000845666,0,0.00422833,0.000845666,0,0,0.0012685,0.000422833,0,0,0.00169133,0.000422833,0.0038055,0,0,0,0.751797,0.00591966,0.002537,0.0135307,0.0173362,0.00422833,0.0147992,0.00169133,0,0.0541226,0.005074,0.00295983,0.00634249,0.00718816,0,0.0147992,0.0291755,0.0038055,0.00549683,0.0367865,0.00211416,0,0,0,0,0,0,0,0.00634249,0,0,0,0,0,0,0,0,0,0,0,0,0,0,0,0,0,0,0,0,0
20600,0,0,0,0,0,0,0,0,0,0,0,0,0,0,0,0,0,0,0,0,0,0,0,0,0,0,0,0,0,0,0,0,0.00479528,0,0.00516415,0,0.00700848,0.0011066,0,0,0.0011066,0,0,0,0.000737735,0.00258207,0.00147547,0.000737735,0.000368868,0.000368868,0.815197,0.0011066,0.00147547,0.0151236,0.00405754,0.00516415,0.00479528,0.000368868,0.00147547,0.0302471,0.00811509,0.00295094,0.00331981,0.0188122,0,0.00700848,0.0331981,0.00258207,0.00221321,0.00553301,0.0118038,0,0,0,0,0,0,0,0,0,0,0,0,0,0,0,0,0,0,0,0,0,0,0,0,0,0,0,0,0
20650,0,0,0,0,0,0,0,0,0,0,0,0,0,0,0,0,0,0,0,0,0,0,0,0,0,0,0,0,0.000390625,0,0,0,0.00507813,0.00078125,0.00117187,0,0.00585938,0.0015625,0,0,0.00507813,0,0,0.00117187,0.00117187,0.00195312,0.00195312,0,0.0015625,0.00117187,0.775781,0.00117187,0.0015625,0.00507813,0.0234375,0.009375,0.0167969,0.000390625,0.000390625,0.0261719,0.0265625,0.00195312,0.0046875,0.0125,0,0.0125,0.0300781,0.00585938,0.00273437,0.00703125,0.00703125,0,0,0,0,0,0,0,0,0,0,0,0,0,0,0,0,0,0,0,0,0,0,0,0,0,0,0,0,0
20700,0,0,0,0,0,0,0,0,0,0,0,0,0,0,0,0,0,0,0,0,0,0,0,0,0,0,0,0,0,0,0,0,0,0,0,0,0.00246914,0.00658436,0,0.00123457,0,0.00452675,0,0.00329218,0.000411523,0,0.00493827,0,0.000823045,0.000823045,0.7893,0.0037037,0.000411523,0.00946502,0.0160494,0.00781893,0.00823045,0,0.000823045,0.0349794,0.0123457,0.018107,0,0.00576132,0,0.00329218,0.0201646,0.000823045,0.00534979,0.0144033,0.0238683,0,0,0,0,0,0,0,0,0,0,0,0,0,0,0,0,0,0,0,0,0,0,0,0,0,0,0,0,0
20750,0,0,0,0,0,0,0,0,0,0,0,0,0,0,0,0,0,0,0,0,0,0,0,0,0,0,0,0,0,0,0,0,0,0,0,0,0.00963763,0.00269854,0.00077101,0.00115652,0,0.000385505,0,0,0.000385505,0.00115652,0.00385505,0.000385505,0.00077101,0,0.78643,0.00655359,0,0.0269854,0.0200463,0.00578258,0.0127217,0,0.00231303,0.0385505,0.00308404,0.0169622,0,0.0131072,0,0.000385505,0.0277564,0,0.00501157,0.00501157,0.00693909,0,0,0,0,0,0,0.000385505,0.00077101,0,0,0,0,0,0,0,0,0,0,0,0,0,0,0,0,0,0,0,0,0
20800,0,0,0,0,0,0,0,0,0,0,0,0,0,0,0,0,0,0,0,0,0,0,0,0,0,0,0,0,0,0,0,0,0,0.00138793,0,0,0.00624566,0.00138793,0,0.00104094,0.00277585,0.000693963,0.00277585,0,0,0.00242887,0.000346981,0,0.00173491,0,0.740458,0.0100625,0.000693963,0.0298404,0.0149202,0.00312283,0.00242887,0,0.00902151,0.0530881,0.017696,0.0451076,0,0.00798057,0.00104094,0.00104094,0.0263706,0,0.00138793,0.00312283,0.00659264,0,0,0,0,0,0,0.00416378,0.00104094,0,0,0,0,0,0,0,0,0,0,0,0,0,0,0,0,0,0,0,0,0
20850,0,0,0,0,0,0,0,0,0,0,0,0,0,0,0,0,0,0,0,0,0,0,0,0,0,0,0,0,0,0,0,0,0,0.00199203,0.000398406,0,0.00996016,0.000398406,0.000398406,0.000796813,0.0063745,0,0.00199203,0,0.00159363,0.00159363,0,0.000398406,0.000398406,0,0.76494,0.00358566,0,0.0139442,0.0119522,0.00478088,0.00199203,0,0.0179283,0.0354582,0.0063745,0.0394422,0.00159363,0.0059761,0.00278884,0.000796813,0.0207171,0,0.00557769,0.00159363,0.0211155,0,0,0.000398406,0,0,0,0.00677291,0.0059761,0,0,0,0,0,0,0,0,0,0,0,0,0,0,0,0,0,0,0,0,0
20900,0,0,0,0,0,0,0,0,0,0,0,0,0,0,0,0,0,0,0,0,0,0,0,0,0,0,0,0,0,0,0.00207383,0,0,0.00207383,0.0012443,0,0.0128577,0,0.00290336,0.000414766,0.00788055,0.000829531,0.000414766,0,0.00414766,0.00165906,0,0,0.00705102,0,0.781004,0.00456242,0.0012443,0.0269598,0.00622148,0.0111987,0.000829531,0,0.0203235,0.0236416,0.00497719,0.0178349,0.000414766,0.00705102,0.00165906,0.0012443,0.0277893,0.00165906,0.000829531,0.00207383,0.012443,0,0,0.000829531,0,0,0,0,0.000829531,0.000829531,0,0,0,0,0,0,0,0,0,0,0,0,0,0,0,0,0,0,0,0
20950,0,0,0,0,0,0,0,0,0,0,0,0,0,0,0,0,0,0,0,0,0,0,0,0,0,0,0,0,0,0,0,0,0,0,0,0,0.00942184,0.000856531,0,0.000428266,0.000428266,0.00428266,0.00299786,0,0.00342612,0.00171306,0.000856531,0.00256959,0.0012848,0.000856531,0.809422,0.0012848,0.00256959,0.0282655,0.00428266,0.00642398,0.00728051,0,0.0205567,0.0141328,0.00342612,0.00471092,0.000428266,0.00428266,0.00728051,0.000428266,0.0184154,0.00899358,0.000428266,0.00342612,0.012848,0,0,0.00256959,0,0,0,0,0.00513919,0.00428266,0,0,0,0,0,0,0,0,0,0,0,0,0,0,0,0,0,0,0,0
21000,0,0,0,0,0,0,0,0,0,0,0,0,0,0,0,0,0,0,0,0,0,0,0,0,0,0,0,0,0,0,0,0,0,0.000417014,0,0,0.0100083,0.00125104,0,0.000834028,0.00667223,0.000417014,0,0,0.000834028,0.00250209,0.000417014,0.00333611,0.00333611,0.00375313,0.81568,0,0.000834028,0.0233528,0.00375313,0.00625521,0.0112594,0,0.00667223,0.00708924,0.00917431,0.00917431,0.00458716,0.00417014,0.00417014,0.0104254,0.0170976,0.00500417,0.0029191,0,0.0137615,0,0,0.0029191,0,0,0,0,0.00625521,0.00166806,0,0,0,0,0,0,0,0,0,0,0,0,0,0,0,0,0,0,0,0
21050,0,0,0,0,0,0,0,0,0,0,0,0,0,0,0,0,0,0,0,0,0,0,0,0,0,0,0,0,0,0,0,0,0,0.00041841,0,0,0.00376569,0.00167364,0.00041841,0.00167364,0.00251046,0.00041841,0.00041841,0,0.00041841,0.00502092,0.00125523,0.00125523,0.00543933,0.00292887,0.774477,0,0.00292887,0.0129707,0.0117155,0.00753138,0.0276151,0,0.0041841,0.00125523,0.00794979,0.0246862,0.00962343,0.00711297,0.00794979,0.0138075,0.0100418,0.00125523,0.00794979,0,0.0100418,0.00083682,0,0.00669456,0,0,0,0,0.0217573,0,0,0,0,0,0,0,0,0,0,0,0,0,0,0,0,0,0,0,0,0
21100,0,0,0,0,0,0,0,0,0,0,0,0,0,0,0,0,0,0,0,0,0,0,0,0,0,0,0,0.000434216,0,0,0,0,0,0,0,0,0.00434216,0.00564481,0,0.00521059,0.000868432,0.00217108,0,0,0.00173686,0.00173686,0.00781589,0,0.00217108,0.000434216,0.754668,0.000868432,0.0026053,0.0121581,0.00521059,0.00347373,0.0217108,0,0.00868432,0.00173686,0.0286583,0.016066,0.0104212,0.0026053,0.0186713,0.00434216,0.0130265,0.00130265,0.0217108,0,0.0112896,0.00694746,0,0.00781589,0,0,0.00303951,0,0.0104212,0,0,0,0,0,0,0,0,0,0,0,0,0,0,0,0,0,0,0,0,0
21150,0,0,0,0,0,0,0,0,0,0,0,0,0,0,0,0,0,0,0,0,0,0,0,0,0,0,0,0.00125892,0,0,0,0,0.000419639,0.00167856,0,0,0.00251783,0.0020982,0,0.000419639,0.00503567,0.0020982,0,0,0.00251783,0.00251783,0.00293747,0,0.00671423,0.000419639,0.727235,0.00461603,0.00251783,0.00545531,0.0130088,0.0075535,0.0230802,0,0.00419639,0.00629459,0.0234998,0.0222409,0.0230802,0.00545531,0.0130088,0.010491,0.0138481,0.00461603,0.0281158,0.00293747,0.00797314,0.00587495,0,0.00251783,0,0,0.00251783,0,0.00923206,0,0,0,0,0,0,0,0,0,0,0,0,0,0,0,0,0,0,0,0,0
21200,0,0,0,0,0,0,0,0,0,0,0,0,0,0,0,0,0,0,0,0,0,0,0,0,0,0,0,0,0,0,0,0,0,0,0,0,0.00550847,0.00338983,0.00932203,0.000423729,0.00381356,0.000847458,0.00127119,0.00254237,0.000423729,0.00550847,0.00338983,0,0.00169492,0,0.727966,0.00169492,0.00550847,0.0305085,0.00677966,0.000847458,0.00720339,0,0.00254237,0.00847458,0.0152542,0.0173729,0.0148305,0.00932203,0.0152542,0.00635593,0.0148305,0.00889831,0.00847458,0.0165254,0,0,0,0.0059322,0,0,0.000847458,0,0.0364407,0,0,0,0,0,0,0,0,0,0,0,0,0,0,0,0,0,0,0,0,0
21250,0,0,0,0,0,0,0,0,0,0,0,0,0,0,0,0,0,0,0,0,0,0,0,0,0,0,0.00178891,0,0,0,0,0,0,0,0.000894454,0,0.00715564,0.00134168,0.000894454,0.00313059,0.00581395,0.00134168,0.00581395,0.00178891,0.00313059,0.0201252,0.000447227,0,0.000894454,0.000447227,0.707513,0.000447227,0.00178891,0.0183363,0.00760286,0.00805009,0.0129696,0,0,0.013864,0.00447227,0.0339893,0.0245975,0.00626118,0.00178891,0.0183363,0.0214669,0.00536673,0.000894454,0.00581395,0,0,0.000447227,0.00894454,0,0,0.00178891,0,0.0398032,0,0,0,0,0,0,0,0,0,0,0,0,0,0,0,0.000447227,0,0,0,0,0
21300,0,0,0,0,0,0,0,0,0,0,0,0,0,0,0,0,0,0,0,0,0,0,0,0,0,0,0.000437828,0,0,0,0,0,0,0,0,0,0,0.00481611,0.00175131,0,0.0118214,0.0030648,0.00656743,0,0.00788091,0.00875657,0.00131349,0,0.000875657,0,0.735989,0.000875657,0.00131349,0.0210158,0.0061296,0.0030648,0.00656743,0,0.000437828,0.0183888,0.012697,0.0284588,0.0201401,0.000875657,0.000875657,0.0267075,0.0135727,0.0201401,0,0.00481611,0,0,0,0.000437828,0,0,0.000875657,0,0.0293345,0,0,0,0,0,0,0,0,0,0,0,0,0,0,0,0,0,0,0,0,0
21350,0,0,0,0,0,0,0,0,0,0,0,0,0,0,0,0,0,0,0,0,0,0,0,0,0,0,0,0,0,0,0,0,0,0,0.00162536,0,0,0,0.00446973,0,0.0243803,0,0.00650142,0,0,0.0117838,0,0,0,0,0.777733,0.00528241,0.00325071,0.00772044,0.00446973,0.00325071,0.00243803,0,0,0.00975213,0.00406339,0.025193,0.00568874,0.00284437,0,0.0223486,0.00772044,0.00487607,0,0.0109711,0,0,0,0.00325071,0,0,0.00121902,0,0.049167,0,0,0,0,0,0,0,0,0,0,0,0,0,0,0,0,0,0,0,0,0
21400,0,0,0,0,0,0,0,0,0,0,0,0,0,0,0,0,0,0,0,0,0,0,0,0,0,0,0,0,0,0,0,0,0,0,0.000400802,0,0,0,0.00160321,0,0.00761523,0,0.00240481,0,0.00240481,0.00480962,0.000801603,0,0,0,0.777956,0.00240481,0.00641283,0.01002,0.00200401,0.0160321,0.00561122,0,0.0104208,0.00801603,0.0160321,0.0188377,0.00681363,0.00200401,0,0.00641283,0.0352705,0,0,0.00561122,0,0,0,0.00160321,0,0,0.00561122,0,0.0428858,0,0,0,0,0,0,0,0,0,0,0,0,0,0,0,0,0,0,0,0,0
21450,0,0,0,0,0,0,0,0,0,0,0,0,0,0,0,0,0,0,0,0,0,0,0,0,0,0,0.00174672,0,0,0,0,0,0,0.000436681,0,0,0.00262009,0.00262009,0,0,0.00786026,0,0.00218341,0,0.00960699,0.00567686,0.00218341,0.00218341,0,0.000436681,0.679476,0,0.0126638,0.00305677,0,0.00349345,0.00960699,0,0.00567686,0.0270742,0.0131004,0.0200873,0.00262009,0.0231441,0,0.0126638,0.0510917,0.000436681,0,0.0213974,0,0,0,0.00786026,0,0,0.00393013,0,0.0650655,0,0,0,0,0,0,0,0,0,0,0,0,0,0,0,0,0,0,0,0,0
21500,0,0,0,0,0,0,0,0,0,0,0,0,0,0,0,0,0,0,0,0,0,0,0,0,0,0,0.00303797,0,0,0,0,0,0,0,0,0,0.00303797,0.000506329,0.00151899,0,0.00455696,0,0.00708861,0.00101266,0.000506329,0.00506329,0,0,0.00151899,0.000506329,0.697722,0.000506329,0.0151899,0.0121519,0,0.00101266,0.00101266,0,0.00607595,0.0237975,0.0136709,0.0258228,0.00962025,0.0192405,0,0.0263291,0.0637975,0.00101266,0,0.0106329,0,0,0,0.00202532,0,0,0.00202532,0,0.04,0,0,0,0,0,0,0,0,0,0,0,0,0,0,0,0,0,0,0,0,0
21550,0,0,0,0,0,0,0,0,0,0,0,0,0,0,0,0,0,0,0,0,0,0,0,0,0,0,0,0.000896459,0,0,0,0,0,0,0,0,0.00224115,0.000896459,0,0,0.00358584,0,0.00403407,0.00224115,0,0.00179292,0.00134469,0.00224115,0.000896459,0.00224115,0.722098,0.00224115,0.00896459,0.00806813,0,0.00313761,0,0,0.0165845,0.0206186,0.00896459,0.0237562,0.0121022,0.00179292,0,0.0443747,0.0569251,0.000896459,0.00134469,0.00134469,0,0,0.000448229,0.00717167,0,0,0,0,0.0367548,0,0,0,0,0,0,0,0,0,0,0,0,0,0,0,0,0,0,0,0,0
21600,0,0,0,0,0,0,0,0,0,0,0,0,0,0,0,0,0,0,0,0,0,0,0,0,0,0,0,0,0,0,0,0,0,0,0.000884956,0,0.00619469,0,0,0.00176991,0.00707965,0,0.00132743,0.000442478,0.000442478,0.0039823,0.00752212,0.00265487,0.00309735,0.0119469,0.684956,0.00265487,0.000442478,0.00619469,0.000442478,0.00221239,0.00575221,0,0.00663717,0.0199115,0.00707965,0.0207965,0.00663717,0.000442478,0,0.0340708,0.0685841,0.000884956,0,0.00353982,0,0,0,0.00176991,0,0,0,0,0.0765487,0,0,0,0,0,0.00309735,0,0,0,0,0,0,0,0,0,0,0,0,0,0,0
21650,0,0,0,0,0,0,0,0,0,0,0,0,0,0,0,0,0,0,0,0,0,0,0,0,0,0,0,0.000442087,0,0,0,0,0,0,0,0,0.00795756,0.00132626,0,0.00176835,0.00618921,0,0,0,0.00176835,0.00132626,0.00839965,0.00221043,0.00397878,0.00353669,0.760831,0.00751547,0,0.00486295,0,0.000442087,0.0221043,0,0.00928382,0.00530504,0.00486295,0.0190097,0.00486295,0.000884173,0.00176835,0.0150309,0.045977,0.00265252,0,0.000442087,0,0,0,0,0,0,0,0,0.0526083,0,0,0,0,0,0.00265252,0,0,0,0,0,0,0,0,0,0,0,0,0,0,0
21700,0,0,0,0,0,0,0,0,0,0,0,0,0,0,0,0,0,0,0,0,0,0,0,0,0,0,0,0.000421585,0,0,0,0,0,0.00126476,0.000421585,0,0.00379427,0,0,0.00421585,0.0155987,0,0.00126476,0.00674536,0.00337268,0.00505902,0.00969646,0.00084317,0.00463744,0,0.748314,0.000421585,0,0.00252951,0,0.00168634,0.00590219,0,0.0130691,0.00548061,0.00505902,0.03457,0.00716695,0.00337268,0.00252951,0.00168634,0.0265599,0.0139123,0,0.00632378,0,0.000421585,0.00168634,0,0,0,0,0,0.0594435,0,0,0,0,0,0.00252951,0,0,0,0,0,0,0,0,0,0,0,0,0,0,0
21750,0,0,0,0,0,0,0,0,0,0,0,0,0,0,0,0,0,0,0,0,0,0,0,0,0,0,0,0,0,0,0,0,0,0.000937647,0,0,0.000937647,0.00187529,0,0.00421941,0.00421941,0,0.00843882,0.0126582,0.00468823,0.0164088,0.0107829,0.000468823,0.00234412,0.000468823,0.74918,0.00421941,0.00281294,0.000468823,0.00375059,0,0.0234412,0.00140647,0.0201594,0.0060947,0.0173465,0.0300047,0.0145335,0.00187529,0.000468823,0.0112518,0.0164088,0.00750117,0,0.00703235,0,0,0.000937647,0.000468823,0,0,0,0,0.0121894,0,0,0,0,0,0,0,0,0,0,0,0,0,0,0,0,0,0,0,0,0
21800,0,0,0,0,0,0,0,0,0,0,0,0,0,0,0,0,0,0,0,0,0,0,0,0,0,0,0,0,0,0,0,0,0,0,0.00181901,0,0,0.000909504,0,0.000909504,0.00773079,0,0.000454752,0.00136426,0.00409277,0.0104593,0.00227376,0,0,0.00181901,0.698045,0,0.00545703,0.00454752,0.00818554,0,0.0204638,0.0095498,0.0231924,0.000909504,0.0791269,0.0213734,0.00181901,0.00181901,0,0.00636653,0.0140973,0.0277399,0.000909504,0.0231924,0,0,0.000909504,0.00272851,0,0,0,0,0.0177353,0,0,0,0,0,0,0,0,0,0,0,0,0,0,0,0,0,0,0,0,0
21850,0,0,0,0,0,0,0,0,0,0,0,0,0,0,0,0,0,0,0,0,0,0,0,0,0,0,0.000480538,0,0,0,0,0,0,0.000480538,0.000961076,0,0.00384431,0.000480538,0,0,0.0163383,0,0.00192215,0.00144161,0.000961076,0.00432484,0.00288323,0,0,0.00384431,0.671312,0,0.0302739,0.00913023,0.00961076,0.000480538,0.00384431,0.00336377,0.0120135,0,0.0466122,0.0230658,0.00961076,0.000961076,0.000480538,0.0153772,0.0273907,0.0245074,0.00192215,0.0413263,0,0.00480538,0.00576646,0.00528592,0,0,0,0,0.0148967,0,0,0,0,0,0,0,0,0,0,0,0,0,0,0,0,0,0,0,0,0
21900,0,0,0,0,0,0,0,0,0,0,0,0,0,0,0,0,0,0,0,0,0,0,0,0,0,0,0.000533618,0,0,0,0,0,0,0,0.00266809,0,0.0106724,0.000533618,0,0.00213447,0.0192102,0,0,0.00373533,0,0.000533618,0.00106724,0,0,0.00106724,0.72572,0.00213447,0.00213447,0.0058698,0.0144077,0,0.0090715,0.00160085,0.0101387,0.00106724,0.0416222,0.00800427,0.00480256,0.00106724,0.000533618,0.0240128,0.0117396,0.0357524,0.0138741,0.0176094,0,0.00106724,0.00640342,0.0106724,0,0,0,0,0.00853789,0,0,0,0,0,0,0,0,0,0,0,0,0,0,0,0,0,0,0,0,0
21950,0,0,0,0,0,0,0,0,0,0,0,0,0,0,0,0,0,0,0,0,0,0,0,0,0,0,0,0,0,0,0,0,0,0,0,0,0.00474934,0,0,0.00211082,0.00422164,0,0,0.000527704,0,0.00316623,0,0,0,0,0.741953,0.014248,0,0.00105541,0.00949868,0.000527704,0.00422164,0.0105541,0.00105541,0.00316623,0.0369393,0.00791557,0.000527704,0.00791557,0.00263852,0.0422164,0.00580475,0.03219,0.00527704,0.028496,0.000527704,0,0.00422164,0,0,0,0,0,0.0242744,0,0,0,0,0,0,0,0,0,0,0,0,0,0,0,0,0,0,0,0,0
22000,0,0,0,0,0,0,0,0,0,0,0,0,0,0,0,0,0,0,0,0,0,0,0,0,0,0,0,0,0,0,0,0,0,0.000997506,0,0,0.00349127,0,0,0.0074813,0.0074813,0,0.000498753,0,0.00199501,0.0109726,0.00149626,0,0.00548628,0,0.710723,0.00648379,0.00299252,0.00498753,0.00448878,0,0.0119701,0.0149626,0.00199501,0.00149626,0.0498753,0.0144638,0,0.00498753,0.00997506,0.0174564,0.00997506,0.0104738,0.0204489,0.0513716,0,0,0.00199501,0.000498753,0,0,0,0,0.0084788,0,0,0,0,0,0,0,0,0,0,0,0,0,0,0,0,0,0,0,0,0
22050,0,0,0,0,0,0,0,0,0,0,0,0,0,0,0,0,0,0,0,0,0,0,0,0,0,0,0,0,0,0,0,0,0,0,0.00151134,0,0.00302267,0.00201511,0,0.0070529,0.00302267,0,0,0.00251889,0.00100756,0.00453401,0.00201511,0,0.00201511,0,0.712343,0.00352645,0.0171285,0.00503778,0.00403023,0,0.0100756,0.000503778,0.00453401,0.0110831,0.0342569,0.0287154,0,0.00554156,0.00352645,0.0100756,0.0186398,0.0115869,0.0146096,0.0327456,0,0,0.00453401,0,0,0,0,0,0.0387909,0,0,0,0,0,0,0,0,0,0,0,0,0,0,0,0,0,0,0,0,0
22100,0,0,0,0,0,0,0,0,0,0,0,0,0,0,0,0,0,0,0,0,0,0,0,0,0,0,0,0,0,0,0,0,0,0,0,0,0.00573813,0.00625978,0,0,0.0125196,0,0,0.0010433,0.00156495,0.00991132,0.000521648,0.000521648,0.0010433,0.00312989,0.765258,0.0010433,0.00886802,0.0156495,0.00469484,0,0.00991132,0,0.0010433,0.0135629,0.0187793,0.0380803,0.000521648,0.0109546,0.0156495,0.00208659,0.00625978,0.0119979,0.00521648,0.0203443,0,0,0.00208659,0,0,0,0,0,0.00573813,0,0,0,0,0,0,0,0,0,0,0,0,0,0,0,0,0,0,0,0,0
22150,0,0,0,0,0,0,0,0,0,0,0,0,0,0,0,0,0,0,0,0,0,0,0,0,0,0,0,0,0,0,0,0.000489237,0,0,0.000489237,0,0.000489237,0.000978474,0,0.000489237,0.0141879,0.00293542,0.000489237,0.00293542,0.00342466,0.00440313,0.00195695,0,0.000489237,0,0.77544,0.0053816,0.0117417,0.0112524,0,0.00244618,0.0112524,0,0.00195695,0.0053816,0.028865,0.0127202,0.00195695,0.00636008,0.00880626,0.00831703,0.0132094,0.0053816,0.00342466,0.0362035,0,0,0,0,0,0,0,0,0.0161448,0,0,0,0,0,0,0,0,0,0,0,0,0,0,0,0,0,0,0,0,0
22200,0,0,0,0,0,0,0,0,0,0,0,0,0,0,0,0,0,0,0,0,0,0,0,0,0,0,0,0,0,0,0,0.00401003,0,0.00100251,0,0,0,0,0,0.00350877,0.00551378,0.00501253,0.00200501,0,0.00250627,0.00902256,0,0,0,0.000501253,0.700251,0.0110276,0.00350877,0.0140351,0.00802005,0.00150376,0.00501253,0,0.00651629,0.00300752,0.0390977,0.00952381,0.0075188,0.00451128,0.0606516,0.0225564,0.0100251,0.0100251,0.00150376,0.0210526,0,0,0.00100251,0,0,0,0,0,0.0265664,0,0,0,0,0,0,0,0,0,0,0,0,0,0,0,0,0,0,0,0,0
22250,0,0,0,0,0,0,0,0,0,0,0,0,0,0,0,0,0,0,0,0,0,0,0,0,0,0,0,0,0,0,0,0.00208333,0,0.00104167,0.00104167,0,0.0015625,0,0,0.00572917,0.0119792,0.0109375,0.00104167,0,0.000520833,0.025,0,0,0,0.00416667,0.658333,0,0.00885417,0.0078125,0.00260417,0.00572917,0.00520833,0,0.0046875,0,0.0375,0.0104167,0.00885417,0.0046875,0.0302083,0.00729167,0.0640625,0.0171875,0.00833333,0.0255208,0,0,0.000520833,0.00625,0,0.000520833,0,0,0.0203125,0,0,0,0,0,0,0,0,0,0,0,0,0,0,0,0,0,0,0,0,0
22300,0,0,0,0,0,0,0,0,0,0,0,0,0,0,0,0,0,0,0,0,0,0,0,0,0,0,0,0,0,0,0,0,0,0.00102722,0.00205444,0,0,0.00616333,0,0.000513611,0.0174628,0.00513611,0.00154083,0.00256805,0,0.0292758,0.00102722,0.000513611,0,0.00616333,0.63585,0.00256805,0.00667694,0.030303,0.000513611,0.00513611,0.0174628,0,0.0123267,0,0.0236261,0.00154083,0.011813,0.0154083,0.011813,0.0272214,0.0518747,0.00873138,0.00256805,0.0231125,0,0,0,0.0154083,0,0.00102722,0,0,0.0215716,0,0,0,0,0,0,0,0,0,0,0,0,0,0,0,0,0,0,0,0,0
22350,0,0,0,0,0,0,0,0,0,0,0,0,0,0,0,0,0,0,0,0,0,0,0,0,0,0,0.000564334,0,0,0,0,0,0,0,0,0,0,0.00112867,0,0.000564334,0.010158,0.00507901,0.000564334,0.00112867,0.00564334,0.010158,0,0,0,0.000564334,0.64842,0.00677201,0.00790068,0.0231377,0,0.0124153,0.0112867,0,0.0112867,0.00112867,0.027088,0.00282167,0.00959368,0.00846501,0.0174944,0.0575621,0.0722348,0.0112867,0.000564334,0.0129797,0,0,0,0.00902935,0,0,0,0,0.0129797,0,0,0,0,0,0,0,0,0,0,0,0,0,0,0,0,0,0,0,0,0
22400,0,0,0,0,0,0,0,0,0,0,0,0,0,0,0,0,0,0,0,0,0,0,0,0,0,0,0,0,0,0,0,0,0,0.00122926,0,0,0.000614628,0.000614628,0,0,0.00184388,0,0.00245851,0.00553165,0.00553165,0.0043024,0,0.00491703,0,0.00491703,0.619545,0,0.0282729,0.0301168,0,0.00737554,0.000614628,0,0.0172096,0,0.0374923,0.00737554,0.00307314,0.0424093,0.00368777,0.052858,0.0510141,0.0135218,0.0122926,0.0190535,0,0,0.000614628,0.00921942,0,0.00799017,0,0,0.0043024,0,0,0,0,0,0,0,0,0,0,0,0,0,0,0,0,0,0,0,0,0
22450,0,0,0,0,0,0,0,0,0,0,0,0,0,0,0,0,0,0,0,0,0,0,0,0,0,0,0,0,0,0,0,0,0,0.00746269,0.00407056,0,0,0.00203528,0,0,0.00339213,0.00407056,0,0,0.0142469,0.00542741,0.000678426,0,0.00407056,0.0176391,0.574627,0.00474898,0.0101764,0.0115332,0,0.000678426,0.00339213,0,0.00135685,0.00135685,0.0556309,0.0169607,0.00407056,0.0339213,0.0176391,0.00881954,0.0617368,0.0135685,0.0108548,0.0440977,0,0.000678426,0,0.0217096,0,0.036635,0,0,0.0027137,0,0,0,0,0,0,0,0,0,0,0,0,0,0,0,0,0,0,0,0,0
22500,0,0,0,0,0,0,0,0,0,0,0,0,0,0,0,0,0,0,0,0,0,0,0,0,0,0,0,0,0,0,0,0,0,0.00469484,0.00804829,0,0,0.00268276,0,0.000670691,0.00402414,0.00603622,0,0.000670691,0.0073776,0.000670691,0,0,0,0.0181087,0.580148,0.00201207,0.0234742,0.00804829,0,0.00268276,0,0,0.00402414,0.00134138,0.0603622,0.00938967,0.00603622,0.0160966,0.00871898,0.0248156,0.120724,0.0127431,0.0160966,0.0288397,0,0,0,0.0181087,0,0.00335345,0,0,0,0,0,0,0,0,0,0,0,0,0,0,0,0,0,0,0,0,0,0,0,0
22550,0,0,0,0,0,0,0,0,0,0,0,0,0,0,0,0,0,0,0,0,0,0,0,0,0,0,0,0,0,0,0,0,0,0.00407688,0,0,0.00174723,0.00931858,0,0.00640652,0.00349447,0.00116482,0.00116482,0,0.00174723,0,0,0,0,0.0116482,0.672685,0.00174723,0.00116482,0,0,0.00582411,0.00465929,0,0.0180547,0.00582411,0.0564939,0.00931858,0,0.00465929,0.00873617,0.0122306,0.0931858,0.0215492,0.00815376,0.0163075,0,0,0,0.00698893,0,0.0110658,0,0,0.000582411,0,0,0,0,0,0,0,0,0,0,0,0,0,0,0,0,0,0,0,0,0
22600,0,0,0,0,0,0,0,0,0,0,0,0,0,0,0,0,0,0,0,0,0,0,0,0,0,0,0,0,0,0,0,0,0.00114416,0.00457666,0.000572082,0,0.00171625,0.00171625,0,0.0131579,0.00915332,0.000572082,0.00114416,0.00114416,0,0.00286041,0.00114416,0.00286041,0,0.00514874,0.683638,0.00800915,0.00514874,0.00286041,0,0.00629291,0.0217391,0,0.0251716,0.00400458,0.0245995,0.0131579,0,0.00629291,0.00171625,0.0131579,0.0440503,0.0337529,0.00743707,0.0108696,0,0,0.000572082,0.021167,0,0.0194508,0,0,0,0,0,0,0,0,0,0,0,0,0,0,0,0,0,0,0,0,0,0,0,0
22650,0,0,0,0,0,0,0,0,0,0,0,0,0,0,0,0,0,0,0,0,0,0,0,0,0,0,0,0,0,0,0,0,0.00791035,0,0,0,0.00131839,0.000659196,0,0.0112063,0.0138431,0.00395517,0.000659196,0,0.000659196,0,0.000659196,0.00856955,0,0.000659196,0.713909,0.00197759,0.00527357,0.00791035,0,0.00329598,0.0145023,0,0.00856955,0.00527357,0.0145023,0.00856955,0.0145023,0.00197759,0.00725115,0.0309822,0.0210943,0.0105471,0.0171391,0.0177983,0,0,0.00791035,0.0230719,0,0.00725115,0,0,0.00197759,0,0.00461437,0,0,0,0,0,0,0,0,0,0,0,0,0,0,0,0,0,0,0
22700,0,0,0,0,0,0,0,0,0,0,0,0,0,0,0,0,0,0,0,0,0,0,0,0,0,0,0,0,0,0,0,0,0.00110132,0,0,0,0.00110132,0.00440529,0,0.0121145,0.00660793,0.0220264,0.00220264,0.00220264,0.000550661,0.00385463,0.00110132,0.00770925,0,0,0.665749,0.00220264,0.0115639,0.0187225,0.00110132,0,0.0121145,0,0.00550661,0.0126652,0.00440529,0.0187225,0.00165198,0.00495595,0.0027533,0.0242291,0.0264317,0.00770925,0.0258811,0.05837,0,0,0.0126652,0.00440529,0,0.0126652,0,0,0,0,0,0,0,0,0.000550661,0,0,0,0,0,0,0,0,0,0,0,0,0,0,0
22750,0,0,0,0,0,0,0,0,0,0,0,0,0,0,0,0,0,0,0,0,0,0,0,0,0,0,0,0,0,0,0,0,0.00235433,0,0,0,0.00353149,0.00824014,0,0.0158917,0.00353149,0.00117716,0.00176574,0.00470865,0.00235433,0.0211889,0.00824014,0.00470865,0,0,0.642142,0.00529723,0.0105945,0.0206004,0,0.00588582,0.00824014,0.00176574,0.00470865,0.00294291,0.0147145,0.018246,0.0094173,0.0064744,0.00294291,0.011183,0.0217775,0.0294291,0.011183,0.0824014,0,0,0.00588582,0.00117716,0,0.00529723,0,0,0,0,0,0,0,0,0,0,0,0,0,0,0,0,0,0,0,0,0,0,0,0
22800,0,0,0,0,0,0,0,0,0,0,0,0,0,0,0,0,0,0,0,0,0,0,0,0,0,0,0,0,0,0,0,0,0.00565931,0.00113186,0,0,0.000565931,0.00792303,0,0.00282965,0.00282965,0.00169779,0.00226372,0.00282965,0.00792303,0.0175439,0.0090549,0.00452745,0.00339559,0,0.602716,0.0107527,0.0107527,0.0209394,0,0.0181098,0.0215054,0,0.0101868,0.0345218,0.0305603,0.00848896,0.00226372,0.0220713,0.00679117,0.0169779,0.00679117,0.0175439,0.0101868,0.0554612,0,0,0.0147142,0.0073571,0,0,0.00113186,0,0,0,0,0,0,0,0,0,0,0,0,0,0,0,0,0,0,0,0,0,0,0
22850,0,0,0,0,0,0,0,0,0,0,0,0,0,0,0,0,0,0,0,0,0,0,0,0,0,0,0,0,0,0,0,0,0,0,0,0,0,0.00235571,0,0.000588928,0.00294464,0.00471143,0.00765607,0.00647821,0.00294464,0.00176678,0.00176678,0.00294464,0,0.00235571,0.62073,0.00942285,0.00942285,0.0453475,0.00176678,0.0253239,0.0376914,0,0.00765607,0.0129564,0.04947,0.0212014,0.00294464,0.0223793,0.00117786,0.0217903,0.00765607,0.0147232,0.00883392,0.03298,0,0,0.00588928,0.00117786,0,0.00235571,0,0,0.000588928,0,0,0,0,0,0,0,0,0,0,0,0,0,0,0,0,0,0,0,0,0
22900,0,0,0,0,0,0,0,0,0,0,0,0,0,0,0,0,0,0,0,0,0,0,0,0,0,0,0,0,0,0,0,0,0,0,0,0,0.00290487,0.00145243,0,0,0.000726216,0.0137981,0.00363108,0.00217865,0.0137981,0.00290487,0.000726216,0,0,0,0.675381,0.00580973,0.0116195,0.0312273,0,0,0.0363108,0,0.0130719,0.00508351,0.0326797,0.0377633,0.0123457,0.0123457,0,0.0152505,0.00145243,0.0196078,0.0181554,0.0217865,0,0,0,0,0,0.00653595,0,0,0.00145243,0,0,0,0,0,0,0,0,0,0,0,0,0,0,0,0,0,0,0,0,0
22950,0,0,0,0,0,0,0,0,0,0,0,0,0,0,0,0,0,0,0,0,0,0,0,0,0,0,0,0,0,0,0,0,0,0,0.00261267,0,0.0019595,0,0,0,0.00130634,0.00783801,0.00783801,0.00587851,0.0209014,0.0150229,0.00130634,0.0019595,0.00261267,0,0.591117,0.00522534,0.00914435,0.0111039,0,0,0.0378837,0.000653168,0.00979752,0,0.0633573,0.0163292,0.0346179,0.00783801,0,0.0516003,0.0254735,0.0143697,0.0019595,0.0404964,0,0,0,0,0,0.00979752,0,0,0,0,0,0,0,0,0,0,0,0,0,0,0,0,0,0,0,0,0,0,0,0
23000,0,0,0,0,0,0,0,0,0,0,0,0,0,0,0,0,0,0,0,0,0,0,0,0,0,0,0,0,0,0,0,0,0,0,0.00110072,0,0.00275179,0.00165107,0,0,0.000550358,0.00110072,0.0104568,0.0176114,0.0126582,0.00880572,0,0.00110072,0.00220143,0,0.652724,0.0148597,0.0159604,0.0143093,0,0,0.0170611,0,0.0203632,0,0.0253165,0.0225647,0.00440286,0.00660429,0.00165107,0.0412768,0.0467804,0.0159604,0.0132086,0.0225647,0,0,0,0,0,0.00440286,0,0,0,0,0,0,0,0,0,0,0,0,0,0,0,0,0,0,0,0,0,0,0,0
23050,0,0,0,0,0,0,0,0,0,0,0,0,0,0,0,0,0,0,0,0,0,0,0,0,0,0,0,0,0,0,0,0,0,0,0.00261917,0,0,0.00104767,0,0,0.00261917,0.00576218,0.00523834,0.0015715,0.00680985,0.00942902,0.00104767,0.00104767,0.00261917,0,0.701414,0.0199057,0.0130959,0.0387638,0.000523834,0,0.00628601,0,0.012572,0,0.00104767,0.0267156,0.00314301,0.0136197,0.00576218,0.0246202,0.0419068,0.018858,0.0136197,0.0178104,0,0,0,0.000523834,0,0,0,0,0,0,0,0,0,0,0,0,0,0,0,0,0,0,0,0,0,0,0,0,0,0
23100,0,0,0,0,0,0,0,0,0,0,0,0,0,0,0,0,0,0,0,0,0,0,0,0,0,0,0,0,0,0,0,0,0.00151592,0,0,0,0,0.00353714,0,0,0,0.0126326,0.000505306,0.00151592,0.0126326,0.00454775,0.000505306,0,0.00757959,0.00252653,0.631632,0.0151592,0.00656897,0.0323396,0,0,0.0111167,0,0.0085902,0.000505306,0.0136433,0.04952,0.00151592,0.0106114,0.000505306,0.0126326,0.0712481,0.0202122,0.011622,0.0343608,0,0,0.00202122,0,0,0,0,0,0.0186963,0,0,0,0,0,0,0,0,0,0,0,0,0,0,0,0,0,0,0,0,0
23150,0,0,0,0,0,0,0,0,0,0,0,0,0,0,0,0,0,0,0,0,0,0,0,0,0,0,0,0,0,0,0,0,0,0,0.000639386,0,0,0,0,0.00191816,0.00127877,0.0172634,0,0.00511509,0.00831202,0.0044757,0.00319693,0,0.00255754,0.0044757,0.668798,0.00575448,0.0102302,0.0223785,0,0,0.016624,0,0.00511509,0.0044757,0.00319693,0.0390026,0.00383632,0.0217391,0.00639386,0.0217391,0.0396419,0.0210997,0.00511509,0.0242967,0,0,0,0,0,0,0,0,0.0313299,0,0,0,0,0,0,0,0,0,0,0,0,0,0,0,0,0,0,0,0,0
23200,0,0,0,0,0,0,0,0,0,0,0,0,0,0,0,0,0,0,0,0,0,0,0,0,0,0,0.000610501,0,0,0,0,0.0018315,0,0,0.002442,0,0.000610501,0,0,0,0.00793651,0.0030525,0.0042735,0.0030525,0.000610501,0,0,0,0.0128205,0.0018315,0.692918,0.000610501,0.00671551,0.00854701,0,0.001221,0.0140415,0,0.0042735,0.0030525,0.0115995,0.0189255,0.013431,0.025641,0.00671551,0.003663,0.031746,0.028083,0.0177045,0.0421245,0,0,0,0.004884,0,0,0,0,0.0250305,0,0,0,0,0,0,0,0,0,0,0,0,0,0,0,0,0,0,0,0,0
23250,0,0,0,0,0,0,0,0,0,0,0,0,0,0,0,0,0,0,0,0,0,0,0,0,0,0,0.00057241,0,0,0,0,0,0,0,0.00057241,0,0,0.00114482,0,0,0.00744133,0.00858615,0.00171723,0.00171723,0,0.0143102,0,0.00057241,0.00286205,0.00057241,0.613623,0.00286205,0.00858615,0.00915856,0,0.00286205,0.0257584,0,0.00744133,0.00400687,0.0137378,0.0154551,0.0108758,0.0343446,0.0246136,0,0.0383515,0.0263309,0.0131654,0.057241,0,0,0,0.00801374,0,0,0,0,0.0435031,0,0,0,0,0,0,0,0,0,0,0,0,0,0,0,0,0,0,0,0,0
23300,0,0,0,0,0,0,0,0,0,0,0,0,0,0,0,0,0,0,0,0,0,0,0,0,0,0,0,0,0,0,0,0,0.000542005,0,0,0.00271003,0,0,0,0.00325203,0.00758808,0.00487805,0.00271003,0.00108401,0.00758808,0.0119241,0,0.00162602,0,0.00216802,0.603794,0.00216802,0.00379404,0.00487805,0.000542005,0.0113821,0.00758808,0,0.0146341,0.00487805,0.0108401,0.00650407,0.0157182,0.0433604,0.0379404,0,0.0265583,0.0341463,0.0178862,0.0791328,0,0,0,0.00216802,0,0,0,0,0.0260163,0,0,0,0,0,0,0,0,0,0,0,0,0,0,0,0,0,0,0,0,0
23350,0,0,0,0,0,0,0,0,0,0,0,0,0,0,0,0,0,0,0,0,0,0,0,0,0,0,0,0,0.000981836,0,0,0,0.00392734,0.000981836,0.000490918,0,0,0.00147275,0,0.00589102,0.00245459,0.000981836,0.000490918,0.00441826,0.00392734,0.00490918,0,0.00687285,0.00392734,0.00294551,0.690231,0.000981836,0.00294551,0.00392734,0,0.00245459,0.00736377,0,0.0147275,0.00441826,0.0378007,0.00638193,0.0225822,0.0157094,0.0230731,0.000981836,0.00490918,0.0328915,0.0363279,0.0392734,0,0,0,0.00147275,0,0.000490918,0,0,0.00638193,0,0,0,0,0,0,0,0,0,0,0,0,0,0,0,0,0,0,0,0,0
23400,0,0,0,0,0,0,0,0,0,0,0,0,0,0,0,0,0,0,0,0,0,0,0,0,0,0,0,0,0,0,0.00192771,0,0.000481928,0.000481928,0.000481928,0,0.00144578,0.00626506,0,0,0.0115663,0.000481928,0.00240964,0.0120482,0.000481928,0.0101205,0.000481928,0.0106024,0.000963855,0.00385542,0.729157,0.00337349,0,0.0221687,0,0.0053012,0.00337349,0,0.00915663,0.013012,0.0216867,0.00915663,0.0115663,0.00337349,0.00674699,0.000481928,0.00963855,0.0216867,0.0318072,0.0192771,0,0,0,0.00289157,0,0,0,0,0.0120482,0,0,0,0,0,0,0,0,0,0,0,0,0,0,0,0,0,0,0,0,0
23450,0,0,0,0,0,0,0,0,0,0,0,0,0,0,0,0,0,0,0,0,0,0,0,0,0,0,0,0,0,0,0.000484496,0,0.000968992,0,0,0,0.00242248,0.00242248,0,0,0.0116279,0.000484496,0,0.0159884,0,0.00290698,0,0.00726744,0,0.00339147,0.617248,0.00339147,0,0.0227713,0.00775194,0.00145349,0,0,0.0159884,0.0329457,0.0159884,0.00678295,0.0150194,0.0155039,0.067345,0.00339147,0.0174419,0.0179264,0.0266473,0.0164729,0,0,0,0.00387597,0,0.00629845,0,0,0.0377907,0,0,0,0,0,0,0,0,0,0,0,0,0,0,0,0,0,0,0,0,0
23500,0,0,0,0,0,0,0,0,0,0,0,0,0,0,0,0,0,0,0,0,0,0,0,0,0,0,0,0,0,0,0,0,0,0,0,0,0.00641711,0.00320856,0,0,0.00855615,0.00213904,0,0.0026738,0.000534759,0,0.00160428,0.00481283,0,0.000534759,0.626203,0.000534759,0.00481283,0.0278075,0.0363636,0,0.00641711,0,0.0112299,0.0229947,0.0262032,0.00802139,0.00802139,0.0395722,0.00855615,0.0229947,0.0192513,0.0363636,0.0149733,0.0358289,0,0,0,0.00695187,0,0.00106952,0,0,0.00534759,0,0,0,0,0,0,0,0,0,0,0,0,0,0,0,0,0,0,0,0,0
23550,0,0,0,0,0,0,0,0,0,0,0,0,0,0,0,0,0,0,0,0,0,0,0,0,0,0,0,0,0,0,0,0,0.00100553,0,0,0,0.00301659,0.00351936,0,0,0.00201106,0.00402212,0.00201106,0.00402212,0.000502765,0.00553042,0.00653595,0.00502765,0,0,0.632479,0,0.00251383,0.0125691,0.00402212,0,0.00904977,0,0.0186023,0.0261438,0.0507793,0.00804424,0.0140774,0.0165913,0.0226244,0.0155857,0.0186023,0.0301659,0.00201106,0.0723982,0,0,0,0.00351936,0,0,0,0,0.00301659,0,0,0,0,0,0,0,0,0,0,0,0,0,0,0,0,0,0,0,0,0
23600,0,0,0,0,0,0,0,0,0,0,0,0,0,0,0,0,0,0,0,0,0,0,0,0,0,0,0,0,0,0,0,0,0,0,0,0,0.00555556,0.00707071,0,0.0111111,0.00454545,0.00555556,0.0030303,0.00656566,0.000505051,0.00757576,0.0111111,0,0,0,0.632323,0,0.010101,0.00757576,0.00252525,0,0.0191919,0.000505051,0.0171717,0.0166667,0.0626263,0.0151515,0.0030303,0.0212121,0.0378788,0.019697,0.00858586,0.0166667,0.00808081,0.0313131,0,0,0,0.0010101,0,0.00505051,0,0,0.0010101,0,0,0,0,0,0,0,0,0,0,0,0,0,0,0,0,0,0,0,0,0
23650,0,0,0,0,0,0,0,0,0,0,0,0,0,0,0,0,0,0,0,0,0,0,0,0,0,0,0,0,0,0,0,0,0.00145419,0,0,0,0.00145419,0.00969462,0,0.000969462,0.00727096,0.0111488,0.00824043,0.000969462,0.0063015,0.00920989,0.00872516,0.00193892,0.00193892,0,0.60349,0.0145419,0.0218129,0.00339312,0.00484731,0,0.0159961,0,0.0184198,0.0159961,0.0407174,0.0363548,0.00436258,0.00678623,0.0222976,0.0101794,0.00920989,0.0130877,0.0135725,0.0678623,0,0,0,0.000484731,0,0.00242365,0,0,0.00387785,0,0,0,0.000969462,0,0,0,0,0,0,0,0,0,0,0,0,0,0,0,0,0
23700,0,0,0,0,0,0,0,0,0,0,0,0,0,0,0,0,0,0,0,0,0,0,0,0,0,0,0,0,0,0,0,0,0.0004914,0,0,0,0.000982801,0.0127764,0,0,0.0029484,0.0162162,0.004914,0.0014742,0.00540541,0.00687961,0.000982801,0.0029484,0.00638821,0,0.640786,0.0127764,0.0240786,0.00687961,0.0044226,0,0.00737101,0,0.0103194,0.00540541,0.0398034,0.0265356,0.00982801,0.0157248,0.00786241,0.0127764,0.027027,0.00835381,0.022113,0.036855,0,0,0,0.0014742,0,0.0004914,0,0,0.0152334,0,0,0,0,0,0.0014742,0,0,0,0,0,0,0,0,0,0,0,0,0,0,0
23750,0,0,0,0,0,0,0,0,0,0,0,0,0,0,0,0,0,0,0,0,0,0,0,0,0,0,0,0,0.00156986,0,0,0,0.00418629,0.00156986,0,0,0.00313972,0.00837258,0,0,0.00575615,0.00889587,0.00313972,0.00889587,0.00470958,0.0115123,0.00313972,0.00575615,0,0,0.630037,0.0381999,0.0115123,0.010989,0.00313972,0,0.00470958,0,0.0334903,0.003663,0.0355835,0.0125589,0.003663,0.00156986,0.0298273,0.0167452,0.0177917,0.00470958,0.0272109,0.0345369,0,0,0,0,0,0.00156986,0,0,0.00732601,0,0,0,0,0,0.000523286,0,0,0,0,0,0,0,0,0,0,0,0,0,0,0
23800,0,0,0,0,0,0,0,0,0,0,0,0,0,0,0,0,0,0,0,0,0,0,0,0,0,0,0,0,0.000518135,0.00259067,0,0,0.000518135,0,0,0,0.00207254,0.00207254,0,0.000518135,0.00259067,0.00310881,0.00414508,0.0015544,0.0015544,0.0124352,0.00569948,0.000518135,0.000518135,0,0.690155,0.0165803,0.00414508,0.0274611,0.00259067,0.0165803,0.00362694,0,0.0248705,0.000518135,0.0160622,0.00725389,0.00725389,0.00725389,0.0300518,0.0165803,0.0103627,0.00310881,0.0430052,0.0217617,0,0,0,0,0,0.00673575,0,0,0.00362694,0,0,0,0,0,0,0,0,0,0,0,0,0,0,0,0,0,0,0,0,0
23850,0,0,0,0,0,0,0,0,0,0,0,0,0,0,0,0,0,0,0,0,0,0,0,0,0,0,0,0,0,0,0,0.000482393,0.000964785,0,0,0,0.00192957,0.000964785,0,0,0.00820068,0.00192957,0.00192957,0.00144718,0.00192957,0,0.0202605,0,0.00192957,0,0.67342,0.0279788,0.0144718,0.0347323,0.0173661,0.00241196,0.00337675,0,0.00482393,0.00385914,0.0212253,0.00530632,0.0313555,0.00578871,0.0318379,0.00434153,0.0115774,0.00578871,0.0318379,0.00434153,0,0,0.0115774,0,0,0.000482393,0,0,0.0101302,0,0,0,0,0,0,0,0,0,0,0,0,0,0,0,0,0,0,0,0,0
23900,0,0,0,0,0,0,0,0,0,0,0,0,0,0,0,0,0,0,0,0,0,0,0,0,0,0,0,0,0.000521648,0,0,0,0.000521648,0,0,0,0.00260824,0.000521648,0,0.00156495,0.00417319,0.00208659,0.00521648,0.00678143,0,0.000521648,0.0119979,0.00208659,0,0,0.657799,0.0333855,0.0182577,0.0114763,0.00573813,0,0.00312989,0,0.00521648,0.0130412,0.0573813,0.00834637,0.0151278,0.00886802,0.0161711,0.00208659,0.00782473,0.00521648,0.0359937,0.00886802,0,0,0.0161711,0,0,0.0010433,0,0,0.029734,0,0,0,0,0,0,0,0.000521648,0,0,0,0,0,0,0,0,0,0,0,0,0
23950,0,0,0,0,0,0,0,0,0,0,0,0,0,0,0,0,0,0,0,0,0,0,0,0,0,0,0,0,0.00472534,0,0,0.000590667,0.00236267,0,0,0,0.000590667,0.000590667,0,0,0.0100413,0.00295334,0.00826934,0.00590667,0,0.003544,0.012404,0,0.000590667,0,0.574719,0.0726521,0.0165387,0.00590667,0.001772,0,0.0112227,0,0.00945068,0.003544,0.0679268,0.00826934,0.00295334,0.00118133,0.0224454,0,0.003544,0.00945068,0.028352,0.0253987,0,0,0.00826934,0,0,0,0,0,0.0732428,0,0,0,0,0,0,0,0,0,0,0.000590667,0,0,0,0,0,0,0,0,0,0
24000,0,0,0,0,0,0,0,0,0,0,0,0,0,0,0,0,0,0,0,0,0,0,0,0,0,0,0,0,0.0021966,0,0,0,0.00604064,0,0,0,0.00164745,0.00439319,0,0,0.00329489,0.00274574,0.0010983,0.00274574,0.000549149,0.000549149,0.00164745,0,0.000549149,0.00164745,0.601318,0.0351455,0.0263591,0,0.00164745,0,0.0021966,0,0.00658979,0.00494234,0.066447,0.0192202,0.00823723,0.000549149,0.0323998,0,0.000549149,0.00164745,0.0170236,0.0900604,0,0,0.00658979,0,0,0,0,0,0.0499725,0,0,0,0,0,0,0,0,0,0,0,0,0,0,0,0,0,0,0,0,0
24050,0,0,0,0,0,0,0,0,0,0,0,0,0,0,0,0,0,0,0,0,0,0,0,0,0,0,0,0,0.00297265,0,0,0,0.00237812,0,0,0,0.00416171,0.00297265,0,0.00059453,0,0.00297265,0.00178359,0.00118906,0.00178359,0,0.00535077,0,0,0.00178359,0.709275,0.0279429,0.0285375,0.00535077,0,0,0.00237812,0,0.00356718,0.00178359,0.0374554,0.00356718,0.00178359,0.00059453,0.039239,0,0.00297265,0,0.0148633,0.0422117,0,0,0.00832342,0,0,0.00118906,0,0,0.0410226,0,0,0,0,0,0,0,0,0,0,0,0,0,0,0,0,0,0,0,0,0
24100,0,0,0,0,0,0,0,0,0,0,0,0,0,0,0,0,0,0,0,0,0,0,0,0,0,0,0,0,0.000564653,0,0,0,0.00282326,0,0.000564653,0,0.00169396,0.00225861,0,0.00790514,0.000564653,0,0.00112931,0,0,0,0.0135517,0.000564653,0,0,0.645398,0.0254094,0.0191982,0.0248447,0,0.00112931,0.00282326,0,0.00225861,0.00112931,0.0502541,0.00169396,0,0.00338792,0.0858272,0,0.0095991,0,0.00169396,0.0214568,0,0,0.0158103,0,0,0.000564653,0,0,0.0559006,0,0,0,0,0,0,0,0,0,0,0,0,0,0,0,0,0,0,0,0,0
24150,0,0,0,0,0,0,0,0,0,0,0,0,0,0,0,0,0,0,0,0,0,0,0,0,0,0,0,0,0,0,0,0,0.00935829,0,0,0,0.0026738,0,0,0.0026738,0.0013369,0.0013369,0,0,0,0.00200535,0.0026738,0,0,0,0.70254,0.00601604,0.0300802,0.0227273,0,0.00601604,0.0040107,0,0.0100267,0,0.0421123,0.0040107,0,0,0.019385,0,0.0233957,0.0026738,0.00200535,0.0200535,0,0,0.019385,0,0,0.013369,0,0,0.0501337,0,0,0,0,0,0,0,0,0,0,0,0,0,0,0,0,0,0,0,0,0
24200,0,0,0,0,0,0,0,0,0,0,0,0,0,0,0,0,0,0,0,0,0,0,0,0,0,0,0,0,0,0,0,0,0.00600109,0,0,0,0.00109111,0,0,0,0.00654664,0.025641,0,0,0,0.00272777,0.00381888,0,0,0,0.642662,0.0070922,0.0229133,0.00818331,0,0.0196399,0.00654664,0,0.00436443,0.00654664,0.0430987,0,0.00109111,0.000545554,0.0152755,0.00654664,0.0327332,0.00109111,0.0381888,0.0245499,0,0,0.0141844,0,0,0.00927441,0,0,0.0490998,0,0,0,0,0,0,0,0,0,0,0,0,0.000545554,0,0,0,0,0,0,0,0
24250,0,0,0,0,0,0,0,0,0,0,0,0,0,0,0,0,0,0,0,0,0,0,0,0,0,0,0,0,0,0,0,0,0.000618047,0.000618047,0.00185414,0,0.00247219,0.000618047,0,0,0.00432633,0.00309023,0,0,0,0.0166873,0,0,0.00123609,0,0.626082,0.0154512,0.00865266,0.0241038,0,0.0105068,0.0092707,0,0.0222497,0.00247219,0.07911,0.0092707,0,0.00679852,0.026576,0.0092707,0.038937,0.00741656,0.0092707,0.00370828,0,0,0.0179234,0,0,0.0092707,0,0,0.0321384,0,0,0,0,0,0,0,0,0,0,0,0,0,0,0,0,0,0,0,0,0
24300,0,0,0,0,0,0,0,0,0,0,0,0,0,0,0,0,0,0,0,0,0,0,0,0,0,0,0,0,0,0,0,0,0,0,0,0,0.000633312,0.000633312,0,0,0.0120329,0.00126662,0,0,0.000633312,0.00759975,0.00316656,0,0,0,0.71121,0.0151995,0.00189994,0.00316656,0,0.00379987,0.00379987,0,0.0158328,0.00189994,0.0449652,0,0.00126662,0.00443319,0.0170994,0,0.020266,0.0215326,0.0139329,0.00823306,0,0,0.0208993,0.0145662,0,0.00189994,0,0,0.0468651,0,0,0.000633312,0,0,0,0,0.000633312,0,0,0,0,0,0,0,0,0,0,0,0,0
24350,0,0,0,0,0,0,0,0,0,0,0,0,0,0,0,0,0,0,0,0,0,0,0,0,0,0,0,0,0,0,0,0,0,0,0,0,0.000580383,0.0034823,0,0,0.00638421,0,0,0.00174115,0,0.00174115,0.00812536,0,0,0,0.695879,0.012188,0.00754498,0.0034823,0,0.00812536,0.00290192,0,0.00812536,0,0.0226349,0.00928613,0.00812536,0.00638421,0.0139292,0.00116077,0.0435287,0.0168311,0.0307603,0.0145096,0,0,0.0145096,0.0133488,0,0.00870575,0,0,0.0359837,0,0,0,0,0,0,0,0,0,0,0,0,0,0,0,0,0,0,0,0,0
24400,0,0,0,0,0,0,0,0,0,0,0,0,0,0,0,0,0,0,0,0,0,0,0,0,0,0,0,0,0,0,0,0,0,0,0,0,0,0.00501952,0,0,0.000557724,0,0.000557724,0,0.00390407,0.00390407,0.0105968,0,0,0,0.654769,0.0044618,0.00167317,0.00278862,0,0.0206358,0.00390407,0,0.0117122,0.00501952,0.0507529,0.0184049,0.00501952,0.0139431,0.0273285,0,0.0529838,0.0139431,0.010039,0.00557724,0,0,0.016174,0.00390407,0,0.00557724,0,0,0.0468489,0,0,0,0,0,0,0,0,0,0,0,0,0,0,0,0,0,0,0,0,0
24450,0,0,0,0,0,0,0,0,0,0,0,0,0,0,0,0,0,0,0,0,0,0,0,0,0,0,0,0,0,0,0,0,0.000538503,0,0.00107701,0,0,0.00107701,0,0.00215401,0.000538503,0.00538503,0,0,0.00161551,0.00215401,0.00700054,0.000538503,0,0,0.66559,0.00323102,0.00107701,0.00430802,0,0.0113086,0.0102316,0,0.00969305,0.0172321,0.0990845,0.0123856,0.00269251,0.000538503,0.0393107,0,0.0220786,0.0102316,0.00376952,0.00861605,0,0,0.0210016,0,0,0.00215401,0,0,0.0333872,0,0,0,0,0,0,0,0,0,0,0,0,0,0,0,0,0,0,0,0,0
24500,0,0,0,0,0,0,0,0,0,0,0,0,0,0,0,0,0,0,0,0,0,0,0,0,0,0,0,0,0,0,0,0,0.0016835,0,0.0016835,0,0.000561167,0.00392817,0,0.00280584,0.000561167,0.00841751,0,0.00617284,0.00112233,0.0016835,0,0.0016835,0.00785634,0,0.667789,0.00392817,0.00505051,0.00953984,0.00112233,0.00224467,0.00841751,0,0.00392817,0.0123457,0.118967,0.00561167,0,0,0.00448934,0,0.0353535,0.0106622,0.00897868,0.000561167,0,0,0.020202,0,0,0,0,0,0.0426487,0,0,0,0,0,0,0,0,0,0,0,0,0,0,0,0,0,0,0,0,0
24550,0,0,0,0,0,0,0,0,0,0,0,0,0,0,0,0,0,0,0,0,0,0,0,0,0,0,0,0,0,0,0,0,0,0,0.00381264,0,0,0,0,0,0.000544662,0.00108932,0,0.00544662,0.00108932,0.00217865,0,0,0.00217865,0,0.707516,0.00544662,0.0108932,0.0163399,0.00108932,0.00708061,0.00762527,0,0.00326797,0.00708061,0.0462963,0.00816993,0.000544662,0.000544662,0.00163399,0,0.0332244,0.00925926,0.0397603,0.000544662,0,0,0.0261438,0.000544662,0,0,0,0,0.0506536,0,0,0,0,0,0,0,0,0,0,0,0,0,0,0,0,0,0,0,0,0
24600,0,0,0,0,0,0,0,0,0,0,0,0,0,0,0,0,0,0,0,0,0,0,0,0,0,0,0,0,0,0,0,0,0.000531632,0,0.00797448,0,0,0.00478469,0,0,0,0,0,0.00797448,0.0015949,0.00212653,0,0,0.00318979,0,0.686869,0.00212653,0.00637959,0.0324296,0.0015949,0.0127592,0.0239234,0,0.000531632,0.0122275,0.0483785,0.00797448,0.00744285,0.00425306,0.00106326,0,0.0217969,0.015949,0.0116959,0.00691122,0,0,0.0143541,0,0,0,0,0,0.0531632,0,0,0,0,0,0,0,0,0,0,0,0,0,0,0,0,0,0,0,0,0
24650,0,0,0,0,0,0,0,0,0,0,0,0,0,0,0,0,0,0,0,0,0,0,0,0,0,0,0,0,0,0,0,0,0.00145985,0,0.000973236,0,0,0,0,0,0.0107056,0,0.00194647,0.00827251,0.00291971,0,0,0,0.00681265,0,0.692457,0.00681265,0.0170316,0.0170316,0.000486618,0.00437956,0.0111922,0,0.00778589,0.00778589,0.0515815,0.00583942,0.00340633,0.000973236,0.00437956,0.000486618,0.0209246,0.00827251,0.00194647,0.00389294,0,0,0.0194647,0,0,0.000486618,0,0,0.080292,0,0,0,0,0,0,0,0,0,0,0,0,0,0,0,0,0,0,0,0,0
24700,0,0,0,0,0,0,0,0,0,0,0,0,0,0,0,0,0,0,0,0,0,0,0,0,0,0,0,0,0,0,0,0,0,0.00113122,0.00169683,0,0,0.000565611,0,0,0.00904977,0.00339367,0,0.00339367,0,0.00565611,0,0,0.000565611,0,0.66233,0.00169683,0.0164027,0.00735294,0,0.00169683,0.0395928,0,0.00848416,0.02319,0.0175339,0.0124434,0.00735294,0.0118778,0.00678733,0.00395928,0.0345023,0.010181,0,0.00961538,0,0,0.0565611,0,0,0,0,0,0.0412896,0,0,0,0.00169683,0,0,0,0,0,0,0,0,0,0,0,0,0,0,0,0,0
24750,0,0,0,0,0,0,0,0,0,0,0,0,0,0,0,0,0,0,0,0,0,0,0,0,0,0,0,0,0,0,0,0,0.00108932,0.00163399,0.00108932,0,0.00163399,0.00708061,0,0,0.00544662,0.00326797,0,0.00490196,0,0.00381264,0,0.000544662,0.000544662,0,0.668845,0.0114379,0.00490196,0.0168845,0,0.00599129,0.037037,0,0.00544662,0.0125272,0.0397603,0.00925926,0.00272331,0.00653595,0.00544662,0.00490196,0.0190632,0.0255991,0,0.0163399,0,0,0.043573,0.000544662,0,0,0,0,0.0321351,0,0,0,0,0,0,0,0,0,0,0,0,0,0,0,0,0,0,0,0,0
24800,0,0,0,0,0,0,0,0,0,0,0,0,0,0,0,0,0,0,0,0,0,0,0,0,0,0,0,0,0,0,0,0,0.00176263,0.00117509,0,0,0,0.00411281,0,0,0.00940071,0.00352526,0.00411281,0.00587544,0.0052879,0.00822562,0,0,0,0,0.695652,0.00940071,0.000587544,0.012926,0,0.0052879,0.0358402,0,0.00117509,0.0111633,0.0352526,0.0276146,0.00411281,0,0.00881316,0.012926,0.012926,0,0,0.0311398,0,0.000587544,0.0199765,0,0,0,0,0,0.0311398,0,0,0,0,0,0,0,0,0,0,0,0,0,0,0,0,0,0,0,0,0
24850,0,0,0,0,0,0,0,0,0,0,0,0,0,0,0,0,0,0,0,0,0,0,0,0,0,0,0,0,0,0,0,0,0.00310238,0.00310238,0,0,0,0,0,0.00155119,0.0170631,0.00258532,0.00775595,0.0144778,0.00258532,0.0113754,0,0.00103413,0.00568769,0.000517063,0.643226,0.00258532,0.00775595,0.0268873,0,0.00568769,0.0496381,0,0.00258532,0.00723888,0.0305067,0.00258532,0.00258532,0.0041365,0.000517063,0.024302,0.0144778,0.00103413,0,0.0268873,0,0,0.0175801,0,0,0,0,0,0.0589452,0,0,0,0,0,0,0,0,0,0,0,0,0,0,0,0,0,0,0,0,0
24900,0,0,0,0,0,0,0,0,0,0,0,0,0,0,0,0,0,0,0,0,0,0,0,0,0,0,0,0,0,0,0,0,0.0129199,0,0,0,0.00258398,0,0,0.00878553,0.0160207,0.000516796,0.000516796,0.0124031,0,0.0180879,0,0.00310078,0.00568475,0,0.580879,0,0.00620155,0.0113695,0.00258398,0.00930233,0.0801034,0,0.00671835,0.00671835,0.0242894,0,0.00155039,0.00206718,0,0.022739,0.0144703,0.00310078,0.00155039,0.0630491,0.00671835,0,0.0310078,0,0,0.00155039,0,0,0.0434109,0,0,0,0,0,0,0,0,0,0,0,0,0,0,0,0,0,0,0,0,0
24950,0,0,0,0,0,0,0,0,0,0,0,0,0,0,0,0,0,0,0,0,0,0,0,0,0,0,0,0,0,0,0,0,0.00961025,0,0.000533903,0,0,0,0,0.00800854,0.00480513,0,0.00106781,0.0133476,0,0.0176188,0.000533903,0.00160171,0.00427122,0.00266951,0.618259,0,0.0315003,0.0240256,0.00694074,0.00800854,0.066204,0,0.00694074,0.00373732,0.0352376,0,0.00640683,0.00427122,0,0.00961025,0.0117459,0,0.0229578,0.0192205,0.00320342,0,0.0192205,0.00106781,0,0,0,0,0.0373732,0,0,0,0,0,0,0,0,0,0,0,0,0,0,0,0,0,0,0,0,0
25000,0,0,0,0,0,0,0,0,0,0,0,0,0,0,0,0,0,0,0,0,0,0,0,0,0.00176056,0,0,0,0,0,0,0,0.00352113,0,0,0,0,0.00352113,0,0,0.00704225,0.000586854,0.00293427,0.00880282,0,0.00528169,0,0,0,0.00410798,0.628521,0,0.0228873,0.0193662,0.00821596,0.00821596,0.0622066,0,0.00586854,0.00528169,0.0516432,0,0.0176056,0.0123239,0,0,0.00997653,0.00234742,0.0316901,0.0369718,0.00586854,0,0.00528169,0,0,0,0,0,0.028169,0,0,0,0,0,0,0,0,0,0,0,0,0,0,0,0,0,0,0,0,0
25050,0,0,0,0,0,0,0,0,0,0,0,0,0,0,0,0,0,0,0,0,0,0,0,0,0,0,0,0,0,0,0,0,0.000639386,0,0,0,0,0.00383632,0,0.00255754,0.0127877,0.00255754,0,0.00831202,0,0.00127877,0,0,0,0.00255754,0.631714,0.00191816,0.00959079,0.0249361,0,0.00319693,0.0818414,0,0.0044757,0,0.0127877,0,0.0453964,0.00767263,0,0,0.00255754,0.00383632,0.00319693,0.00703325,0.00127877,0,0.0294118,0,0,0,0,0,0.0946292,0,0,0,0,0,0,0,0,0,0,0,0,0,0,0,0,0,0,0,0,0
25100,0,0,0,0,0,0,0,0,0,0,0,0,0,0,0,0,0,0,0,0,0,0,0,0,0,0,0,0,0,0,0,0,0,0,0,0.000569801,0,0.0017094,0.000569801,0.0159544,0.00740741,0.00569801,0.0011396,0.0119658,0,0.00911681,0.0017094,0,0.000569801,0.0017094,0.59943,0,0.019943,0.0045584,0,0.0102564,0.0495726,0.000569801,0.0250712,0.0176638,0.0552707,0,0.048433,0.0045584,0,0,0.00740741,0.0136752,0.00683761,0.002849,0,0,0.025641,0,0,0,0,0,0.0501425,0,0,0,0,0,0,0,0,0,0,0,0,0,0,0,0,0,0,0,0,0
25150,0,0,0,0,0,0,0,0,0,0,0,0,0,0,0,0,0,0,0,0,0,0,0,0,0,0,0,0,0,0,0,0,0,0,0,0,0,0.00271297,0,0.00705372,0.00976668,0.00379816,0.000542594,0.0113945,0.00108519,0.00488334,0,0.00705372,0.000542594,0.00108519,0.647857,0.000542594,0.0119371,0.0195334,0,0.00271297,0.0596853,0,0.01465,0.017363,0.032013,0.00162778,0.0314704,0.00759631,0.00542594,0,0.01465,0.0103093,0.0081389,0.00542594,0,0,0.034726,0,0,0,0,0,0.0244167,0,0,0,0,0,0,0,0,0,0,0,0,0,0,0,0,0,0,0,0,0
25200,0,0,0,0,0,0,0,0,0,0,0,0,0,0,0,0,0,0,0,0,0,0,0,0,0,0.00170068,0,0,0,0,0,0,0,0.000566893,0.00170068,0,0,0.00623583,0,0.00226757,0.00963719,0.00396825,0.00793651,0,0,0,0,0.0141723,0.00170068,0.00113379,0.630952,0.00170068,0.0124717,0.021542,0,0.0130385,0.0430839,0,0.0119048,0.00793651,0.026644,0.00453515,0.0436508,0.00340136,0.0147392,0,0.0136054,0.00623583,0.0170068,0.00283447,0.00170068,0,0.0141723,0,0,0,0,0,0.0578231,0,0,0,0,0,0,0,0,0,0,0,0,0,0,0,0,0,0,0,0,0
25250,0,0,0,0,0,0,0,0,0,0,0,0,0,0,0,0,0,0,0,0,0,0,0,0,0,0,0,0,0,0,0,0,0,0,0.00111794,0,0,0.00111794,0,0.00726663,0.00167691,0,0.00279486,0.00279486,0.000558971,0.000558971,0.00279486,0.00670766,0.0039128,0.00335383,0.660145,0.0039128,0.0100615,0.0223589,0,0.0106205,0.0514254,0,0.0134153,0.00447177,0.0139743,0.0106205,0.0525433,0.0039128,0.00558971,0.00111794,0.0173281,0.00111794,0.0240358,0.0106205,0.00614869,0,0.0100615,0,0.00111794,0,0,0,0.0307434,0,0,0,0,0,0,0,0,0,0,0,0,0,0,0,0,0,0,0,0,0
25300,0,0,0,0,0,0,0,0,0,0,0,0,0,0,0,0,0,0,0,0,0,0,0,0,0,0,0,0,0,0,0,0,0.00426569,0,0,0,0.000609385,0,0,0.0152346,0.00121877,0,0.00548446,0.00304692,0.00487508,0.00121877,0.00121877,0.00365631,0.00609385,0.00243754,0.583181,0.000609385,0.00609385,0.0347349,0.000609385,0.0121877,0.0670323,0.000609385,0.0329068,0.00487508,0.0341255,0.00243754,0.0329068,0.00304692,0.00365631,0.00304692,0.0262035,0,0.0420475,0.00731261,0.00365631,0.000609385,0.0225472,0,0,0,0,0,0.0262035,0,0,0,0,0,0,0,0,0,0,0,0,0,0,0,0,0,0,0,0,0
25350,0,0,0,0,0,0,0,0,0,0,0,0,0,0,0,0,0,0,0,0,0,0,0,0,0,0,0,0,0,0,0,0,0.00254291,0.00127146,0.00190718,0,0,0,0,0.00254291,0.00508582,0,0,0,0.00826446,0.00254291,0.000635728,0.00508582,0,0,0.581691,0,0.00508582,0.0267006,0,0.0158932,0.0330579,0,0.0241577,0.0044501,0.0368722,0.00190718,0.0178004,0.00508582,0.00381437,0.0133503,0.058487,0,0.0451367,0.0260648,0.0228862,0,0.0178004,0,0,0,0,0,0.0298792,0,0,0,0,0,0,0,0,0,0,0,0,0,0,0,0,0,0,0,0,0
25400,0,0,0,0,0,0,0,0,0,0,0,0,0,0,0,0,0,0,0,0,0,0,0,0,0,0,0,0,0,0,0,0,0.000653168,0,0,0,0,0.00130634,0,0.00130634,0.00914435,0.00718485,0,0.00457218,0.000653168,0.0111039,0.00130634,0.000653168,0,0,0.585238,0.00130634,0.015676,0.0163292,0,0.0202482,0.0261267,0,0.0254735,0.00979752,0.011757,0,0.0228609,0.00522534,0.0104507,0.00391901,0.0496408,0,0.0365774,0.0124102,0.0163292,0,0.073808,0,0,0,0,0,0.0189419,0,0,0,0,0,0,0,0,0,0,0,0,0,0,0,0,0,0,0,0,0
25450,0,0,0,0,0,0,0,0,0,0,0,0,0,0,0,0,0,0,0,0,0,0,0,0,0,0,0,0,0,0,0,0,0,0,0.00059988,0,0,0.00179964,0,0.00419916,0.00119976,0.00359928,0,0.00659868,0,0.0059988,0,0.00179964,0.00059988,0,0.592681,0.00119976,0.0287942,0.0029994,0,0.00239952,0.00419916,0,0.0287942,0.0125975,0.00359928,0,0.0191962,0.00719856,0.0113977,0.00359928,0.0359928,0.00479904,0.0653869,0.0227954,0.0215957,0.00779844,0.0659868,0,0,0,0,0,0.0305939,0,0,0,0,0,0,0,0,0,0,0,0,0,0,0,0,0,0,0,0,0
25500,0,0,0,0,0,0,0,0,0,0,0,0,0,0,0,0,0,0,0,0,0,0,0,0,0,0,0,0,0,0,0,0,0,0.00143472,0,0,0,0.00071736,0.00071736,0.00143472,0.00215208,0.0071736,0.00071736,0.0200861,0.00502152,0.0071736,0.00071736,0.00286944,0,0.00215208,0.650646,0.00143472,0.0121951,0.010043,0,0.00645624,0.00286944,0,0.0466284,0.00143472,0,0,0.00789096,0.0035868,0.00789096,0.00430416,0.0035868,0.00215208,0.0337159,0.0344333,0.0114778,0.00789096,0.0451937,0,0,0,0,0,0.053802,0,0,0,0,0,0,0,0,0,0,0,0,0,0,0,0,0,0,0,0,0
25550,0,0,0,0,0,0,0,0,0,0,0,0,0,0,0,0,0,0,0,0,0,0,0,0,0,0,0,0,0,0,0,0,0,0.003427,0,0,0.000685401,0,0.00411241,0.0013708,0.00685401,0.0027416,0,0.0123372,0.00959561,0.0178204,0.0013708,0.00479781,0,0.00616861,0.573681,0.0027416,0.0185058,0.00479781,0,0,0.0260452,0.000685401,0.0212474,0.00753941,0,0,0.0301576,0.003427,0.0020562,0.0027416,0.003427,0.0130226,0.027416,0.0534613,0.0253598,0.0246744,0.0349554,0,0,0,0,0,0.0527759,0,0,0,0,0,0,0,0,0,0,0,0,0,0,0,0,0,0,0,0,0
25600,0,0,0,0,0,0,0,0,0,0,0,0,0,0,0,0,0,0,0,0,0,0,0,0,0,0,0,0,0.00062422,0,0,0,0.00187266,0.00374532,0,0,0,0.00062422,0,0.00124844,0.00187266,0.0031211,0,0.0031211,0.00249688,0.0212235,0.0031211,0.00374532,0,0.00561798,0.681024,0,0.0149813,0.0062422,0,0.00124844,0.019975,0,0.0124844,0.00374532,0.00686642,0,0.00873908,0,0.00374532,0.00873908,0.0031211,0.0031211,0.0174782,0.0262172,0.0268414,0.0174782,0.0149813,0,0,0,0,0,0.0705368,0,0,0,0,0,0,0,0,0,0,0,0,0,0,0,0,0,0,0,0,0
25650,0,0,0,0,0,0,0,0,0,0,0,0,0,0,0,0,0,0,0,0,0,0,0,0,0,0,0,0,0.000742942,0,0,0,0.000742942,0,0,0,0,0,0,0.00297177,0.00445765,0,0.00297177,0.00297177,0,0.0178306,0,0.00817236,0,0.013373,0.67162,0,0.00817236,0.00520059,0,0.00222883,0.0089153,0.00148588,0.0371471,0.00594354,0.00222883,0.000742942,0.00297177,0,0.00445765,0.00817236,0.0364042,0,0.0148588,0.00817236,0.0453195,0.00222883,0.00817236,0,0,0,0.00445765,0,0.0653789,0,0,0,0,0,0,0,0,0,0,0,0,0,0,0,0,0,0,0,0,0.00148588
25700,0,0,0,0,0,0,0,0,0,0,0,0,0,0,0,0,0,0,0,0,0,0,0,0,0,0,0,0,0,0,0,0,0.000694927,0,0,0,0,0,0,0,0.0076442,0.0104239,0.00277971,0.00347464,0,0.00972898,0.000694927,0.0132036,0,0.0152884,0.681028,0,0.0257123,0,0,0.00486449,0.0104239,0.00416956,0.00972898,0.000694927,0.0076442,0,0.00625434,0,0.018763,0.00555942,0.019458,0.0257123,0.0298819,0.00486449,0.028492,0,0.00972898,0,0,0,0.00903405,0,0.0319666,0,0,0,0,0,0,0,0,0,0,0,0,0,0,0,0,0,0,0,0,0.00208478
25750,0,0,0,0,0,0,0,0,0,0,0,0,0,0,0,0,0,0,0,0,0,0,0,0,0,0,0,0,0,0,0,0,0,0,0,0,0,0,0,0.00359454,0.00287563,0.00431344,0.0172538,0.00790798,0,0.00287563,0,0.0122214,0,0.00934579,0.613228,0.00431344,0.0165349,0.0107836,0,0.0330697,0.0337886,0,0.0438533,0.00503235,0.0258807,0,0.0122214,0,0.0129403,0,0.0194105,0.0395399,0.0215672,0.00503235,0.0222861,0,0.000718907,0,0,0,0,0,0.0165349,0,0,0,0,0,0,0,0,0,0,0,0,0,0,0,0,0,0,0,0,0.00287563
25800,0,0,0,0,0,0,0,0,0,0,0,0,0,0,0,0,0,0,0,0,0,0,0,0,0,0,0,0,0,0,0,0,0.00138217,0,0,0,0,0,0,0.00691085,0.00414651,0.0131306,0,0.016586,0,0.00552868,0,0.00967519,0,0.00276434,0.662751,0.0200415,0.0048376,0.0262612,0,0.0117484,0.0310988,0,0.0179682,0.016586,0.00691085,0,0.016586,0,0.0442294,0,0.0193504,0.0145128,0.00276434,0,0.0352453,0,0,0,0,0.00207326,0,0,0.00691085,0,0,0,0,0,0,0,0,0,0,0,0,0,0,0,0,0,0,0,0,0
25850,0,0,0,0,0,0,0,0,0,0,0,0,0,0,0,0,0,0,0,0,0,0,0,0,0,0,0,0,0,0,0,0,0.000628536,0,0,0.00125707,0,0,0,0,0.00314268,0.0119422,0,0.0150849,0.000628536,0.00251414,0,0.0144563,0.00628536,0.00439975,0.660591,0.0087995,0.0182275,0.0307982,0,0.00377121,0.0232558,0.000628536,0.00314268,0.0106851,0.0458831,0.000628536,0.00502828,0,0.0182275,0.000628536,0.0609679,0.0213702,0,0,0.00817096,0,0,0,0,0,0,0,0.0188561,0,0,0,0,0,0,0,0,0,0,0,0,0,0,0,0,0,0,0,0,0
25900,0,0,0,0,0,0,0,0,0,0,0,0,0,0,0,0,0,0,0,0,0,0,0,0,0,0,0,0,0,0,0,0,0,0,0,0,0,0,0,0.00226757,0.000566893,0.00680272,0.00226757,0.00170068,0.00113379,0.00113379,0.00170068,0.00170068,0.000566893,0.0102041,0.629252,0.00907029,0.0209751,0.0232426,0,0.00623583,0.0277778,0.000566893,0.00283447,0.026644,0.0408163,0.00453515,0.00793651,0,0.0175737,0,0.0844671,0.00113379,0.000566893,0.00113379,0.0130385,0.000566893,0.00396825,0,0,0,0,0,0.047619,0,0,0,0,0,0,0,0,0,0,0,0,0,0,0,0,0,0,0,0,0
25950,0,0,0,0,0,0,0,0,0,0,0,0,0,0,0,0,0,0,0,0,0,0,0,0,0,0,0,0,0,0,0,0,0,0,0,0,0.00257069,0,0,0.0123393,0,0.00411311,0,0,0.000514139,0,0.000514139,0,0,0.00308483,0.649871,0.0113111,0.00874036,0.0251928,0,0.00359897,0.0236504,0,0.000514139,0.00616967,0.0267352,0.0143959,0.0246787,0,0.0478149,0,0.0524422,0,0,0.0318766,0.00514139,0.00205656,0.00308483,0,0,0,0,0,0.0395887,0,0,0,0,0,0,0,0,0,0,0,0,0,0,0,0,0,0,0,0,0
26000,0,0,0,0,0,0,0,0,0,0,0,0,0,0,0,0,0,0,0,0,0,0,0,0,0,0,0,0,0,0,0,0,0,0,0,0,0.0035503,0,0,0,0,0,0,0.00118343,0.0171598,0.00650888,0.00236686,0.000591716,0.00473373,0.00295858,0.598225,0.00710059,0.0236686,0.0159763,0,0.00295858,0.016568,0,0.00887574,0.00591716,0.0189349,0.0502959,0.0260355,0,0.0177515,0,0.039645,0.000591716,0,0.0236686,0,0.0035503,0,0,0,0.0106509,0,0,0.0905325,0,0,0,0,0,0,0,0,0,0,0,0,0,0,0,0,0,0,0,0,0
26050,0,0,0,0,0,0,0,0,0,0,0,0,0,0,0,0,0,0,0,0,0,0,0.000538503,0,0,0,0,0,0,0,0,0,0,0,0.000538503,0,0,0,0,0.00215401,0.000538503,0,0,0,0.0172321,0.00430802,0.00700054,0,0,0.00592353,0.691438,0,0.0204631,0.00753904,0.00323102,0.0113086,0.0263866,0,0.0193861,0.0220786,0.0145396,0.0177706,0.0156166,0,0.00969305,0,0.0188476,0.00269251,0,0.00646204,0.000538503,0,0,0,0,0,0,0,0.0737749,0,0,0,0,0,0,0,0,0,0,0,0,0,0,0,0,0,0,0,0,0
26100,0,0,0,0,0,0,0,0,0,0,0,0,0,0,0,0,0,0,0,0,0,0,0.00106895,0,0,0,0,0,0,0,0,0,0.000534474,0,0.00160342,0,0,0,0,0.00267237,0,0.00267237,0,0,0.00160342,0.000534474,0.00641368,0,0.00320684,0.00481026,0.738108,0.00160342,0.00748263,0.00160342,0.00267237,0,0.0272582,0.000534474,0.00481026,0.0080171,0.0213789,0.00641368,0.0138963,0.00213789,0.0331374,0,0.0486371,0.00320684,0,0.0171032,0.00641368,0,0,0,0,0,0,0,0.030465,0,0,0,0,0,0,0,0,0,0,0,0,0,0,0,0,0,0,0,0,0
26150,0,0,0,0,0,0,0,0,0,0,0,0,0,0,0,0,0,0,0,0,0,0,0,0,0,0,0,0,0,0,0,0,0,0,0,0,0.000529101,0.0047619,0.0010582,0,0.0026455,0.000529101,0,0,0.0037037,0,0.00529101,0.000529101,0,0.0132275,0.683069,0.00846561,0.00634921,0.0015873,0.0047619,0,0.0386243,0,0.0100529,0.00846561,0.0428571,0.0026455,0.0174603,0.0026455,0.0460317,0,0.0481481,0.00793651,0,0.0259259,0.00634921,0,0,0,0,0,0,0,0.00634921,0,0,0,0,0,0,0,0,0,0,0,0,0,0,0,0,0,0,0,0,0
26200,0,0,0,0,0,0,0,0,0,0,0,0,0,0,0,0,0,0,0,0,0,0,0,0,0,0,0,0,0,0,0,0,0,0,0.00125707,0,0,0.00502828,0.000628536,0,0,0.00502828,0.000628536,0.000628536,0.00188561,0.00125707,0.0106851,0,0,0.00439975,0.629164,0.00817096,0.0163419,0.0226273,0.00125707,0.00125707,0.0131992,0.00754243,0.0188561,0.00754243,0.0452546,0.00754243,0.0245129,0.0213702,0.0188561,0,0.0370836,0.0182275,0.000628536,0.0364551,0.0251414,0.00125707,0,0,0,0,0,0,0.00628536,0,0,0,0,0,0,0,0,0,0,0,0,0,0,0,0,0,0,0,0,0
26250,0,0,0,0,0,0,0,0,0,0,0,0,0,0,0,0,0,0,0,0,0,0,0,0,0,0,0,0,0,0,0,0,0,0,0,0,0.000659196,0.00329598,0,0,0,0.00263678,0.00329598,0,0.00131839,0.00791035,0.00791035,0.00131839,0,0,0.619644,0.00197759,0.0145023,0.0151615,0,0.000659196,0.0342782,0.00856955,0.00461437,0.0184575,0.0309822,0.00395517,0.0145023,0.00131839,0.0323006,0,0.0626236,0.0177983,0,0.0500989,0.0276862,0,0,0,0,0,0,0,0.0125247,0,0,0,0,0,0,0,0,0,0,0,0,0,0,0,0,0,0,0,0,0
26300,0,0,0,0,0,0,0,0,0,0,0,0,0,0,0,0,0,0,0,0,0,0,0,0,0,0,0,0,0,0,0,0,0,0,0.00111297,0,0,0,0,0.00166945,0,0.00500835,0.0139121,0,0.017251,0.0066778,0.000556483,0,0.00222593,0.00278242,0.588759,0.00166945,0.0183639,0.0033389,0,0.00278242,0.0461881,0.00779076,0.00500835,0.00278242,0.017251,0,0.0105732,0,0.031163,0.000556483,0.0317195,0.0127991,0.00834725,0.0834725,0.0367279,0,0,0,0,0,0,0,0.0395103,0,0,0,0,0,0,0,0,0,0,0,0,0,0,0,0,0,0,0,0,0
26350,0,0,0,0,0,0,0,0,0,0,0,0,0,0,0,0,0,0,0,0,0,0,0,0,0,0,0,0,0,0,0,0,0,0,0.00311333,0,0,0,0.000622665,0.00933998,0,0.00311333,0.00747198,0.0205479,0.00498132,0.014944,0.00249066,0,0.00124533,0.00249066,0.63325,0.0118306,0.013076,0.000622665,0,0.000622665,0.0616438,0.00622665,0.00809465,0.001868,0.0217933,0,0.00871731,0.001868,0.0105853,0,0.0336239,0.00124533,0.013076,0.0504359,0.0236613,0,0.00124533,0,0,0,0,0,0.0261519,0,0,0,0,0,0,0,0,0,0,0,0,0,0,0,0,0,0,0,0,0
26400,0,0,0,0,0,0,0,0,0,0,0,0,0,0,0,0,0,0,0,0,0,0,0,0,0,0,0,0,0,0,0,0,0,0.001221,0.001221,0,0.002442,0,0,0.0042735,0,0.001221,0.002442,0.00976801,0.00854701,0.0103785,0.00549451,0,0.001221,0.0042735,0.611722,0.0018315,0.004884,0.0140415,0,0,0.037851,0,0.0201465,0.000610501,0.032967,0.001221,0.0115995,0.010989,0.0164835,0,0.0433455,0,0.002442,0.0995116,0.0128205,0,0,0,0,0,0,0,0.0250305,0,0,0,0,0,0,0,0,0,0,0,0,0,0,0,0,0,0,0,0,0
26450,0,0,0,0,0,0,0,0,0,0,0,0,0,0,0,0,0,0,0,0,0,0,0,0,0,0,0,0,0,0,0,0,0,0,0,0,0.000619195,0,0,0.00123839,0,0.00495356,0,0.0148607,0.0160991,0.00309598,0.000619195,0,0,0.00557276,0.640248,0.00371517,0.0111455,0.0130031,0,0,0.0179567,0,0.00866873,0.00371517,0.0452012,0.000619195,0.00557276,0.0136223,0.00619195,0,0.0854489,0,0,0.0346749,0.0160991,0,0.0216718,0,0,0,0,0,0.025387,0,0,0,0,0,0,0,0,0,0,0,0,0,0,0,0,0,0,0,0,0
26500,0,0,0,0,0,0,0,0,0,0,0,0,0,0,0,0,0,0,0,0,0,0,0,0,0,0,0,0,0,0,0,0,0,0.0020202,0,0,0.00942761,0,0,0.0127946,0,0.0026936,0,0.0020202,0.00942761,0.0013468,0.00538721,0,0,0.0188552,0.6633,0.0127946,0.00740741,0.0114478,0,0.0013468,0.0242424,0,0.0154882,0.00808081,0.026936,0,0.0107744,0,0.013468,0,0.0343434,0,0,0.0444444,0.0181818,0.0013468,0.0141414,0,0,0,0,0,0.0282828,0,0,0,0,0,0,0,0,0,0,0,0,0,0,0,0,0,0,0,0,0
26550,0,0,0,0,0,0,0,0,0,0,0,0,0,0,0,0,0,0,0,0,0,0,0,0,0,0,0,0,0,0,0.00069979,0,0,0.00419874,0,0,0.00139958,0.00069979,0,0.00559832,0.00069979,0.0069979,0,0.00139958,0.00209937,0.0104969,0.0104969,0.00279916,0.00069979,0.0139958,0.553534,0.0146956,0.00769769,0.0258922,0,0.00489853,0.0370889,0,0.0258922,0.00909727,0.0223933,0.00419874,0.030091,0.00069979,0.00979706,0,0.0587824,0,0,0.0517845,0.0230931,0,0.0139958,0,0,0,0,0,0.0440868,0,0,0,0,0,0,0,0,0,0,0,0,0,0,0,0,0,0,0,0,0
26600,0,0,0,0,0,0,0,0,0,0,0,0,0,0,0,0,0,0,0,0,0,0,0,0,0,0,0,0,0,0,0,0,0,0.00549828,0,0,0.000687285,0.000687285,0,0.00137457,0,0.00618557,0,0,0.00137457,0.0219931,0.00618557,0,0,0.00687285,0.570447,0.00549828,0,0.0116838,0.00206186,0.00206186,0.0474227,0.004811,0.0233677,0.0199313,0.019244,0,0.024055,0,0.0199313,0,0.0666667,0,0,0.0707904,0.014433,0,0.019244,0,0,0,0,0,0.0274914,0,0,0,0,0,0,0,0,0,0,0,0,0,0,0,0,0,0,0,0,0
26650,0,0,0,0,0,0,0,0,0,0,0,0,0,0,0,0,0,0,0,0,0,0,0,0,0,0,0,0,0,0,0,0,0,0,0,0,0.000738552,0,0,0.00443131,0,0.00886263,0,0,0,0.0177253,0.00369276,0,0,0.00664697,0.538405,0.00221566,0,0.0110783,0,0,0.0443131,0.0162482,0.00960118,0.0184638,0.0598227,0.00221566,0.0206795,0.00221566,0.00812408,0,0.0731167,0,0,0.0583456,0.0206795,0,0.0361891,0,0,0,0,0,0.0361891,0,0,0,0,0,0,0,0,0,0,0,0,0,0,0,0,0,0,0,0,0
26700,0,0,0,0,0,0,0,0,0,0,0,0,0,0,0,0,0,0,0,0,0,0,0,0,0,0,0,0,0,0,0,0.0022779,0.0015186,0.000759301,0.0022779,0,0,0,0,0.00455581,0.000759301,0.00835232,0,0,0.000759301,0.0015186,0.00455581,0.00835232,0.000759301,0.0121488,0.609719,0.00531511,0.000759301,0.000759301,0,0,0.040243,0.0106302,0.022779,0.00455581,0.0387244,0,0.00911162,0.0113895,0.00911162,0,0.055429,0,0,0.0485953,0.0258162,0,0.0349279,0,0,0,0,0,0.0235383,0,0,0,0,0,0,0,0,0,0,0,0,0,0,0,0,0,0,0,0,0
26750,0,0,0,0,0,0,0,0,0,0,0,0,0,0,0,0,0,0,0,0,0,0,0,0,0.000807754,0,0,0,0,0,0,0,0.0113086,0,0,0,0.00323102,0,0,0.00484653,0,0.00242326,0,0,0.00161551,0,0,0.0161551,0.00161551,0.0088853,0.587237,0.0113086,0,0.000807754,0,0,0.0193861,0.00323102,0.0347334,0.00403877,0.0686591,0,0.0250404,0.00646204,0.00807754,0,0.0508885,0,0,0.0670436,0.0420032,0,0.0153473,0,0,0,0,0,0.00484653,0,0,0,0,0,0,0,0,0,0,0,0,0,0,0,0,0,0,0,0,0
26800,0,0,0,0,0,0,0,0,0,0,0,0,0,0,0,0,0,0,0,0,0,0,0,0,0,0,0,0,0,0,0,0,0.00487805,0,0,0,0.000813008,0,0,0.00325203,0.00731707,0.00325203,0,0,0.00325203,0.00894309,0,0.00162602,0.00243902,0.00650407,0.546341,0.0113821,0.00325203,0.000813008,0,0,0.0178862,0.00325203,0.0382114,0,0.0520325,0.00650407,0.0658537,0.0300813,0.0276423,0,0.0593496,0,0,0.0520325,0.0406504,0,0,0,0,0,0,0,0.00243902,0,0,0,0,0,0,0,0,0,0,0,0,0,0,0,0,0,0,0,0,0
26850,0,0,0,0,0,0,0,0,0,0,0,0,0,0,0,0,0,0,0,0,0,0,0,0,0,0,0,0,0,0,0,0,0.00172117,0,0.00258176,0,0,0,0,0.00172117,0,0.00688468,0.00172117,0.00172117,0,0.00774527,0,0.000860585,0,0.00860585,0.660929,0,0.0060241,0,0,0,0.0146299,0.00172117,0.0215146,0.0060241,0.0370052,0.0111876,0.0533563,0.0266781,0.0120482,0,0.0481928,0,0,0.055938,0.0111876,0,0,0,0,0,0,0,0,0,0,0,0,0,0,0,0,0,0,0,0,0,0,0,0,0,0,0,0,0
26900,0,0,0,0,0,0,0,0,0,0,0,0,0,0,0,0,0,0,0,0,0,0,0,0,0,0,0,0,0,0,0,0,0,0,0.00243112,0,0,0,0,0,0,0.00567261,0.00972447,0.0089141,0.00405186,0.000810373,0,0.00567261,0,0.00486224,0.621556,0.012966,0.00243112,0,0.00162075,0.00486224,0.0145867,0,0.0235008,0.00729335,0.0291734,0.00810373,0.0421394,0.00162075,0.0243112,0,0.0551053,0,0,0.0786062,0.0299838,0,0,0,0,0,0,0,0,0,0,0,0,0,0,0,0,0,0,0,0,0,0,0,0,0,0,0,0,0
26950,0,0,0,0,0,0,0,0,0,0,0,0,0,0,0,0,0,0,0,0,0,0,0,0,0,0,0,0,0,0,0,0,0,0,0.000689655,0,0,0,0,0,0.000689655,0,0.000689655,0.00413793,0.00551724,0.00275862,0,0.00344828,0,0,0.664828,0.00896552,0.00551724,0,0,0.0131034,0.0186207,0,0.0151724,0.00827586,0.0393103,0,0.0158621,0.000689655,0.0310345,0,0.0544828,0,0,0.0641379,0.0393103,0,0.00275862,0,0,0,0,0,0,0,0,0,0,0,0,0,0,0,0,0,0,0,0,0,0,0,0,0,0,0
27000,0,0,0,0,0,0,0,0,0,0,0,0,0,0,0,0,0,0,0,0,0,0,0,0,0,0,0,0,0,0,0,0,0.00119474,0.00119474,0.00238949,0,0,0.00597372,0,0.00298686,0.00597372,0.00238949,0,0.00179211,0.00358423,0.00776583,0,0.00179211,0,0,0.612306,0.0155317,0.000597372,0.00477897,0,0.00477897,0.0310633,0,0.00776583,0.0101553,0.0203106,0.00298686,0.0238949,0.00358423,0.0232975,0,0.0549582,0,0,0.0489845,0.0979689,0,0,0,0,0,0,0,0,0,0,0,0,0,0,0,0,0,0,0,0,0,0,0,0,0,0,0,0,0
27050,0,0,0,0,0,0,0,0,0,0,0,0,0,0,0,0,0,0,0,0,0,0,0,0,0,0,0,0,0,0,0,0.000647249,0.000647249,0,0,0,0,0.000647249,0,0,0.002589,0.00517799,0,0.00582524,0.00647249,0.00582524,0,0,0.000647249,0,0.626537,0.015534,0.00194175,0,0.000647249,0,0.0569579,0,0.0135922,0.0220065,0.0323625,0.010356,0.018123,0.0012945,0.0265372,0,0.0466019,0,0,0.0634304,0.0291262,0,0.00582524,0,0.000647249,0,0,0,0,0,0,0,0,0,0,0,0,0,0,0,0,0,0,0,0,0,0,0,0,0
27100,0,0,0,0,0,0,0,0,0,0,0,0,0,0,0,0,0,0,0,0,0,0,0,0,0,0,0,0,0,0,0,0,0,0,0.00230947,0,0,0.00115473,0,0.00230947,0.0017321,0.00635104,0,0.00288684,0.0034642,0.00115473,0,0,0,0.000577367,0.685335,0.00230947,0.00288684,0.0132794,0,0,0.0433025,0.0051963,0.00808314,0.0034642,0.0271363,0.00866051,0.0144342,0.00577367,0.01097,0,0.0744804,0,0,0.0265589,0.0369515,0,0.00923788,0,0,0,0,0,0,0,0,0,0,0,0,0,0,0,0,0,0,0,0,0,0,0,0,0,0,0
27150,0,0,0,0,0,0,0,0,0,0,0,0,0,0,0,0,0,0,0,0,0,0,0,0,0,0,0,0,0,0,0,0,0.00616016,0,0.00273785,0.000684463,0,0.00136893,0,0,0.00205339,0.00616016,0,0.000684463,0.0109514,0,0.000684463,0,0,0.00205339,0.658453,0.00136893,0.00752909,0.0136893,0.0109514,0,0.0704997,0.00273785,0.0184805,0.00958248,0.0465435,0.00752909,0.0232717,0.00273785,0.00136893,0,0.0602327,0,0,0.0253251,0.0054757,0,0.000684463,0,0,0,0,0,0,0,0,0,0,0,0,0,0,0,0,0,0,0,0,0,0,0,0,0,0,0
27200,0,0,0,0,0,0,0,0,0,0,0,0,0,0,0,0,0,0,0,0,0,0,0,0,0,0,0,0,0,0,0,0,0.000775795,0,0,0,0,0,0,0,0,0,0.00465477,0,0.0100853,0.00155159,0.00543057,0,0.000775795,0.000775795,0.577967,0.00155159,0.00853375,0.0124127,0.0527541,0.00232739,0.026377,0.0162917,0.00853375,0.0201707,0.0636152,0.0395656,0.0248254,0.00232739,0,0,0.0543057,0,0,0.0512025,0.0116369,0,0,0,0,0,0,0,0,0,0.00155159,0,0,0,0,0,0,0,0,0,0,0,0,0,0,0,0,0,0,0
27250,0,0,0,0,0,0,0,0,0,0,0,0,0,0,0,0,0,0,0,0,0,0,0,0,0,0,0,0,0,0,0,0.00134499,0,0,0.00268998,0,0,0.00134499,0,0.00134499,0.00134499,0,0.00201748,0.0134499,0.00537996,0.000672495,0.00134499,0,0.00336247,0,0.665098,0,0,0.0154674,0.0201748,0.00268998,0.0376597,0.00403497,0,0.0201748,0.0195024,0.0161399,0.0443847,0.00605245,0.00268998,0,0.0571621,0,0,0.0376597,0.0168124,0,0,0,0,0,0,0,0,0,0,0,0,0,0,0,0,0,0,0,0,0,0,0,0,0,0,0,0,0
27300,0,0,0,0,0,0,0,0,0,0,0,0,0,0,0,0,0,0,0,0,0,0,0,0,0,0,0,0,0,0,0,0,0.00671592,0,0,0,0,0,0,0,0.00201478,0.00134318,0.000671592,0.00470114,0.00201478,0,0,0,0.0120887,0,0.59503,0,0,0.00671592,0.0080591,0.00134318,0.0409671,0.00470114,0.00537273,0.00537273,0.0141034,0.0396239,0.0698455,0.0100739,0.00134318,0,0.0852921,0,0,0.0402955,0.0423103,0,0,0,0,0,0,0,0,0,0,0,0,0,0,0,0,0,0,0,0,0,0,0,0,0,0,0,0,0
27350,0,0,0,0,0,0,0,0,0,0,0,0,0,0,0,0,0,0,0,0,0,0,0,0,0,0,0,0,0,0,0,0,0.00141844,0,0.00212766,0,0.00141844,0,0,0,0,0.00070922,0.00496454,0.0035461,0.00567376,0,0.0035461,0,0.0141844,0,0.580851,0,0,0.0120567,0.0113475,0.0219858,0.0829787,0.00283688,0.00212766,0.00141844,0.00425532,0.0617021,0.0390071,0.00780142,0,0,0.0666667,0,0,0.0319149,0.0312057,0,0.00425532,0,0,0,0,0,0,0,0,0,0,0,0,0,0,0,0,0,0,0,0,0,0,0,0,0,0,0
27400,0,0,0,0,0,0,0,0,0,0,0,0,0,0,0,0,0,0,0,0,0,0,0,0,0,0,0,0,0,0,0,0,0,0,0.00331785,0,0.00265428,0,0,0.00464499,0.00464499,0.00066357,0.00862641,0.00132714,0.00265428,0,0.0172528,0,0,0,0.546118,0,0.00995355,0.0192435,0.0152621,0.013935,0.0769741,0,0.0318514,0.0132714,0.00398142,0.0165893,0.0106171,0.00265428,0,0,0.0889184,0,0,0.013935,0.0670206,0,0.0238885,0,0,0,0,0,0,0,0,0,0,0,0,0,0,0,0,0,0,0,0,0,0,0,0,0,0,0
27450,0,0,0,0,0,0,0,0,0,0,0,0,0,0,0,0,0,0,0,0,0,0,0,0,0,0,0,0,0,0,0,0,0,0,0.000645161,0,0.00387097,0,0,0,0.00451613,0,0.00709677,0,0,0,0.00258065,0,0.000645161,0.00580645,0.523226,0,0.0148387,0.0116129,0.0116129,0,0.0335484,0.000645161,0.0387097,0.0174194,0.00322581,0.02,0.0187097,0,0.000645161,0,0.0574194,0,0,0.00903226,0.0929032,0,0.0735484,0.0251613,0,0,0,0,0,0,0,0,0.0225806,0,0,0,0,0,0,0,0,0,0,0,0,0,0,0,0,0
27500,0,0,0,0,0,0,0,0,0,0,0,0,0,0,0,0,0,0,0,0,0,0,0,0,0,0,0,0,0,0,0,0,0.00055371,0,0.00442968,0,0.00332226,0,0,0.00110742,0.00664452,0,0.00664452,0.00110742,0,0.00276855,0.00387597,0.00055371,0,0.00775194,0.560354,0.00276855,0.00996678,0.0276855,0.00719823,0,0.0559247,0,0.0121816,0.0215947,0.0143965,0.021041,0.0199336,0,0,0,0.0454042,0,0,0.0177187,0.0675526,0,0.0581395,0.0166113,0,0,0,0,0,0,0,0,0.00276855,0,0,0,0,0,0,0,0,0,0,0,0,0,0,0,0,0
27550,0,0,0,0,0,0,0,0,0,0,0,0,0,0,0,0,0,0,0,0,0,0,0,0,0,0,0,0,0,0,0,0,0.00441258,0.00110314,0.00441258,0,0.00330943,0.00165472,0,0.00110314,0.00882515,0.00496415,0.00220629,0.00551572,0.011583,0.00661886,0,0.00110314,0,0.00441258,0.591837,0.0121346,0.00110314,0.0182019,0.011583,0,0.042471,0,0.0132377,0.0137893,0.0182019,0.0126862,0.023166,0,0,0,0.042471,0.00110314,0,0.0259239,0.0606729,0,0.0314396,0.0182019,0,0,0,0,0,0,0,0,0.000551572,0,0,0,0,0,0,0,0,0,0,0,0,0,0,0,0,0
27600,0,0,0,0,0,0,0,0,0,0,0,0,0,0,0,0,0,0,0,0,0,0,0,0,0,0,0,0,0,0,0,0,0.00461627,0.000577034,0,0.00115407,0.0034622,0.0034622,0,0,0.00115407,0.0201962,0.0034622,0.00692441,0.0288517,0.0138488,0.00461627,0.0017311,0,0.0213503,0.50202,0.00577034,0.00115407,0.0300058,0.00692441,0,0.0548182,0,0.0386613,0.0421235,0.0121177,0.0150029,0.0184651,0,0.000577034,0,0.0392383,0,0,0.0155799,0.0594345,0,0.0276976,0.0132718,0,0,0,0,0,0,0,0,0.0017311,0,0,0,0,0,0,0,0,0,0,0,0,0,0,0,0,0
27650,0,0,0,0,0,0,0,0,0,0,0,0,0,0,0,0,0,0,0,0,0,0,0,0,0,0,0,0,0,0,0,0,0.0038961,0,0,0,0.0012987,0.00584416,0.00324675,0,0.00909091,0.00584416,0.0025974,0.00194805,0.0279221,0.00519481,0.0116883,0,0,0.0220779,0.562338,0.0266234,0.0038961,0.0220779,0,0,0.0292208,0,0.0149351,0.0324675,0.0162338,0.0103896,0.00974026,0,0,0,0.0467532,0,0,0.0246753,0.0701299,0,0.0194805,0.00779221,0,0,0,0,0,0,0,0,0.0025974,0,0,0,0,0,0,0,0,0,0,0,0,0,0,0,0,0
27700,0,0,0,0,0,0,0,0,0,0,0,0,0,0,0,0,0,0,0,0,0,0,0,0,0,0,0,0,0,0,0,0.000645161,0.00645161,0,0,0,0,0.00193548,0,0.000645161,0.00193548,0.00645161,0,0.00129032,0.0219355,0.016129,0.0187097,0,0.00193548,0.0167742,0.538065,0.043871,0.0135484,0.0174194,0,0,0.0329032,0,0.00516129,0.000645161,0.0451613,0.0109677,0.0141935,0.000645161,0,0,0.0406452,0.00580645,0,0.0219355,0.063871,0,0.0335484,0.0135484,0,0,0,0,0,0,0,0,0.00322581,0,0,0,0,0,0,0,0,0,0,0,0,0,0,0,0,0
27750,0,0,0,0,0,0,0,0,0,0,0,0,0,0,0,0,0,0,0,0,0,0,0,0,0,0,0,0,0,0,0,0,0.0127029,0,0,0,0,0,0,0.00635145,0,0.0042343,0,0.00211715,0.0444601,0.0247001,0.0042343,0.00141143,0,0.00917431,0.562456,0.0190543,0.0134086,0.0331687,0,0,0.0275229,0,0.00282287,0.00141143,0.0536344,0.00494001,0.00352858,0,0,0,0.0296401,0,0,0.0359915,0.0578687,0,0.01482,0.00564573,0,0,0,0,0.00776288,0,0,0,0.0169372,0,0,0,0,0,0,0,0,0,0,0,0,0,0,0,0,0
27800,0,0,0,0,0,0,0,0,0,0,0,0,0,0,0,0,0,0,0,0,0,0,0,0,0,0,0,0,0,0,0,0,0.004329,0,0,0,0,0,0,0.00123686,0,0,0,0.00247372,0.0154607,0.00680272,0.00123686,0,0.00556586,0.0117502,0.572665,0.00865801,0.0160792,0.0315399,0,0,0.0160792,0,0.0197897,0.00556586,0.0680272,0.004329,0,0,0,0.00123686,0.0556586,0,0,0.0105133,0.0544218,0,0.0321583,0.0197897,0,0,0,0,0.0148423,0,0,0,0.0191713,0,0,0,0,0,0,0,0,0,0.000618429,0,0,0,0,0,0,0
27850,0,0,0,0,0,0,0,0,0,0,0,0,0,0,0,0,0,0,0,0,0,0,0,0,0,0,0,0,0,0,0,0,0.0115756,0,0,0,0,0.00192926,0,0.00385852,0,0,0,0.000643087,0.0270096,0.0096463,0.00128617,0,0.000643087,0.00450161,0.609646,0.00450161,0.00321543,0.0154341,0.0115756,0,0.0244373,0.000643087,0.0212219,0.0109325,0.0424437,0.0122186,0,0,0.00192926,0.00385852,0.0128617,0,0,0.0289389,0.0302251,0,0.0508039,0.0212219,0.000643087,0,0,0,0.0141479,0,0,0,0.0180064,0,0,0,0,0,0,0,0,0,0,0,0,0,0,0,0,0
27900,0,0,0,0,0,0,0,0,0,0,0,0,0,0,0,0,0,0,0,0,0,0,0,0,0,0,0,0,0,0,0,0,0.00387597,0,0,0,0,0.00387597,0,0.00839793,0.00452196,0,0,0.00322997,0.0174419,0,0,0,0.00387597,0.00193798,0.604005,0.0103359,0.00387597,0.0277778,0.00193798,0,0.0355297,0.00193798,0.0109819,0.0219638,0.0581395,0.0142119,0,0,0,0,0.0361757,0,0,0.00904393,0.0574935,0,0.0432817,0.00581395,0,0,0,0,0.0103359,0,0,0,0,0,0,0,0,0,0,0,0,0,0,0,0,0,0,0,0,0
27950,0,0,0,0,0,0,0,0,0,0,0,0,0,0,0,0,0,0,0,0,0,0,0,0,0,0,0,0,0,0,0,0,0.0074565,0,0,0,0,0.0008285,0,0.001657,0.0008285,0,0.001657,0.006628,0.0107705,0,0,0.0008285,0,0.001657,0.538525,0.004971,0.006628,0.0124275,0,0,0.043082,0,0.0223695,0.0256835,0.0671085,0.011599,0,0,0.0024855,0,0.0439105,0,0,0.0256835,0.059652,0,0.067937,0.0041425,0,0,0,0,0.031483,0,0,0,0,0,0,0,0,0,0,0,0,0,0,0,0,0,0,0,0,0
28000,0,0,0,0,0,0,0,0,0,0,0,0,0,0,0,0,0,0,0,0,0,0,0,0,0,0,0,0,0,0,0,0,0,0,0,0,0,0,0,0,0,0,0.00145985,0.00729927,0.0175182,0.0109489,0,0,0,0.00510949,0.585401,0.00291971,0,0.00729927,0,0,0.0153285,0,0.0175182,0.00656934,0.0605839,0.0321168,0.00218978,0,0,0,0.0459854,0,0,0.040146,0.0810219,0,0.0372263,0.00218978,0,0,0,0,0.0211679,0,0,0,0,0,0,0,0,0,0,0,0,0,0,0,0,0,0,0,0,0
28050,0,0,0,0,0,0,0,0,0,0,0,0,0,0,0,0,0,0,0,0,0,0,0,0,0,0,0,0,0,0,0,0,0,0,0,0,0.00136612,0,0,0.00136612,0,0.00204918,0.00751366,0,0.00546448,0.0102459,0.00068306,0,0,0.00136612,0.588115,0.0355191,0.00136612,0.00887978,0.00478142,0,0.0191257,0,0.0642077,0.00751366,0.0321038,0.0150273,0.00887978,0.00136612,0,0,0.0321038,0,0,0.0498634,0.0655738,0,0.0348361,0,0,0,0,0,0.00068306,0,0,0,0,0,0,0,0,0,0,0,0,0,0,0,0,0,0,0,0,0
28100,0,0,0,0,0,0,0,0,0,0,0,0,0,0,0,0,0,0,0,0,0,0,0,0,0,0,0,0,0,0,0,0,0.00848564,0,0,0,0,0,0,0.00391645,0.00130548,0.00130548,0.00456919,0,0.0124021,0.00718016,0.0104439,0,0,0,0.624674,0.00522193,0.00261097,0,0.0150131,0,0.0104439,0,0.078329,0.0124021,0.0137076,0.0254569,0.00130548,0,0.00979112,0,0.0221932,0,0,0.0469974,0.0704961,0,0.00913838,0,0,0,0,0,0.00261097,0,0,0,0,0,0,0,0,0,0,0,0,0,0,0,0,0,0,0,0,0
28150,0,0,0,0,0,0,0,0,0,0,0,0,0,0,0,0,0,0,0,0,0,0,0,0,0,0,0,0,0,0,0,0,0.00582072,0,0,0,0,0.00174622,0,0.00232829,0.00814901,0,0,0,0.00407451,0.0110594,0.00232829,0,0,0.00640279,0.621071,0.00174622,0,0.00523865,0.0192084,0,0.0174622,0,0.0558789,0.0104773,0.0576251,0.0285215,0,0,0.0104773,0,0.0378347,0,0,0.0512224,0.0349243,0,0.00640279,0,0,0,0,0,0,0,0,0,0,0,0,0,0,0,0,0,0,0,0,0,0,0,0,0,0,0
28200,0,0,0,0,0,0,0,0,0,0,0,0,0,0,0,0,0,0,0,0,0,0,0,0,0,0,0,0,0,0,0,0,0.00710227,0,0.00213068,0,0,0,0,0,0,0,0.00142045,0.00497159,0.0142045,0.00497159,0,0,0,0.00213068,0.59375,0,0,0.0120739,0.0262784,0,0.0525568,0,0.0504261,0.024858,0.0205966,0.0120739,0,0,0.00426136,0,0.037642,0,0,0.0752841,0.0461648,0.00355114,0.00355114,0,0,0,0,0,0,0,0,0,0,0,0,0,0,0,0,0,0,0,0,0,0,0,0,0,0,0
28250,0,0,0,0,0,0,0,0,0,0,0,0,0,0,0,0,0,0,0,0,0,0,0,0,0,0,0,0,0,0,0,0,0.00393391,0,0.00550747,0,0,0.000786782,0,0,0,0.0220299,0,0.00236035,0.00550747,0.00472069,0,0,0,0.00157356,0.539732,0,0,0.00314713,0.0204563,0.00629426,0.0456334,0,0.0464201,0.0338316,0.0456334,0.00550747,0,0,0.00944138,0,0.0314713,0,0,0.0755311,0.0778914,0.00708104,0.00550747,0,0,0,0,0,0,0,0,0,0,0,0,0,0,0,0,0,0,0,0,0,0,0,0,0,0,0
28300,0,0,0,0,0,0,0,0,0,0,0,0,0,0,0,0,0,0,0,0,0,0,0,0,0,0,0,0,0,0,0,0,0,0,0.0047138,0,0,0,0,0,0,0.0195286,0.000673401,0,0.0020202,0.0020202,0.0040404,0,0.000673401,0,0.571044,0,0,0.0026936,0.00942761,0,0.0410774,0,0.0161616,0.0356902,0.0350168,0.0127946,0,0.0026936,0.00538721,0,0.0444444,0,0,0.0734007,0.0794613,0.026936,0.00808081,0,0,0,0,0,0,0,0,0.000673401,0,0,0,0,0,0.0013468,0,0,0,0,0,0,0,0,0,0,0,0
28350,0,0,0,0,0,0,0,0,0,0,0,0,0,0,0,0,0,0,0,0,0,0,0,0,0,0,0,0,0,0,0,0,0,0,0.000731529,0,0,0,0,0.00146306,0,0.0175567,0,0.0102414,0.00219459,0.0102414,0,0,0,0,0.500366,0,0,0.00146306,0.0182882,0,0.0307242,0,0.0190198,0.0365764,0.0175567,0.0190198,0,0,0.00731529,0,0.0343819,0,0,0.136064,0.076079,0.0292612,0.0314557,0,0,0,0,0,0,0,0,0,0,0,0,0,0,0,0,0,0,0,0,0,0,0,0,0,0,0
28400,0,0,0,0,0,0,0,0,0,0,0,0,0,0,0,0,0,0,0,0,0,0,0,0,0,0,0,0,0,0,0,0,0,0,0,0,0,0,0,0,0,0.00478469,0,0.000797448,0,0.00956938,0,0,0,0,0.627592,0.00398724,0,0,0.00398724,0,0.0494418,0,0.0239234,0.0135566,0.00478469,0.030303,0.00956938,0,0.00239234,0,0.0295056,0,0,0.099681,0.053429,0.0135566,0.0167464,0.00239234,0,0,0,0,0,0,0,0,0,0,0,0,0,0,0,0,0,0,0,0,0,0,0,0,0,0
28450,0,0,0,0,0,0,0,0,0,0,0,0,0,0,0,0,0,0,0,0,0,0,0,0,0,0,0,0,0,0,0,0,0,0,0.00165975,0,0,0.000829876,0,0.0107884,0,0.0033195,0.00497925,0.0033195,0,0.000829876,0.000829876,0,0,0,0.590871,0,0,0.00165975,0.0033195,0,0.0307054,0,0.0348548,0.0365145,0.0116183,0.0174274,0.0448133,0,0.00497925,0,0.0257261,0,0,0.120332,0.0224066,0.00248963,0.0248963,0,0,0,0,0,0,0,0,0,0,0,0,0,0.000829876,0,0,0,0,0,0,0,0,0,0,0,0,0
28500,0,0,0,0,0,0,0,0,0,0,0,0,0,0,0,0,0,0,0,0,0,0,0,0,0,0,0,0,0,0,0,0,0.00659472,0,0.00239808,0,0,0.00119904,0,0.00479616,0.00119904,0,0.00959233,0.00059952,0,0,0,0,0,0,0.563549,0,0,0.0101918,0.0143885,0,0.0119904,0,0.0551559,0.0371703,0.0131894,0.0059952,0.0419664,0.00059952,0.00419664,0,0.0203837,0,0,0.130096,0.028777,0,0.0353717,0,0,0,0,0,0,0.00059952,0,0,0,0,0,0,0,0,0,0,0,0,0,0,0,0,0,0,0,0
28550,0,0,0,0,0,0,0,0,0,0,0,0,0,0,0,0,0,0,0,0,0,0,0,0,0,0,0,0,0,0,0,0,0.00794702,0,0.00463576,0.000662252,0,0.00529801,0,0.00198675,0.000662252,0.00397351,0,0,0.00264901,0.000662252,0.00198675,0,0,0,0.581457,0.000662252,0,0.00331126,0.00794702,0,0.0311258,0,0.00794702,0.0172185,0.0443709,0.00993377,0.0112583,0,0.0013245,0,0.0549669,0,0,0.115232,0.0476821,0,0.0344371,0,0,0,0,0,0,0.000662252,0,0,0,0,0,0,0,0,0,0,0,0,0,0,0,0,0,0,0,0
28600,0,0,0,0,0,0,0,0,0,0,0,0,0,0,0,0,0,0,0,0,0,0,0,0,0,0,0,0,0,0,0,0,0.000695894,0,0.00487126,0,0.000695894,0.00208768,0,0,0,0.00208768,0.00417537,0.00487126,0.00347947,0.000695894,0,0,0,0,0.610995,0.00347947,0,0.0160056,0.0160056,0.00139179,0.0473208,0,0.00278358,0.00835073,0.0577592,0.0146138,0.00765484,0,0.00208768,0,0.0480167,0,0,0.0793319,0.0334029,0,0.0271399,0,0,0,0,0,0,0,0,0,0,0,0,0,0,0,0,0,0,0,0,0,0,0,0,0,0,0
28650,0,0,0,0,0,0,0,0,0,0,0,0,0,0,0,0,0,0,0,0,0,0,0,0,0,0,0,0,0,0,0,0,0.00176263,0,0.00646298,0,0.0052879,0.00470035,0,0,0,0.00470035,0.0105758,0.00117509,0.000587544,0.027027,0,0.00763807,0.00117509,0.00117509,0.53819,0.00705053,0,0.00881316,0.0158637,0.00646298,0.0522914,0,0.0511163,0.00822562,0.0387779,0.0146886,0.0176263,0,0.000587544,0,0.0505288,0,0.000587544,0.0505288,0.0405405,0.0052879,0.020564,0,0,0,0,0,0,0,0,0,0,0,0,0,0,0,0,0,0,0,0,0,0,0,0,0,0,0
28700,0,0,0,0,0,0,0,0,0,0,0,0,0,0,0,0,0,0,0,0,0,0,0,0,0,0,0,0,0,0,0,0,0,0.000585823,0.00234329,0,0.00117165,0.00878735,0,0,0,0.00585823,0.00117165,0,0.0128881,0.0287053,0.000585823,0,0,0.00292912,0.52314,0.00644405,0,0.0234329,0.00995899,0.0134739,0.0234329,0.000585823,0.0228471,0.00468658,0.026362,0.00527241,0.0392501,0.00292912,0.000585823,0,0.0386643,0,0.00175747,0.114236,0.059754,0.00702988,0.00995899,0.00117165,0,0,0,0,0,0,0,0,0,0,0,0,0,0,0,0,0,0,0,0,0,0,0,0,0,0
28750,0,0,0,0,0,0,0,0,0,0,0,0,0,0,0,0,0,0,0,0,0,0,0,0,0,0,0,0,0,0,0,0,0,0,0.00169492,0,0,0.00169492,0,0,0,0.0039548,0.00112994,0,0.00451977,0.00960452,0,0,0,0.00169492,0.564407,0.0039548,0.00282486,0.0378531,0.0180791,0.00112994,0.0152542,0,0.0180791,0.00338983,0.0039548,0.00677966,0.0485876,0.00960452,0,0,0.0474576,0,0,0.0819209,0.0881356,0.00847458,0.0158192,0,0,0,0,0,0,0,0,0,0,0,0,0,0,0,0,0,0,0,0,0,0,0,0,0,0,0
28800,0,0,0,0,0,0,0,0,0,0,0,0,0,0,0,0,0,0,0,0,0,0,0,0,0,0,0,0,0,0,0,0,0.00207039,0,0.00138026,0,0,0.00207039,0,0,0,0,0,0.00138026,0.015873,0.010352,0.00138026,0,0,0.0117322,0.555556,0.000690131,0.000690131,0.0200138,0.00759144,0,0.026225,0,0.0331263,0,0.010352,0.0207039,0.0193237,0.0089717,0,0.00552105,0.0372671,0,0,0.100069,0.0628019,0.00276052,0.0407177,0,0,0,0,0,0.00138026,0,0,0,0,0,0,0,0,0,0,0,0,0,0,0,0,0,0,0,0,0
28850,0,0,0,0,0,0,0,0,0,0,0,0,0,0,0,0,0,0,0,0,0,0,0,0,0,0,0,0,0,0,0,0,0,0,0,0,0,0,0,0,0.00493523,0,0,0,0.0228254,0.0141888,0,0,0,0,0.488587,0.00740284,0,0.0234423,0.00493523,0,0.0222085,0,0.038248,0,0.0394818,0.00246761,0.00370142,0.00616903,0,0.00493523,0.0117212,0,0,0.143122,0.082665,0.0172733,0.0616903,0,0,0,0,0,0,0,0,0,0,0,0,0,0,0,0,0,0,0,0,0,0,0,0,0,0,0
28900,0,0,0,0,0,0,0,0,0,0,0,0,0,0,0,0,0,0,0,0,0,0,0,0,0,0,0,0,0,0,0,0,0,0,0.000643501,0,0,0,0,0,0.001287,0.0019305,0,0,0.0238095,0.001287,0,0.001287,0,0,0.529601,0.000643501,0.003861,0.0553411,0,0,0.00900901,0,0.03861,0.0019305,0.0694981,0.018018,0.018018,0.019305,0,0.00772201,0.0135135,0,0,0.0733591,0.0611326,0.00900901,0.041184,0,0,0,0,0,0,0,0,0,0,0,0,0,0,0,0,0,0,0,0,0,0,0,0,0,0,0
28950,0,0,0,0,0,0,0,0,0,0,0,0,0,0,0,0,0,0,0,0,0,0,0,0,0,0,0,0,0,0,0,0,0.00214286,0,0.00642857,0,0,0,0,0.00142857,0,0,0,0,0.0135714,0.005,0.00142857,0,0,0,0.532857,0.000714286,0.0392857,0.0228571,0.00357143,0,0.0528571,0,0.0414286,0.00785714,0.0285714,0.005,0.0135714,0.000714286,0,0.00714286,0.0257143,0,0,0.0678571,0.0778571,0.0107143,0.0314286,0,0,0,0,0,0,0,0,0,0,0,0,0,0,0,0,0,0,0,0,0,0,0,0,0,0,0
29000,0,0,0,0,0,0,0,0,0,0,0,0,0,0,0,0,0,0,0,0,0,0,0,0,0,0,0,0,0,0,0,0,0.00065189,0,0.00912647,0,0,0.00065189,0,0.00391134,0,0,0.00130378,0,0.017601,0.0149935,0,0,0.0110821,0,0.633638,0,0.00260756,0.0234681,0.00977836,0.00065189,0.0371578,0,0.0541069,0.00130378,0.0247718,0.00847458,0.011734,0,0,0.00391134,0.00325945,0,0,0.0208605,0.0762712,0.00977836,0.0189048,0,0,0,0,0,0,0,0,0,0,0,0,0,0,0,0,0,0,0,0,0,0,0,0,0,0,0
29050,0,0,0,0,0,0,0,0,0,0,0,0,0,0,0,0,0,0,0,0,0,0,0,0,0,0,0,0,0,0,0,0,0,0,0.0101202,0,0,0,0,0.00126502,0,0.000632511,0.00885515,0,0.0170778,0.0215054,0,0,0.00822264,0.00759013,0.518659,0.000632511,0.0151803,0.0183428,0.0183428,0,0.0740038,0,0.0847565,0.00948767,0.0303605,0.0196078,0.0215054,0.00126502,0,0.00316256,0,0,0,0.0145478,0.0619861,0.0170778,0.0158128,0,0,0,0,0,0,0,0,0,0,0,0,0,0,0,0,0,0,0,0,0,0,0,0,0,0,0
29100,0,0,0,0,0,0,0,0,0,0,0,0,0,0,0,0,0,0,0,0,0,0,0,0,0,0,0,0,0,0,0,0,0,0,0.00507614,0,0,0,0,0,0,0.00317259,0.00380711,0.0069797,0.0152284,0.00888325,0,0,0.00507614,0.000634518,0.520939,0.000634518,0.018401,0.000634518,0.00253807,0,0.0310914,0,0.0805838,0.0209391,0.0158629,0.0222081,0.0748731,0,0,0,0.00444162,0,0,0.0380711,0.071066,0.0317259,0.017132,0,0,0,0,0,0,0,0,0,0,0,0,0,0,0,0,0,0,0,0,0,0,0,0,0,0,0
29150,0,0,0,0,0,0,0,0,0,0,0,0,0,0,0,0,0,0,0,0,0,0,0,0,0,0,0,0,0,0,0,0,0.00179748,0,0,0,0.000599161,0,0,0,0.00119832,0,0,0.0101857,0.014979,0.00479329,0,0,0,0,0.526663,0,0.0077891,0,0.00359497,0.00239664,0.0539245,0,0.0772918,0.0173757,0.0191732,0.0245656,0.0485321,0,0.00119832,0,0.0209706,0,0,0.0527262,0.0533253,0.0275614,0.0293589,0,0,0,0,0,0,0,0,0,0,0,0,0,0,0,0,0,0,0,0,0,0,0,0,0,0,0
29200,0,0,0,0,0,0,0,0,0,0,0,0,0,0,0,0,0,0,0,0,0,0,0,0,0,0,0,0,0,0,0,0,0,0,0,0,0.00177096,0,0,0.00826446,0.00295159,0.00177096,0,0.00295159,0.00649351,0.00177096,0,0,0,0,0.526564,0,0.00177096,0.000590319,0.00413223,0.00118064,0.0602125,0,0.0997639,0.012987,0.0342385,0.0271547,0.0253837,0,0.00826446,0,0.0106257,0,0,0.0661157,0.0442739,0.027745,0.0230224,0,0,0,0,0,0,0,0,0,0,0,0,0,0,0,0,0,0,0,0,0,0,0,0,0,0,0
29250,0,0,0,0,0,0,0,0,0,0,0,0,0,0,0,0,0,0,0,0,0,0,0,0,0,0,0,0,0,0,0,0,0.0013986,0,0,0,0,0.000699301,0,0.00559441,0,0.0020979,0,0,0.0048951,0.000699301,0,0,0,0,0.56993,0.000699301,0,0.000699301,0.00909091,0.00559441,0.020979,0,0.079021,0.0013986,0.0468531,0.0174825,0.0216783,0,0.0125874,0,0.00769231,0,0,0.0601399,0.0972028,0.00559441,0.027972,0,0,0,0,0,0,0,0,0,0,0,0,0,0,0,0,0,0,0,0,0,0,0,0,0,0,0
29300,0,0,0,0,0,0,0,0,0,0,0,0,0,0,0,0,0,0,0,0,0,0,0,0,0,0,0,0,0,0,0,0,0.00170261,0,0,0.00170261,0.00113507,0.000567537,0,0,0.000567537,0.0136209,0.0045403,0,0.00283768,0.0187287,0.0102157,0.00340522,0,0,0.480136,0,0,0.00624291,0.00567537,0.0164586,0.03916,0,0.0754824,0,0.0590238,0.0107832,0.00851305,0.000567537,0.00908059,0,0.0192963,0,0,0.0635641,0.101022,0.0175936,0.0283768,0,0,0,0,0,0,0,0,0,0,0,0,0,0,0,0,0,0,0,0,0,0,0,0,0,0,0
29350,0,0,0,0,0,0,0,0,0,0,0,0,0,0,0,0,0,0,0,0,0,0,0,0,0.000594884,0,0,0,0,0,0,0,0,0,0,0.000594884,0.00416419,0.00475907,0,0,0,0.0237954,0.00654372,0.00237954,0.000594884,0.0142772,0.0107079,0.00416419,0.00178465,0,0.474123,0,0.00654372,0.0136823,0.00178465,0.0113028,0.0630577,0,0.0963712,0,0.0541344,0.00892326,0.010113,0.000594884,0.00832838,0,0.010113,0,0,0.0559191,0.0743605,0.0113028,0.0249851,0,0,0,0,0,0,0,0,0,0,0,0,0,0,0,0,0,0,0,0,0,0,0,0,0,0,0
29400,0,0,0,0,0,0,0,0,0,0,0,0,0,0,0,0,0,0,0,0,0,0,0,0,0,0,0,0,0,0,0,0,0,0.000681663,0,0,0.00681663,0.0109066,0,0,0,0.0136333,0.0149966,0.00204499,0,0.0102249,0.0074983,0,0.00545331,0,0.501704,0.00136333,0.00408998,0.0272665,0.00340832,0.0102249,0.0443081,0,0.0245399,0.00272665,0.0231766,0.0143149,0.0197682,0,0.0286299,0,0.0156783,0,0,0.0327198,0.0940695,0.0136333,0.0661213,0,0,0,0,0,0,0,0,0,0,0,0,0,0,0,0,0,0,0,0,0,0,0,0,0,0,0
29450,0,0,0,0,0,0,0,0,0,0,0,0,0,0,0,0,0,0,0,0,0,0,0,0,0,0,0,0,0,0,0,0,0.00137363,0,0,0,0,0.010989,0,0.00206044,0,0.00274725,0,0.0116758,0,0.00961538,0.0130495,0.00274725,0,0,0.535714,0,0.00412088,0.0137363,0.00274725,0.00755495,0.0549451,0,0.018544,0,0.0199176,0.0521978,0.0364011,0,0.0288462,0,0.00892857,0,0,0.0618132,0.0391484,0.00961538,0.051511,0,0,0,0,0,0,0,0,0,0,0,0,0,0,0,0,0,0,0,0,0,0,0,0,0,0,0
29500,0,0,0,0,0,0,0,0,0,0,0,0,0,0,0,0,0,0,0,0,0,0,0,0,0,0,0,0,0,0,0,0,0.0025974,0,0,0,0,0.0034632,0,0.0034632,0.000865801,0.0017316,0,0.0164502,0,0.0025974,0.0103896,0.00519481,0,0.0034632,0.57316,0,0.0017316,0.0147186,0.00519481,0,0.0545455,0,0.0207792,0,0.0112554,0.0554113,0.0277056,0,0.0285714,0,0.000865801,0,0,0.0623377,0.0458874,0.00865801,0.038961,0,0,0,0,0,0,0,0,0,0,0,0,0,0,0,0,0,0,0,0,0,0,0,0,0,0,0
29550,0,0,0,0,0,0,0,0,0,0,0,0,0,0,0,0,0,0,0,0,0,0,0,0,0,0,0,0,0,0,0,0,0,0,0,0,0,0,0,0.00147167,0,0,0.00147167,0.00220751,0.00147167,0.00220751,0.00809419,0,0,0,0.585725,0,0.00588668,0.0213392,0.00809419,0,0.0765269,0.000735835,0.0110375,0,0,0.0250184,0.0573951,0,0.0169242,0,0.0110375,0,0,0.0375276,0.0883002,0.00294334,0.0345843,0,0,0,0,0,0,0,0,0,0,0,0,0,0,0,0,0,0,0,0,0,0,0,0,0,0,0
29600,0,0,0,0,0,0,0,0,0,0,0,0,0,0,0,0,0,0,0,0,0,0,0,0,0,0,0,0,0,0,0,0,0.000717875,0,0,0,0,0.000717875,0.00143575,0,0,0,0.00358938,0.000717875,0.005743,0.00430725,0.0122039,0,0,0.0086145,0.572146,0,0.017229,0.0143575,0.00430725,0,0.0452261,0,0.0186648,0,0.0201005,0.011486,0.0394831,0,0.0323044,0,0.0143575,0,0,0.00646088,0.104092,0.00358938,0.0531228,0,0,0,0,0,0.00502513,0,0,0,0,0,0,0,0,0,0,0,0,0,0,0,0,0,0,0,0,0
29650,0,0,0,0,0,0,0,0,0,0,0,0,0,0,0,0,0,0,0,0,0,0,0,0,0,0,0,0,0,0,0,0,0.00364697,0,0.00145879,0,0,0,0,0,0,0,0.00364697,0.00437637,0,0.00583516,0.00802334,0,0,0.00364697,0.599562,0.000729395,0.0226112,0.000729395,0.0218818,0.000729395,0.00802334,0,0.0211524,0.00145879,0,0.0247994,0.0452225,0,0.055434,0,0.0233406,0,0,0.0196937,0.0875274,0,0.0342815,0,0,0,0,0,0.00218818,0,0,0,0,0,0,0,0,0,0,0,0,0,0,0,0,0,0,0,0,0
29700,0,0,0,0,0,0,0,0,0,0,0,0,0,0,0,0,0,0,0,0,0,0,0,0,0,0,0,0,0,0,0,0,0.000661813,0,0.0258107,0,0,0,0.00132363,0,0.000661813,0,0.000661813,0.00727995,0.00132363,0.0198544,0.000661813,0,0,0.00198544,0.607545,0,0.00463269,0.00132363,0.00926539,0,0.00397088,0,0.017869,0.0099272,0.00529451,0.0152217,0.0258107,0,0.0536069,0,0.0172071,0,0,0.0648577,0.0635341,0,0.0377234,0.00198544,0,0,0,0,0,0,0,0,0,0,0,0,0,0,0,0,0,0,0,0,0,0,0,0,0,0
29750,0,0,0,0,0,0,0,0,0,0,0,0,0,0,0,0,0,0,0,0,0,0,0,0,0,0,0,0,0,0,0,0,0.00294985,0,0.0100295,0,0,0,0.00235988,0,0,0,0.00471976,0.0165192,0.00117994,0.00766962,0.00471976,0,0.00353982,0.00294985,0.628909,0.0129794,0.00294985,0.00412979,0.0112094,0,0.00707965,0.00117994,0.00943953,0.0389381,0.0117994,0.0171091,0.0141593,0,0.0165192,0,0.0141593,0,0,0.0566372,0.0784661,0,0.0171091,0.000589971,0,0,0,0,0,0,0,0,0,0,0,0,0,0,0,0,0,0,0,0,0,0,0,0,0,0
29800,0,0,0,0,0,0,0,0,0,0,0,0,0,0,0,0,0,0,0,0,0,0,0,0,0,0,0,0,0,0,0,0,0.00176056,0,0.00352113,0.00176056,0,0.000586854,0,0,0.000586854,0,0.00117371,0.00938967,0.00176056,0.0064554,0.00234742,0,0.00293427,0.00352113,0.623826,0.000586854,0,0.00293427,0.0117371,0,0.0129108,0.00234742,0.032277,0.024061,0.0193662,0.00880282,0.0117371,0,0.0269953,0,0.0223005,0,0,0.0704225,0.0393192,0,0.0545775,0,0,0,0,0,0,0,0,0,0,0,0,0,0,0,0,0,0,0,0,0,0,0,0,0,0,0
29850,0,0,0,0,0,0,0,0,0,0,0,0,0,0,0,0,0,0,0,0,0,0,0,0,0,0,0,0,0,0,0,0,0.000690608,0,0.000690608,0,0,0.00621547,0,0,0,0,0,0.00414365,0.00483425,0.00621547,0.00276243,0,0.019337,0,0.583564,0,0,0.00138122,0.00621547,0,0.00138122,0,0.0428177,0.0283149,0.0234807,0.0414365,0.00828729,0,0.00207182,0,0.0234807,0,0,0.0283149,0.0718232,0.00138122,0.0904696,0,0,0,0,0,0.000690608,0,0,0,0,0,0,0,0,0,0,0,0,0,0,0,0,0,0,0,0,0
29900,0,0,0,0,0,0,0,0,0,0,0,0,0,0,0,0,0,0,0,0,0,0,0,0,0,0,0,0,0,0,0,0,0,0,0,0,0,0.00465116,0,0,0.0013289,0,0,0.000664452,0.00531561,0.00465116,0.00332226,0,0.013289,0.00398671,0.540864,0,0,0.00332226,0.00265781,0.000664452,0.0106312,0,0.076412,0.069103,0.033887,0.00531561,0.00996678,0,0,0,0.0285714,0,0.000664452,0.0299003,0.0584718,0,0.0923588,0,0,0,0,0,0,0,0,0,0,0,0,0,0,0,0,0,0,0,0,0,0,0,0,0,0,0
29950,0,0,0,0,0,0,0,0,0,0,0,0,0,0,0,0,0,0,0,0,0,0,0,0,0,0,0,0,0,0,0,0,0,0,0.000611995,0,0.000611995,0.00856793,0,0,0,0,0,0,0.000611995,0.000611995,0.00244798,0,0.0116279,0.00428397,0.53672,0,0.00244798,0.00367197,0.0214198,0.00122399,0.00917993,0,0.0367197,0.0569155,0.0287638,0.0116279,0.00183599,0,0.000611995,0,0.0422277,0,0,0.0201958,0.100367,0,0.0966952,0,0,0,0,0,0,0,0,0,0,0,0,0,0,0,0,0,0,0,0,0,0,0,0,0,0,0
30000,0,0,0,0,0,0,0,0,0,0,0,0,0,0,0,0,0,0,0,0,0,0,0,0,0,0,0,0,0,0,0,0,0,0,0.000679348,0.000679348,0,0.00203804,0,0,0,0.00203804,0,0,0.00679348,0.000679348,0,0.0013587,0.0115489,0.0013587,0.637228,0.00271739,0,0.00815217,0.0169837,0,0.00543478,0,0.033288,0.017663,0.0380435,0.0394022,0.0013587,0.000679348,0.00543478,0,0.0298913,0,0,0.0217391,0.0434783,0,0.0652174,0,0,0,0,0,0.00611413,0,0,0,0,0,0,0,0,0,0,0,0,0,0,0,0,0,0,0,0,0
30050,0,0,0,0,0,0,0,0,0,0,0,0,0,0,0,0,0,0,0,0,0,0,0,0,0,0,0,0,0,0,0,0,0,0,0.00881057,0,0,0.000629327,0,0,0,0,0,0,0,0.00629327,0,0.00125865,0.00440529,0,0.610447,0,0,0.0106986,0,0,0.030837,0,0.0258024,0,0.0138452,0.0232851,0.00314663,0,0.00125865,0,0.0509755,0,0,0.0163625,0.0692259,0.00503461,0.106986,0,0,0,0,0,0.0106986,0,0,0,0,0,0,0,0,0,0,0,0,0,0,0,0,0,0,0,0,0
30100,0,0,0,0,0,0,0,0,0,0,0,0,0,0,0,0,0,0,0,0,0,0,0,0,0,0,0,0,0,0,0,0,0,0,0.00780234,0,0,0.00325098,0,0,0.00390117,0,0,0,0.00260078,0.0247074,0,0.00195059,0.00845254,0,0.547464,0,0.0175553,0.0195059,0.00325098,0,0.0474642,0,0.0156047,0.00130039,0.0123537,0.023407,0.00715215,0,0.00845254,0,0.0682705,0,0.00130039,0.0221066,0.0591678,0.0240572,0.0513654,0,0,0,0,0,0.0175553,0,0,0,0,0,0,0,0,0,0,0,0,0,0,0,0,0,0,0,0,0
30150,0,0,0,0,0,0,0,0,0,0,0,0,0,0,0,0,0,0,0,0,0,0,0,0,0,0,0,0,0,0,0,0,0,0,0.0112202,0,0,0,0,0,0.00701262,0,0.000701262,0,0.00420757,0.0154278,0.00350631,0,0.0224404,0,0.578541,0,0,0.0196353,0.00420757,0,0.0357644,0.00140252,0.0553997,0.00841515,0.0112202,0.00841515,0.00701262,0,0.00981767,0,0.0308555,0,0,0.0378682,0.0736325,0.00631136,0.0413745,0,0,0,0,0,0.0056101,0,0,0,0,0,0,0,0,0,0,0,0,0,0,0,0,0,0,0,0,0
30200,0,0,0,0,0,0,0,0,0,0,0,0,0,0,0,0,0,0,0,0,0,0,0,0,0,0,0,0,0,0,0,0,0,0,0.00206754,0,0.00275672,0,0,0,0.00413508,0.0034459,0.00206754,0,0.00620262,0.00895934,0,0,0.00206754,0.00620262,0.525155,0,0.0110269,0.0385941,0,0,0.0261888,0.00482426,0.0509993,0.00275672,0.0103377,0.0248105,0.00137836,0,0.0206754,0,0.0323915,0,0,0.0482426,0.0737422,0.0130944,0.0709855,0,0,0,0,0,0.0068918,0,0,0,0,0,0,0,0,0,0,0,0,0,0,0,0,0,0,0,0,0
30250,0,0,0,0,0,0,0,0,0,0,0,0,0,0,0,0,0,0,0,0,0,0,0,0,0,0,0,0,0,0,0,0,0,0,0,0.000719942,0,0,0,0,0.000719942,0,0,0,0.00719942,0.00431965,0,0,0,0,0.483801,0,0.00863931,0.0100792,0.0151188,0,0.0172786,0.00143988,0.0287977,0.00431965,0.050396,0.0770338,0.012959,0.00287977,0.0467963,0,0.0323974,0,0,0.0698344,0.0511159,0.000719942,0.0597552,0,0,0,0,0,0.0136789,0,0,0,0,0,0,0,0,0,0,0,0,0,0,0,0,0,0,0,0,0
30300,0,0,0,0,0,0,0,0,0,0,0,0,0,0,0,0,0,0,0,0,0.000581395,0,0,0,0,0,0,0,0,0,0,0,0,0,0.00465116,0.000581395,0,0.00116279,0,0,0.000581395,0,0,0,0.00755814,0.0174419,0,0,0.00232558,0,0.536628,0.00116279,0.00465116,0.00697674,0.00930233,0.00290698,0.0267442,0,0.0325581,0.00348837,0.00465116,0.0465116,0.0226744,0.00348837,0.0482558,0,0.0122093,0,0,0.0860465,0.069186,0.00116279,0.0395349,0,0,0,0,0,0.00639535,0,0,0,0,0,0,0,0,0,0.000581395,0,0,0,0,0,0,0,0,0,0,0
30350,0,0,0,0,0,0,0,0,0,0,0,0,0,0,0,0,0,0,0,0,0,0,0,0,0,0,0,0,0,0,0,0,0.00627353,0,0.00501882,0.00125471,0.00250941,0.00125471,0,0,0,0.00376412,0,0,0.00313676,0.010665,0,0,0.00690088,0,0.571518,0.00313676,0.010665,0.0100376,0.00501882,0.00815558,0.0332497,0,0.0269762,0.000627353,0.00501882,0.0464241,0.00564617,0,0.04266,0,0.0144291,0,0,0.0357591,0.074655,0.00313676,0.0470514,0,0,0,0,0,0.0150565,0,0,0,0,0,0,0,0,0,0,0,0,0,0,0,0,0,0,0,0,0
30400,0,0,0,0,0,0,0,0,0,0,0,0,0,0,0,0,0,0,0,0,0,0,0,0,0,0,0,0,0,0,0,0,0,0,0.00727995,0,0,0,0,0,0,0.000661813,0,0,0.000661813,0.00132363,0.000661813,0,0.00198544,0,0.579749,0.00794176,0.00463269,0.00595632,0.00595632,0.00330907,0.0450033,0,0.021178,0.00595632,0,0.0277962,0.0198544,0,0.0397088,0,0.028458,0,0,0.0344143,0.0357379,0,0.0873594,0,0.00132363,0,0,0,0.0330907,0,0,0,0,0,0,0,0,0,0,0,0,0,0,0,0,0,0,0,0,0
30450,0,0,0,0,0,0,0,0,0,0,0,0,0,0,0,0,0,0,0,0,0,0,0,0,0,0,0,0,0,0,0,0,0,0,0.00739744,0,0.000672495,0.00134499,0,0,0,0.00134499,0.00134499,0,0,0.00336247,0.00403497,0,0.00806994,0,0.581708,0.00806994,0.00336247,0,0.0147949,0.00403497,0.0235373,0,0.00268998,0,0.00268998,0.0349697,0.0127774,0,0.0477471,0,0.0531271,0,0,0.0302623,0.0840619,0.000672495,0.0363147,0,0,0,0,0,0.0316073,0,0,0,0,0,0,0,0,0,0,0,0,0,0,0,0,0,0,0,0,0
30500,0,0,0,0,0,0,0,0,0,0,0,0,0,0,0,0,0,0,0,0,0,0,0,0,0,0,0,0,0,0,0,0,0,0,0.00839161,0,0.00629371,0.0041958,0,0,0,0.000699301,0,0.000699301,0,0,0.0111888,0.000699301,0.0237762,0,0.578322,0,0.0020979,0.00979021,0.00979021,0,0.0167832,0,0.0041958,0,0.0195804,0.0223776,0.0111888,0.000699301,0,0,0.0594406,0,0,0.0251748,0.108392,0,0.0524476,0,0,0,0,0,0.0237762,0,0,0,0,0,0,0,0,0,0,0,0,0,0,0,0,0,0,0,0,0
30550,0,0,0,0,0,0,0,0,0,0,0,0,0,0,0,0,0,0,0,0,0,0,0,0,0,0,0,0,0,0,0,0,0,0,0.00261609,0,0,0.00523218,0,0.00130804,0,0,0,0.00261609,0,0,0.00784827,0,0.00719424,0,0.551341,0.000654022,0,0.0058862,0.0111184,0,0.0235448,0,0.0156965,0,0.00457816,0.0241988,0.0150425,0,0.00457816,0,0.0425114,0,0,0.0686723,0.0686723,0,0.0719424,0,0,0,0,0,0.0647482,0,0,0,0,0,0,0,0,0,0,0,0,0,0,0,0,0,0,0,0,0
30600,0,0,0,0,0,0,0,0,0,0,0,0,0,0,0,0,0,0,0,0,0,0,0,0,0,0,0,0,0,0,0,0,0,0,0.00550796,0,0,0.0220318,0,0,0,0,0,0,0,0.000611995,0.000611995,0,0.000611995,0.00244798,0.498776,0.00244798,0,0.00428397,0.0159119,0,0.0146879,0.000611995,0.0140759,0,0.00917993,0.0104039,0.0128519,0,0.00611995,0,0.0771114,0,0,0.0489596,0.179927,0.000611995,0.0532436,0,0,0,0,0,0.0183599,0,0,0.000611995,0,0,0,0,0,0,0,0,0,0,0,0,0,0,0,0,0,0
30650,0,0,0,0,0,0,0,0,0,0,0,0,0,0,0,0,0,0,0,0,0,0,0,0,0,0,0,0,0,0,0,0.0133829,0,0,0.00743494,0,0.000743494,0.00669145,0,0,0,0.00148699,0,0,0,0.00966543,0.00223048,0.000743494,0.00297398,0,0.524164,0.000743494,0,0.0104089,0.00297398,0,0.0364312,0.000743494,0.0342007,0,0.0245353,0.0356877,0.0118959,0,0.00966543,0,0.0267658,0,0,0.0832714,0.0817844,0,0.0498141,0,0,0,0,0,0.0178439,0,0,0.00371747,0,0,0,0,0,0,0,0,0,0,0,0,0,0,0,0,0,0
30700,0,0,0,0,0,0,0,0,0,0,0,0,0,0,0,0,0,0,0,0,0,0,0,0,0,0,0,0,0,0,0,0.00578512,0,0,0.0198347,0,0.00165289,0.00247934,0,0,0,0.00413223,0,0,0,0.00247934,0.0231405,0,0,0,0.559504,0.00165289,0,0.00743802,0.00826446,0,0.00826446,0,0.031405,0,0.022314,0.0206612,0.00578512,0,0.0107438,0,0.0479339,0,0,0.0958678,0.0495868,0,0.0438017,0,0,0,0,0,0.0272727,0,0,0,0,0,0,0,0,0,0,0,0,0,0,0,0,0,0,0,0,0
30750,0,0,0,0,0,0,0,0,0,0,0,0,0,0,0,0,0,0,0,0,0,0,0,0,0,0,0,0,0,0,0,0,0.00887097,0,0.00887097,0,0.00241935,0.00483871,0,0,0,0,0.00403226,0,0,0,0.00483871,0.0016129,0.000806452,0,0.558871,0.0016129,0,0.00241935,0.0137097,0,0.0112903,0.000806452,0.0266129,0,0.0298387,0.0120968,0.000806452,0,0.00564516,0,0.0306452,0,0,0.103226,0.0548387,0,0.0693548,0,0,0,0,0,0.0419355,0,0,0,0,0,0,0,0,0,0,0,0,0,0,0,0,0,0,0,0,0
30800,0,0,0,0,0,0,0,0,0,0,0,0,0,0,0,0,0,0,0,0,0,0,0,0,0,0,0,0,0,0.00166113,0,0,0.00166113,0,0.0141196,0,0.00332226,0.00664452,0,0,0,0,0,0,0,0.00415282,0.00249169,0,0,0,0.570598,0.00581395,0,0,0.0166113,0,0.0232558,0.0157807,0.0207641,0,0.0730897,0.0332226,0.00913621,0,0,0,0.0348837,0,0,0.0249169,0.101329,0,0.0340532,0,0,0,0,0,0.00249169,0,0,0,0,0,0,0,0,0,0,0,0,0,0,0,0,0,0,0,0,0
30850,0,0,0,0,0,0,0,0,0,0,0,0,0,0,0,0,0,0,0,0,0,0,0,0,0,0,0,0,0,0,0,0,0.00392465,0.00313972,0.00863422,0,0.00313972,0.00392465,0,0,0.00235479,0,0.000784929,0.000784929,0.00313972,0.000784929,0.000784929,0,0,0.00156986,0.588697,0.00470958,0,0,0.0125589,0,0.0243328,0.00313972,0.022763,0.0172684,0.0572998,0.0321821,0.0156986,0.00392465,0,0,0.0423862,0,0,0.0455259,0.0620094,0,0.0345369,0,0,0,0,0,0,0,0,0,0,0,0,0,0,0,0,0,0,0,0,0,0,0,0,0,0,0
30900,0,0,0,0,0,0,0,0,0,0,0,0,0,0,0,0,0,0,0,0,0,0,0,0,0,0,0,0,0,0,0,0,0.00207469,0,0.0276625,0,0,0,0,0.00276625,0.000691563,0,0,0,0.00345781,0.0055325,0,0,0.00138313,0,0.545643,0.00138313,0,0.00484094,0.0159059,0,0.0248963,0.00414938,0.0414938,0,0.0186722,0.0138313,0.0131397,0.0186722,0.00414938,0,0.0435685,0,0,0.0988935,0.0580913,0,0.0484094,0,0,0,0.000691563,0,0,0,0,0,0,0,0,0,0,0,0,0,0,0,0,0,0,0,0,0,0,0
30950,0,0,0,0,0,0,0,0,0,0,0,0,0,0,0,0,0,0,0,0,0,0,0,0,0,0,0,0,0,0,0,0,0,0,0.00827586,0,0,0,0,0,0.00275862,0,0,0.00137931,0.00137931,0.0103448,0.0062069,0.00137931,0,0.00482759,0.555862,0.00275862,0,0.00896552,0.00896552,0,0.042069,0.00482759,0.0241379,0,0.0248276,0.00551724,0.0296552,0.0255172,0,0,0.04,0,0,0.0806897,0.0613793,0,0.0455172,0,0,0,0,0,0,0,0,0,0,0,0,0,0,0,0,0.00275862,0,0,0,0,0,0,0,0,0,0
31000,0,0,0,0,0,0,0,0,0,0,0,0,0,0,0,0,0,0,0,0,0,0,0,0,0,0,0,0,0,0,0,0,0,0,0.00363901,0,0.00291121,0,0,0.0014556,0.00946143,0,0,0.00291121,0.00946143,0.00218341,0,0,0.000727802,0.000727802,0.601164,0.00509461,0,0.0240175,0.00727802,0.000727802,0.0436681,0.0138282,0.0211063,0,0.0101892,0.00291121,0.0211063,0.0320233,0,0,0.0429403,0,0,0.0560408,0.0414847,0,0.0371179,0,0,0,0,0,0,0,0,0,0,0,0,0,0,0,0,0.00582242,0,0,0,0,0,0,0,0,0,0
31050,0,0,0,0,0,0,0,0,0,0,0,0,0,0,0,0,0,0,0,0,0,0,0,0,0,0,0,0,0,0,0,0,0,0,0.00365764,0,0.00219459,0.00438917,0,0,0.00658376,0,0,0.00877835,0,0.012436,0,0,0.00219459,0,0.510607,0.00146306,0.000731529,0.00146306,0.013899,0,0.0109729,0.00877835,0.0292612,0.00292612,0.00658376,0.00804682,0.0314557,0.0409656,0,0,0.0892465,0,0,0.0585223,0.0687637,0.000731529,0.0746159,0.000731529,0,0,0,0,0,0,0,0,0,0,0,0,0,0,0,0,0,0,0,0,0,0,0,0,0,0
31100,0,0,0,0,0,0,0,0,0,0,0,0,0,0,0,0,0,0,0,0,0,0,0,0,0,0,0,0,0,0,0,0,0,0,0.00151745,0,0,0.0030349,0,0.00227618,0.00455235,0,0,0.0030349,0,0.00758725,0,0,0.000758725,0,0.537178,0.00379363,0.00455235,0,0.0265554,0,0,0.00151745,0.0189681,0.0030349,0.00986343,0.016692,0.0151745,0.00834598,0,0,0.0834598,0,0,0.11305,0.0493171,0,0.0834598,0,0,0,0,0,0.00227618,0,0,0,0,0,0,0,0,0,0,0,0,0,0,0,0,0,0,0,0,0
31150,0,0,0,0,0,0,0,0,0,0,0,0,0,0,0,0,0,0,0,0,0,0,0,0,0,0,0,0,0,0,0,0,0,0,0.00400962,0,0,0.0096231,0,0,0,0,0,0.0096231,0,0.00160385,0,0,0.000801925,0,0.547715,0.00561347,0.000801925,0.00481155,0.00400962,0.00160385,0.00240577,0.00400962,0.0609463,0.0032077,0.010425,0.0240577,0.0376905,0.00481155,0.0032077,0,0.0697674,0,0,0.0761828,0.02085,0,0.0898156,0,0,0,0,0,0.00240577,0,0,0,0,0,0,0,0,0,0,0,0,0,0,0,0,0,0,0,0,0
31200,0,0,0,0,0,0,0,0,0,0,0,0,0,0,0,0,0,0,0,0,0,0,0,0,0,0,0,0,0,0,0,0,0,0,0.00844773,0,0,0.0031679,0,0,0,0,0,0.0126716,0.0116156,0.0063358,0,0.00527983,0.00105597,0,0.598733,0,0,0.00844773,0,0,0.0116156,0.00211193,0.0168955,0.0095037,0.0095037,0.00527983,0.0432946,0,0.00211193,0,0.0718057,0,0,0.0570222,0.0422386,0,0.0665259,0,0,0,0,0,0.00105597,0,0,0,0,0,0,0,0.00527983,0,0,0,0,0,0,0,0,0,0,0,0,0
31250,0,0,0,0,0,0,0,0,0,0,0,0,0,0,0,0,0,0,0,0,0,0,0,0,0,0,0,0,0,0,0,0,0,0,0,0,0,0.00271985,0,0,0,0.000906618,0.000906618,0.0126927,0.00453309,0.00725295,0,0,0,0,0.600181,0.00271985,0,0.000906618,0,0,0.0199456,0,0.0135993,0.000906618,0.000906618,0.00453309,0.0661831,0,0,0,0.0752493,0,0,0.0707162,0.0589302,0,0.0471442,0.00181324,0,0,0,0,0.000906618,0,0,0,0,0,0,0,0.00634633,0,0,0,0,0,0,0,0,0,0,0,0,0
31300,0,0,0,0,0,0,0,0,0,0,0,0,0,0,0,0,0,0,0,0,0,0,0,0,0,0,0,0,0,0,0,0,0,0,0,0,0.0105668,0,0,0,0,0,0,0.00768492,0.00480307,0.00864553,0,0,0.000960615,0,0.530259,0,0,0.00480307,0,0,0.0067243,0.0163305,0.0220941,0,0,0.00480307,0.037464,0,0.00960615,0,0.0845341,0,0,0.0480307,0.0730067,0,0.112392,0.000960615,0.00192123,0,0,0,0,0,0,0,0,0,0,0,0.0144092,0,0,0,0,0,0,0,0,0,0,0,0,0
31350,0,0,0,0,0,0,0,0,0,0,0,0,0,0,0,0,0,0,0,0,0,0,0,0,0,0,0,0,0,0,0,0,0,0,0,0,0,0,0,0,0,0.000990099,0,0.0039604,0,0.0039604,0,0,0.0138614,0,0.556436,0,0.0019802,0.00792079,0,0,0,0.00891089,0.0188119,0.0019802,0,0.0019802,0.0287129,0,0.0247525,0,0.120792,0,0,0.0366337,0.0772277,0,0.0881188,0,0.0029703,0,0,0,0,0,0,0,0,0,0,0,0,0,0,0,0,0,0,0,0,0,0,0,0,0
31400,0,0,0,0,0,0,0,0,0,0,0,0,0,0,0,0,0,0,0,0,0,0,0,0,0,0,0,0,0,0,0,0,0.00183993,0,0,0,0,0,0,0,0,0,0,0.00275989,0,0.00551978,0,0,0.00735971,0.000919963,0.50874,0,0.00827967,0.00183993,0.0147194,0.00367985,0.0137994,0.00643974,0.0377185,0.00459982,0,0.023919,0.0110396,0,0.0358786,0,0.104876,0,0,0.0312787,0.0689972,0,0.0809568,0,0.024839,0,0,0,0,0,0,0,0,0,0,0,0,0,0,0,0,0,0,0,0,0,0,0,0,0
31450,0,0,0,0,0,0,0,0,0,0,0,0,0,0,0,0,0,0,0,0,0,0,0,0,0,0,0,0,0,0,0,0,0,0,0,0,0,0,0,0,0,0,0,0,0.00493583,0.005923,0.00197433,0,0.0029615,0.00197433,0.53998,0,0.0108588,0,0.000987167,0.0088845,0.00691017,0.023692,0.0088845,0.0217177,0,0.00987167,0.0157947,0,0.0029615,0,0.110563,0,0,0.0315893,0.105627,0,0.0779862,0,0.005923,0,0,0,0,0,0,0,0,0,0,0,0,0,0,0,0,0,0,0,0,0,0,0,0,0
31500,0,0,0,0,0,0,0,0,0,0,0,0,0,0,0,0,0,0,0,0,0,0,0,0,0,0,0,0,0,0,0,0,0,0,0,0,0,0,0,0,0.00415973,0,0,0.000831947,0.00166389,0.000831947,0,0,0.000831947,0,0.483361,0,0.00582363,0.000831947,0.0199667,0.00748752,0.00499168,0.0133111,0,0.0232945,0.00831947,0.0532446,0.0199667,0,0.00665557,0,0.0981697,0,0,0.0515807,0.118968,0.00166389,0.0507488,0,0.0216306,0,0,0,0,0,0,0,0,0,0,0,0.00166389,0,0,0,0,0,0,0,0,0,0,0,0,0
31550,0,0,0,0,0,0,0,0,0,0,0,0,0,0,0,0,0,0,0,0,0,0,0,0,0,0,0,0,0,0,0,0,0,0,0,0.000867303,0.00346921,0,0,0,0.0121422,0,0,0.00260191,0.000867303,0.00954033,0,0,0,0,0.48222,0,0.00607112,0.00260191,0.0173461,0.00520382,0.00346921,0.00607112,0.00520382,0.0450997,0,0.0442324,0.0442324,0,0.0190807,0,0.0806592,0,0.000867303,0.0234172,0.111882,0,0.0173461,0,0.0477016,0,0,0,0,0,0,0,0,0,0,0,0.00780572,0,0,0,0,0,0,0,0,0,0,0,0,0
31600,0,0,0,0,0,0,0,0,0,0,0,0,0,0,0,0,0,0,0,0,0,0,0,0,0,0,0,0,0,0,0,0,0,0,0,0,0,0,0.00432526,0,0,0.0103806,0,0.0320069,0.000865052,0.016436,0,0,0.000865052,0,0.570069,0.00346021,0.00778547,0.0103806,0.0207612,0.0285467,0.0155709,0.00778547,0.00865052,0.0155709,0,0.0121107,0.0112457,0.00951557,0.0207612,0.0017301,0.0397924,0,0,0.0250865,0.083045,0.000865052,0.0103806,0,0.0147059,0,0,0,0,0,0,0,0,0,0.000865052,0,0.016436,0,0,0,0,0,0,0,0,0,0,0,0,0
31650,0,0,0,0,0,0,0,0,0,0,0,0,0,0,0,0,0,0,0,0,0,0,0,0,0,0,0,0.000774593,0,0,0,0,0,0,0,0,0,0,0,0.00619675,0,0.0100697,0,0.0178156,0,0.024787,0.000774593,0.000774593,0,0,0.526723,0.00774593,0.0147173,0.00464756,0.0278854,0.00774593,0.0325329,0,0.00619675,0,0.00232378,0.0402789,0.00774593,0.0154919,0.02866,0,0.0263362,0,0,0.0240124,0.103021,0,0.0356313,0,0.00232378,0,0,0,0,0,0,0,0,0,0,0,0.024787,0,0,0,0,0,0,0,0,0,0,0,0,0
31700,0,0,0,0,0,0,0,0,0,0,0,0,0,0,0,0,0,0,0,0,0,0,0,0,0,0,0,0,0,0,0,0,0,0,0,0,0.00277008,0,0,0,0.00184672,0.010157,0,0.023084,0,0.0212373,0,0,0,0,0.493998,0.00831025,0.00369344,0.00738689,0.0240074,0.00554017,0.0175439,0,0.0240074,0,0.0129271,0.0600185,0.0184672,0.00923361,0.0341644,0,0.0378578,0,0,0.023084,0.113573,0,0.043398,0,0,0,0,0,0,0,0,0,0,0,0,0,0.00369344,0,0,0,0,0,0,0,0,0,0,0,0,0
31750,0,0,0,0,0,0,0,0,0,0,0,0,0,0,0,0,0,0,0,0,0,0,0,0,0,0,0,0,0,0,0,0,0,0,0,0,0,0,0,0,0.00194175,0.00776699,0,0.00291262,0.000970874,0.0038835,0.0038835,0.000970874,0.000970874,0,0.463107,0,0.00679612,0.00194175,0.0038835,0.0145631,0.0582524,0,0.0368932,0.00194175,0.0184466,0.0592233,0.0495146,0.0223301,0.015534,0,0.0446602,0,0,0.0271845,0.0893204,0,0.0504854,0,0,0,0,0,0,0,0,0,0,0,0,0,0.0126214,0,0,0,0,0,0,0,0,0,0,0,0,0
31800,0,0,0,0,0,0,0,0,0,0,0,0,0,0,0,0,0,0,0,0,0,0,0,0,0,0,0,0,0,0,0,0,0,0,0,0,0.0042328,0,0,0,0,0.0010582,0,0.0021164,0,0.00634921,0.0021164,0,0.0031746,0,0.458201,0,0.010582,0.00634921,0.015873,0,0.0592593,0,0.031746,0,0.00529101,0.031746,0.0698413,0.0444444,0.00740741,0,0.0920635,0,0,0.00740741,0.0804233,0,0.0497354,0,0,0,0,0,0,0,0,0,0,0,0,0,0.010582,0,0,0,0,0,0,0,0,0,0,0,0,0
31850,0,0,0,0,0,0,0,0,0,0,0,0,0,0,0,0,0,0,0,0,0,0,0,0,0,0,0,0,0,0,0,0,0,0,0,0,0.0135135,0,0,0,0,0,0,0.0108108,0.000900901,0.0279279,0,0,0,0.0018018,0.398198,0.0018018,0.0126126,0.00720721,0.000900901,0,0.0288288,0.000900901,0.0405405,0.00990991,0.0135135,0.0252252,0.0540541,0.0315315,0.0351351,0,0.072973,0,0,0.00990991,0.0702703,0,0.100901,0,0,0,0,0,0.00900901,0,0,0,0,0,0,0.0045045,0.0171171,0,0,0,0,0,0,0,0,0,0,0,0,0
31900,0,0,0,0,0,0,0,0,0,0,0,0,0,0,0,0,0,0,0,0,0,0,0,0,0,0,0,0,0,0,0,0,0.00589226,0,0.010101,0,0.00420875,0,0,0,0,0,0,0,0,0.016835,0,0.00420875,0,0,0.352694,0,0.0378788,0.0126263,0,0.00757576,0.0109428,0,0.020202,0.003367,0.0210438,0.0420875,0.0951178,0.0109428,0.0883838,0,0.0496633,0,0,0.026936,0.0639731,0,0.108586,0,0,0,0,0,0,0,0,0,0,0,0,0.0016835,0.00505051,0,0,0,0,0,0,0,0,0,0,0,0,0
31950,0,0,0,0,0,0,0,0,0,0,0,0,0,0,0,0,0,0,0,0,0,0,0,0,0,0,0,0,0,0,0,0,0,0,0.00245098,0,0.00163399,0.000816993,0,0,0.00735294,0,0,0.000816993,0,0.0171569,0,0.00571895,0,0,0.388072,0.00163399,0.0334967,0,0,0,0.00490196,0,0.0147059,0,0.0416667,0.0318627,0.0735294,0.00980392,0.0661765,0,0.0792484,0,0,0.0253268,0.128268,0,0.0629085,0,0,0,0,0,0,0,0,0,0,0,0,0,0.00245098,0,0,0,0,0,0,0,0,0,0,0,0,0
32000,0,0,0,0,0,0,0,0,0,0,0,0,0,0,0,0,0,0,0,0,0,0,0,0,0,0,0,0,0,0.000925069,0,0,0.00740056,0,0.00647549,0,0,0.00555042,0,0,0.00462535,0,0,0.00647549,0,0.00925069,0,0.00370028,0,0.000925069,0.419981,0.00277521,0.0342276,0.000925069,0.00555042,0,0.00740056,0,0.0277521,0,0.00555042,0.0860315,0.0342276,0.00740056,0.0462535,0,0.0499537,0,0,0.0231267,0.120259,0,0.0832562,0,0,0,0,0,0,0,0,0,0,0,0,0,0,0,0,0,0,0,0,0,0,0,0,0,0,0
32050,0,0,0,0,0,0,0,0,0,0,0,0,0,0,0,0,0,0,0,0,0,0,0,0,0,0,0,0,0,0.00448833,0,0,0.00987433,0,0.0125673,0,0,0.00897666,0,0,0,0.00448833,0,0.00897666,0,0.00807899,0,0.018851,0,0.00448833,0.388689,0.013465,0,0,0.000897666,0.000897666,0.0233393,0,0.021544,0,0.037702,0.0664273,0.040395,0.002693,0.029623,0,0.0610413,0.000897666,0,0.0610413,0.12298,0,0.0475763,0,0,0,0,0,0,0,0,0,0,0,0,0,0,0,0,0,0,0,0,0,0,0,0,0,0,0
32100,0,0,0,0,0,0,0,0,0,0,0,0,0,0,0,0,0,0,0,0,0,0,0,0,0,0,0,0,0,0.00329761,0,0,0,0,0.0131904,0,0,0.00906843,0,0,0,0.0115416,0,0.012366,0,0.0255565,0,0.00577082,0.0016488,0.00659522,0.374279,0.00577082,0.000824402,0.00741962,0.00577082,0,0.0329761,0,0.0321517,0,0.0156636,0.0478153,0.0288541,0.0395713,0.0189613,0,0.0923331,0,0,0.0478153,0.114592,0,0.0461665,0,0,0,0,0,0,0,0,0,0,0,0,0,0,0,0,0,0,0,0,0,0,0,0,0,0,0
32150,0,0,0,0,0,0,0,0,0,0,0,0,0,0,0,0,0,0,0,0,0,0,0,0,0,0,0,0,0,0,0,0,0.000978474,0,0.00587084,0.000978474,0.000978474,0.00489237,0,0,0,0.00195695,0,0.00880626,0,0.0107632,0,0.00684932,0.0107632,0.0205479,0.441292,0,0,0.0127202,0.000978474,0,0.0401174,0,0.0215264,0,0.00978474,0.0665362,0.0244618,0.0156556,0.0146771,0,0.117417,0,0,0.0420744,0.0763209,0,0.0420744,0,0,0,0.000978474,0,0,0,0,0,0,0,0,0,0,0,0,0,0,0,0,0,0,0,0,0,0,0
32200,0,0,0,0,0,0,0,0,0,0,0,0,0,0,0,0,0,0,0,0,0,0,0,0,0,0,0,0,0,0,0,0,0.00395257,0,0.0181818,0,0.000790514,0.000790514,0,0.000790514,0,0,0,0.00395257,0,0.00632411,0,0.00790514,0.000790514,0.00237154,0.391304,0.00158103,0,0.0118577,0,0.000790514,0.0300395,0,0.0379447,0,0,0.10751,0.0173913,0.0252964,0.0608696,0,0.0798419,0,0,0.0885375,0.0347826,0,0.0648221,0,0,0,0,0,0.00158103,0,0,0,0,0,0,0,0,0,0,0,0,0,0,0,0,0,0,0,0,0
32250,0,0,0,0,0,0,0,0,0,0,0,0,0,0,0,0,0,0,0,0,0,0,0,0,0,0,0,0,0,0,0,0,0.00144718,0,0.00940666,0,0,0,0,0,0.00723589,0,0,0.00361795,0.000723589,0.0260492,0.00289436,0.00578871,0,0.00361795,0.325615,0,0,0.0137482,0.00144718,0,0.0267728,0,0.0311143,0,0.00723589,0.0643994,0.0788712,0.0361795,0.0426918,0,0.0600579,0,0,0.156295,0.0238784,0,0.0709117,0,0,0,0,0,0,0,0,0,0,0,0,0,0,0,0,0,0,0,0,0,0,0,0,0,0,0
32300,0,0,0,0,0,0,0,0,0,0,0,0,0,0,0,0,0,0,0,0,0,0,0,0,0,0,0,0,0,0,0,0,0.000668449,0,0.000668449,0,0.00868984,0.000668449,0,0.00200535,0.00334225,0,0,0.00868984,0.0026738,0.00735294,0.0013369,0.013369,0,0.000668449,0.288102,0,0.000668449,0.0200535,0.0026738,0,0.0227273,0,0.0434492,0,0,0.0441176,0.0434492,0.0414439,0.0474599,0,0.0822193,0,0,0.165107,0.0113636,0.00467914,0.122326,0,0,0,0.0013369,0,0,0,0,0,0.0040107,0,0,0,0,0.00467914,0,0,0,0,0,0,0,0,0,0,0,0
32350,0,0,0,0,0,0,0,0,0,0,0,0,0,0,0,0,0,0,0,0,0,0,0,0,0,0,0,0,0,0,0,0,0.00139958,0,0,0,0.0118964,0.00139958,0,0.00209937,0.00069979,0,0,0.00279916,0,0.0125962,0.00069979,0.00419874,0,0,0.330301,0,0.00069979,0.00419874,0.00629811,0.00069979,0.0545836,0,0.00279916,0,0.00349895,0.0524843,0.0489853,0.00839748,0.0475857,0,0.129461,0,0,0.135759,0.0461861,0.00069979,0.0776767,0,0,0,0,0,0,0,0,0,0.00629811,0,0,0,0,0.00559832,0,0,0,0,0,0,0,0,0,0,0,0
32400,0,0,0,0,0,0,0,0,0,0,0,0,0,0,0,0,0,0,0,0,0,0,0,0,0,0,0,0,0,0,0,0,0,0,0,0,0.0131579,0.00696594,0,0,0,0,0,0.00386997,0,0,0.0139319,0,0,0,0.397833,0.00309598,0,0.0131579,0.00154799,0,0.0340557,0,0.00464396,0.00773994,0,0.0154799,0.0487616,0.00619195,0.0301858,0,0.111455,0,0,0.153251,0.0781734,0,0.0510836,0,0,0,0,0,0,0,0,0,0.00541796,0,0,0,0,0,0,0,0,0,0,0,0,0,0,0,0,0
32450,0,0,0,0,0,0,0,0,0,0,0,0,0,0,0,0,0,0,0,0,0,0,0,0,0,0,0,0,0,0,0,0,0,0,0,0,0.00677201,0.00376223,0,0,0.000752445,0,0,0,0.000752445,0,0.00376223,0,0.000752445,0,0.358916,0.000752445,0.000752445,0.00376223,0,0,0.0428894,0,0.0105342,0.0210685,0,0.00376223,0.0782543,0.00150489,0.0571859,0,0.0737397,0,0,0.147479,0.112114,0,0.0210685,0,0.00225734,0,0,0,0.0112867,0,0,0,0.020316,0,0,0,0,0.0158014,0,0,0,0,0,0,0,0,0,0,0,0
32500,0,0,0,0,0,0,0,0,0,0,0,0,0,0,0,0,0,0,0,0,0,0,0,0,0,0,0,0,0,0,0,0,0,0,0.000726744,0,0.00436047,0.00145349,0,0,0,0,0,0,0.00145349,0.00290698,0.00581395,0,0,0,0.34157,0,0.00290698,0.000726744,0,0.00436047,0.0123547,0,0.0130814,0.0116279,0,0.000726744,0.0494186,0,0.0523256,0,0.0770349,0,0,0.18532,0.169331,0,0.0421512,0,0,0,0,0,0,0,0,0,0.0203488,0,0,0,0,0,0,0,0,0,0,0,0,0,0,0,0,0
32550,0,0,0,0,0,0,0,0,0,0,0,0,0,0,0,0,0,0,0,0,0,0,0,0,0,0,0,0,0,0,0,0,0,0,0.000774593,0,0.00774593,0.00387297,0,0.000774593,0,0.00232378,0,0,0.00309837,0.00929512,0.0100697,0,0,0,0.411309,0,0.000774593,0.0147173,0,0.0178156,0.0170411,0,0.00619675,0.00542215,0.000774593,0.0108443,0.0340821,0,0.0526723,0,0.0271108,0,0,0.163439,0.121611,0,0.0697134,0,0,0,0,0,0,0,0,0,0.00542215,0,0,0,0,0.00309837,0,0,0,0,0,0,0,0,0,0,0,0
32600,0,0,0,0,0,0,0,0,0,0,0,0,0,0,0,0,0,0,0,0,0,0,0,0,0,0,0,0,0,0,0,0,0.00248963,0,0.000829876,0,0.00165975,0.0141079,0,0.000829876,0,0,0,0,0.0107884,0.0033195,0.00165975,0.000829876,0.00248963,0,0.412448,0,0,0.0182573,0.000829876,0.0224066,0.0431535,0,0.00580913,0.00248963,0,0.00414938,0.0315353,0,0.0580913,0,0.0456432,0,0,0.13195,0.106224,0,0.0738589,0,0.00165975,0,0,0,0.000829876,0,0,0,0.00165975,0,0,0,0,0,0,0,0,0,0,0,0,0,0,0,0,0
32650,0,0,0,0,0,0,0,0,0,0,0,0,0,0,0,0,0,0,0,0,0,0,0,0,0,0,0,0,0,0,0,0,0.00348129,0,0,0,0.00435161,0.00261097,0,0,0,0,0,0.00261097,0.00348129,0.00174064,0.00435161,0.00348129,0.0113142,0,0.420366,0,0,0.00435161,0.0147955,0.00261097,0.0182768,0,0.0295909,0,0,0.00696258,0.0200174,0,0.051349,0,0.0130548,0,0,0.118364,0.0966057,0,0.16188,0,0,0,0.00174064,0.00261097,0,0,0,0,0,0,0,0,0,0,0,0,0,0,0,0,0,0,0,0,0,0
32700,0,0,0,0,0,0,0,0,0,0,0,0,0,0,0,0,0,0,0,0,0,0,0,0,0,0,0,0,0,0,0,0,0.0055918,0,0,0,0.0158434,0.00186393,0,0,0,0,0,0,0,0.00465983,0.00745573,0.0083877,0,0.00931966,0.411929,0,0,0.00186393,0.0055918,0,0.00931966,0.00465983,0.0130475,0,0.0130475,0.0130475,0.0344828,0,0.0615098,0.00465983,0.0438024,0,0,0.181733,0.0400746,0,0.0904007,0,0.0083877,0,0.00931966,0,0,0,0,0,0,0,0,0,0,0,0,0,0,0,0,0,0,0,0,0,0,0
32750,0,0,0,0,0,0,0,0,0,0,0,0,0,0,0,0,0,0,0,0,0,0,0,0,0,0,0,0,0,0,0,0,0.000947867,0,0,0,0.0028436,0.00379147,0,0.0056872,0,0,0,0,0,0.0208531,0.000947867,0.00853081,0.00189573,0.00189573,0.492891,0.00379147,0,0.014218,0.000947867,0,0.0113744,0,0.0236967,0.000947867,0.00663507,0.00947867,0.0436019,0,0.0274882,0,0.0454976,0,0,0.117536,0.0199052,0.000947867,0.0767773,0,0.0540284,0,0.00189573,0,0,0,0,0,0,0,0,0,0,0,0,0,0.000947867,0,0,0,0,0,0,0,0,0
32800,0,0,0,0,0,0,0,0,0,0,0,0,0,0,0,0,0,0,0,0,0,0,0,0,0,0,0,0,0,0,0,0,0.0124283,0,0,0,0.0105163,0.00764818,0,0,0,0.00286807,0,0,0,0.0315488,0,0.000956023,0,0,0.5,0.00956023,0,0.0325048,0.0277247,0,0,0,0.0210325,0.00191205,0.000956023,0.0172084,0.00860421,0,0.00573614,0,0.043021,0,0,0.135755,0.0478011,0.000956023,0.0325048,0,0.0468451,0,0,0,0,0,0,0,0,0,0,0.00191205,0,0,0,0,0,0,0,0,0,0,0,0,0,0
32850,0,0,0,0,0,0,0,0,0,0,0,0,0,0,0,0,0,0,0,0,0,0,0,0.00100503,0,0,0,0,0,0,0,0,0.00502513,0,0.00201005,0,0.0130653,0.00201005,0,0,0,0.0190955,0,0.00100503,0.00502513,0.0150754,0.00100503,0,0,0,0.439196,0.00201005,0.00301508,0.0422111,0.0150754,0.0080402,0.0040201,0.00100503,0.0140704,0,0.00201005,0.0201005,0,0,0.0040201,0,0.0592965,0,0,0.136683,0.0562814,0,0.0613065,0,0.0462312,0,0,0,0,0,0,0,0,0,0,0.0211055,0,0,0,0,0,0,0,0,0,0,0,0,0,0
32900,0,0,0,0,0,0,0,0,0,0,0,0,0,0,0,0,0,0,0,0,0,0,0,0,0,0,0,0,0,0,0,0,0.0020284,0,0,0,0.015213,0,0,0,0,0.0010142,0,0,0.0141988,0.0243408,0,0,0.0020284,0,0.56288,0,0,0.00608519,0,0,0,0.0010142,0.0141988,0,0.00912779,0.0141988,0.0040568,0,0.00709939,0,0.0182556,0,0,0.149087,0.0638945,0,0.0425963,0,0.0344828,0,0,0,0,0,0,0,0,0,0,0.0141988,0,0,0,0,0,0,0,0,0,0,0,0,0,0
32950,0,0,0,0,0,0,0,0,0,0,0,0,0,0,0,0,0,0,0,0,0,0,0,0,0,0,0,0,0,0,0,0,0.00175131,0,0,0,0.0122592,0,0,0,0,0.00350263,0,0,0,0.00350263,0,0.0113835,0.00700525,0,0.478984,0,0,0.0061296,0,0,0,0,0.0227671,0,0.000875657,0.00175131,0,0,0.00963222,0,0.0569177,0,0,0.141856,0.08669,0,0.0831874,0.00350263,0.0499124,0,0,0,0,0,0,0,0,0,0,0.0183888,0,0,0,0,0,0,0,0,0,0,0,0,0,0
33000,0,0,0,0,0,0,0,0,0,0,0,0,0,0,0,0,0,0,0,0,0,0,0,0,0,0,0,0,0,0,0,0,0,0,0,0,0.00291545,0,0,0,0,0.000728863,0,0.00291545,0.000728863,0,0,0.0335277,0.00364431,0.00728863,0.423469,0,0.00145773,0.0218659,0.00291545,0,0.00291545,0,0.0313411,0,0.00364431,0,0,0,0.00728863,0,0.0553936,0,0,0.223761,0.0706997,0,0.0313411,0.00218659,0.0437318,0,0,0,0,0,0,0,0,0,0,0.0262391,0,0,0,0,0,0,0,0,0,0,0,0,0,0
33050,0,0,0,0,0,0,0,0,0,0,0,0,0,0,0,0,0,0,0,0,0,0,0,0,0,0,0,0,0,0,0,0,0,0,0.00513196,0,0.00806452,0,0,0,0.00293255,0.00146628,0,0.00659824,0.000733138,0,0,0.0153959,0.00366569,0,0.452346,0.00293255,0,0.0300587,0,0,0.00439883,0,0.0307918,0,0.0058651,0,0.000733138,0.000733138,0.0058651,0,0.0593842,0,0,0.177419,0.0923754,0,0.0505865,0,0.0249267,0,0,0,0,0,0,0,0,0,0,0.0175953,0,0,0,0,0,0,0,0,0,0,0,0,0,0
33100,0,0,0,0,0,0,0,0,0,0,0,0,0,0,0,0,0,0,0,0,0,0,0,0,0,0,0,0,0,0,0,0,0,0,0,0,0.0028551,0,0,0.00214133,0.000713776,0,0,0.00785153,0.00428266,0.00142755,0,0.00785153,0,0,0.448965,0.000713776,0,0.0264097,0.00856531,0,0.000713776,0,0.0642398,0.000713776,0.00571021,0,0,0.0142755,0.0142755,0,0.0463954,0,0,0.214847,0.0963597,0,0.0221271,0,0.00642398,0,0,0,0,0,0,0,0,0,0,0.00214133,0,0,0,0,0,0,0,0,0,0,0,0,0,0
33150,0,0,0,0,0,0,0,0,0,0,0,0,0,0,0,0,0,0,0,0,0,0,0,0,0,0,0,0,0,0,0,0,0,0,0,0,0.00306044,0.000765111,0,0,0.00459067,0,0.00382555,0.00382555,0,0.00535578,0,0.00382555,0.00229533,0.00535578,0.487376,0.00306044,0.00153022,0.0504973,0.00612089,0,0.00153022,0,0.0512624,0,0.013772,0.00153022,0,0.00841622,0.0428462,0,0.048202,0,0,0.127774,0.0833971,0,0.0367253,0,0.00306044,0,0,0,0,0,0,0,0,0,0,0,0,0,0,0,0,0,0,0,0,0,0,0,0,0
33200,0,0,0,0,0,0,0,0,0,0,0,0,0,0,0,0,0,0,0,0,0,0,0,0,0,0,0,0,0,0,0,0,0,0,0,0,0.00134499,0,0,0,0.0107599,0,0,0.00941493,0,0.0121049,0,0.0248823,0.00134499,0.00201748,0.468056,0.000672495,0,0.0228648,0,0,0,0,0.066577,0,0.0168124,0,0,0.0161399,0.0356422,0,0.0618695,0,0,0.110289,0.114324,0,0.0235373,0,0.000672495,0,0,0,0,0,0,0,0,0.000672495,0,0,0,0,0,0,0,0,0,0,0,0,0,0,0,0
33250,0,0,0,0,0,0,0,0,0,0,0,0,0,0,0,0,0,0,0,0,0,0,0,0,0,0,0,0,0,0,0,0,0,0,0,0,0.000825764,0.00330306,0,0,0.00495458,0,0.000825764,0,0,0.00165153,0.00247729,0.0255987,0.000825764,0.00247729,0.382329,0,0,0.0214699,0,0.000825764,0,0.00247729,0.123865,0,0.0206441,0.00660611,0.00247729,0.0214699,0.0412882,0,0.125516,0,0,0.090834,0.0635838,0,0.0536746,0,0,0,0,0,0,0,0,0,0,0,0,0,0,0,0,0,0,0,0,0,0,0,0,0,0,0
33300,0,0,0,0,0,0,0,0,0,0,0,0,0,0,0,0,0,0,0,0,0,0,0,0,0,0,0,0,0,0,0,0,0.00578512,0,0,0,0,0.00413223,0,0,0.00909091,0,0,0,0.00495868,0.000826446,0,0.0165289,0,0,0.42562,0,0,0.0190083,0,0.00495868,0.000826446,0,0.0933884,0.000826446,0.0123967,0,0.00661157,0.00991736,0.0115702,0.000826446,0.129752,0,0,0.119835,0.0677686,0,0.0479339,0,0.00578512,0,0,0,0,0,0,0,0,0,0,0,0,0,0,0,0.00165289,0,0,0,0,0,0,0,0,0
33350,0,0,0,0,0,0,0,0,0,0,0,0,0,0,0,0,0,0,0,0,0,0,0,0,0,0,0,0,0,0,0,0,0.0042123,0,0,0,0,0,0,0,0.00505476,0,0.0042123,0,0.0193766,0.0143218,0,0.00758214,0,0,0.381634,0,0,0.00505476,0.00084246,0.0101095,0,0,0.0438079,0.0042123,0.00084246,0.00084246,0.00168492,0.00336984,0.00926706,0,0.213985,0,0,0.0943555,0.0328559,0,0.133109,0,0,0,0,0,0.00926706,0,0,0,0,0,0,0,0,0,0,0,0,0,0,0,0,0,0,0,0,0
33400,0,0,0,0,0,0,0,0,0,0,0,0,0,0,0,0,0,0,0,0,0,0,0,0,0,0,0,0,0,0,0,0,0.00409417,0,0,0,0.00409417,0,0,0,0,0,0.00204708,0,0.0174002,0.00102354,0,0.0163767,0,0,0.42477,0,0,0.0255885,0.0122825,0,0,0,0.0706244,0,0,0,0.0194473,0.00511771,0.00511771,0,0.140225,0,0,0.073695,0.04913,0,0.126919,0.00204708,0,0,0,0,0,0,0,0,0,0,0,0,0,0,0,0,0,0,0,0,0,0,0,0,0,0
33450,0,0,0,0,0,0,0,0,0,0,0,0,0,0,0,0,0,0,0,0,0,0,0,0,0,0,0,0,0,0,0,0,0.00864553,0,0,0,0,0,0,0.00288184,0,0,0,0,0.00960615,0,0.000960615,0.00480307,0.00384246,0.000960615,0.413064,0,0,0.0153698,0.012488,0,0,0,0.0365034,0.0192123,0.00288184,0,0.0268972,0.0297791,0.0067243,0,0.143132,0,0,0.074928,0.0720461,0,0.108549,0.000960615,0.00576369,0,0,0,0,0,0,0,0,0,0,0,0,0,0,0,0,0,0,0,0,0,0,0,0,0
33500,0,0,0,0,0,0,0,0,0,0,0,0,0,0,0,0,0,0,0,0,0,0,0,0,0,0,0,0,0,0,0,0,0.00719424,0,0,0,0,0,0,0.00102775,0,0,0,0,0,0.00308325,0.00102775,0.00102775,0.00308325,0,0.38335,0,0,0.0113052,0.045221,0.0102775,0,0,0.0760534,0,0.00822199,0,0.0421377,0.020555,0.0133607,0,0.0719424,0,0,0.107914,0.105858,0,0.0698869,0.004111,0.00719424,0,0,0,0,0,0,0,0,0,0,0.0061665,0,0,0,0,0,0,0,0,0,0,0,0,0,0
33550,0,0,0,0,0,0,0,0,0,0,0,0,0,0,0,0,0,0,0,0,0,0,0,0,0,0,0,0,0,0,0,0,0.00465116,0,0,0,0,0.0186047,0,0.00697674,0.00465116,0,0.00348837,0,0,0.00465116,0.00116279,0,0,0,0.372093,0,0,0.0116279,0.0244186,0.00348837,0,0,0.0813953,0,0,0.00116279,0.0127907,0.0325581,0.0197674,0,0.159302,0,0,0.0883721,0.0593023,0,0.0674419,0.00116279,0,0,0,0.0139535,0,0,0,0,0,0,0,0.00697674,0,0,0,0,0,0,0,0,0,0,0,0,0,0
33600,0,0,0,0,0,0,0,0,0,0,0,0,0,0,0,0,0,0,0,0,0,0,0,0,0,0,0,0,0,0,0,0,0,0,0,0,0,0.0111902,0,0.00203459,0,0,0.00508647,0,0,0.00305188,0,0,0,0,0.499491,0,0,0,0.0152594,0,0,0,0.0742625,0.00101729,0,0.0122075,0.0162767,0,0.0305188,0,0.114954,0,0,0.110885,0.0325534,0,0.0600203,0,0.00101729,0,0,0.00508647,0,0,0,0,0,0,0,0.00508647,0,0,0,0,0,0,0,0,0,0,0,0,0,0
33650,0,0,0,0,0,0,0,0,0,0,0,0,0,0,0,0,0,0,0,0,0,0,0,0,0,0,0,0,0,0,0,0,0.00903614,0,0,0,0.00200803,0,0,0,0,0,0.00803213,0,0,0.00401606,0.00200803,0.00903614,0,0,0.452811,0,0,0.00200803,0.0321285,0,0,0,0.0783133,0.00100402,0.00100402,0.0461847,0.0251004,0,0.0160643,0,0.125502,0,0,0.0923695,0.0271084,0,0.0512048,0.00502008,0.00401606,0,0,0.00100402,0,0,0,0,0,0,0,0.00502008,0,0,0,0,0,0,0,0,0,0,0,0,0,0
33700,0,0,0,0,0,0,0,0,0,0,0,0,0,0,0,0,0,0,0,0,0,0,0,0,0,0,0,0,0,0,0,0,0.0168589,0,0,0,0,0,0,0,0,0,0,0,0,0.0079858,0.00354925,0,0,0,0.456078,0,0.000887311,0.00354925,0.0594499,0,0.00266193,0,0.0869565,0,0,0.0390417,0.0159716,0,0.0195209,0,0.0754215,0,0,0.102041,0.0159716,0,0.0674357,0.0079858,0.0186335,0,0,0,0,0,0,0,0,0,0,0,0,0,0,0,0,0,0,0,0,0,0,0,0,0
33750,0,0,0,0,0,0,0,0,0,0,0,0,0,0,0,0,0,0,0,0,0,0,0,0,0,0,0,0,0,0,0,0,0.0117548,0,0,0,0,0,0,0.000839631,0.00419815,0.000839631,0,0,0,0.000839631,0.000839631,0,0,0,0.428212,0,0,0.0277078,0.00419815,0,0.0134341,0,0.0570949,0,0,0.0394626,0.0251889,0,0.0285474,0,0.0780856,0,0,0.0948783,0.00839631,0,0.117548,0.0235097,0.0277078,0,0,0,0.00671704,0,0,0,0,0,0,0,0,0,0,0,0,0,0,0,0,0,0,0,0,0
33800,0,0,0,0,0,0,0,0,0,0,0,0,0,0,0,0,0,0,0,0,0,0,0,0,0,0,0,0,0,0,0,0,0.000878735,0,0.00439367,0,0,0,0,0.00527241,0,0,0,0,0,0.0123023,0,0,0,0,0.40246,0.0026362,0,0.0377856,0.00439367,0,0,0,0.0746924,0,0,0.00878735,0.00790861,0,0.00351494,0,0.11775,0,0,0.0966608,0.00615114,0,0.16696,0.0140598,0.00966608,0,0,0,0.0237258,0,0,0,0,0,0,0,0,0,0,0,0,0,0,0,0,0,0,0,0,0
33850,0,0,0,0,0,0,0,0,0,0,0,0,0,0,0,0,0,0,0,0,0,0,0,0.000797448,0,0,0,0,0,0,0.000797448,0,0,0,0.0263158,0,0.00318979,0,0,0.00558214,0,0,0,0,0,0.00956938,0.00239234,0.00318979,0,0,0.419458,0.015949,0,0.0191388,0.000797448,0,0.00478469,0.000797448,0.0295056,0,0,0,0.0015949,0,0.00318979,0,0.0956938,0,0.000797448,0.110048,0.0103668,0,0.108453,0,0.0717703,0,0,0,0.0454545,0,0,0,0,0,0,0,0,0.00956938,0,0,0,0,0,0,0,0,0,0.000797448,0,0
33900,0,0,0,0,0,0,0,0,0,0,0,0,0,0,0,0,0,0,0,0.000880282,0,0,0.00440141,0,0,0,0,0,0,0,0,0,0.00176056,0,0.00264085,0,0.00616197,0,0,0,0,0,0,0,0.00176056,0.00440141,0.00440141,0,0,0,0.551056,0.00704225,0,0.0140845,0.0193662,0,0.0167254,0,0.0246479,0,0.00528169,0.00440141,0,0.00264085,0.00352113,0,0.0396127,0,0,0.0809859,0.00792254,0,0.0792254,0,0.0809859,0,0,0,0.0352113,0,0,0,0,0,0,0,0,0.000880282,0,0,0,0,0,0,0,0,0,0,0,0
33950,0,0,0,0,0,0,0,0,0,0,0,0,0,0,0,0,0,0,0,0,0,0,0.00270514,0,0,0,0,0,0,0,0,0,0,0,0.00270514,0,0,0,0,0,0,0,0.000901713,0.00721371,0.00360685,0.0171326,0.0216411,0.0108206,0,0.000901713,0.429216,0,0,0.0766456,0.0207394,0.000901713,0.00901713,0,0.00360685,0.00360685,0,0,0,0.000901713,0.00811542,0,0.0387737,0,0,0.146979,0.0234445,0,0.0676285,0,0.0432822,0,0,0,0.0568079,0,0,0,0,0,0,0,0,0.00270514,0,0,0,0,0,0,0,0,0,0,0,0
34000,0,0,0,0,0,0,0,0,0,0,0,0,0,0,0,0,0,0,0,0,0,0,0,0,0,0,0,0,0,0,0,0,0,0,0,0,0.00629921,0,0,0,0.00314961,0,0.00551181,0.00551181,0,0.0251969,0.0299213,0.0149606,0,0,0.415748,0.00314961,0.000787402,0.0370079,0.000787402,0.00866142,0,0,0.0110236,0.00787402,0,0,0.00551181,0,0.00787402,0,0.0700787,0,0,0.131496,0.0346457,0,0.0511811,0,0.023622,0,0,0,0.0858268,0,0,0,0,0,0,0,0,0.0141732,0,0,0,0,0,0,0,0,0,0,0,0
34050,0,0,0,0,0,0,0,0,0,0,0,0,0,0,0,0,0,0,0,0,0,0,0,0,0,0,0,0,0,0,0.00166528,0,0.00499584,0,0,0,0,0.000832639,0,0.00582848,0.00333056,0,0.00749376,0,0,0.0249792,0.000832639,0.00249792,0.00166528,0,0.498751,0.0108243,0.00915903,0.0241465,0.00249792,0.000832639,0,0.00249792,0.0124896,0,0,0.00333056,0.00333056,0,0.0183181,0,0.0491257,0,0,0.115737,0.0224813,0,0.10408,0,0.00915903,0.000832639,0,0,0.0541216,0,0,0,0,0,0,0,0,0.0041632,0,0,0,0,0,0,0,0,0,0,0,0
34100,0,0,0,0,0,0,0,0,0,0,0,0,0,0,0,0,0,0,0,0,0,0,0,0,0,0,0,0,0,0,0,0,0,0,0,0,0,0.00708104,0,0.00314713,0.00236035,0.00708104,0.000786782,0,0.0118017,0.0133753,0,0,0,0,0.447679,0,0.00629426,0.0196696,0.000786782,0.00157356,0.00157356,0.00236035,0.018096,0,0.00314713,0,0.00944138,0,0.025177,0,0.0267506,0,0,0.162864,0.0212431,0,0.108576,0,0.0306845,0,0,0,0.0621558,0,0,0,0,0,0,0.000786782,0,0.00550747,0,0,0,0,0,0,0,0,0,0,0,0
34150,0,0,0,0,0,0,0,0,0,0,0,0,0,0,0,0,0,0,0,0,0,0,0,0,0,0,0,0,0,0,0,0,0.00393082,0,0,0,0.000786164,0.0102201,0,0,0,0.00314465,0,0,0.0133648,0.0086478,0,0,0,0,0.393868,0.0220126,0.00628931,0.0275157,0,0,0.0110063,0.00314465,0.0157233,0.00314465,0.00157233,0,0.00707547,0,0.00550314,0,0.00943396,0,0,0.207547,0.0400943,0,0.0904088,0.00235849,0.0613208,0,0,0,0.0518868,0,0,0,0,0,0,0,0,0,0,0,0,0,0,0,0,0,0,0,0,0
34200,0,0,0,0,0,0,0,0,0,0,0,0,0,0,0,0,0,0,0,0,0,0,0,0,0,0,0,0,0,0,0,0,0.00204638,0,0,0,0.00136426,0.00818554,0,0,0,0,0.00136426,0,0.000682128,0.00409277,0,0,0,0,0.485675,0.00409277,0.0047749,0.0286494,0,0.000682128,0.00682128,0.00886767,0.0115962,0.0354707,0,0,0.00682128,0,0.00818554,0,0.0109141,0,0,0.133697,0.0668486,0,0.0736698,0.00204638,0.0572988,0,0.00341064,0,0.0306958,0,0,0,0,0,0,0,0,0.00204638,0,0,0,0,0,0,0,0,0,0,0,0
34250,0,0,0,0,0,0,0,0,0,0,0,0,0,0,0,0,0,0,0,0,0,0,0,0,0,0,0,0,0,0,0,0,0,0,0,0,0,0.00281492,0,0,0.00492611,0,0.00070373,0,0.00844476,0.00140746,0,0.00351865,0,0.00140746,0.53765,0,0,0.0211119,0,0.00281492,0.00422238,0.0168895,0,0.0344828,0.00281492,0,0.0070373,0,0.00633357,0,0.00562984,0,0,0.116115,0.0809289,0,0.0668543,0.00422238,0.0394089,0,0,0,0.0302604,0,0,0,0,0,0,0,0,0,0,0,0,0,0,0,0,0,0,0,0,0
34300,0,0,0,0,0,0,0,0,0,0,0,0,0,0,0,0,0,0,0,0,0,0,0,0,0,0,0,0,0,0,0,0,0,0,0,0,0,0.00898411,0,0,0.00621977,0,0.000691085,0,0,0.00345543,0.00552868,0.00207326,0,0,0.518314,0,0,0.0207326,0,0.0179682,0.00276434,0.00207326,0,0.0262612,0.0103663,0,0,0,0.0179682,0,0.0138217,0,0,0.0677263,0.081548,0,0.105045,0.00138217,0.0366275,0,0,0,0.049067,0,0,0,0,0,0.00138217,0,0,0,0,0,0,0,0,0,0,0,0,0,0,0
34350,0,0,0,0,0,0,0,0,0,0,0,0,0,0,0,0,0,0,0,0,0,0,0,0,0,0,0,0,0,0,0,0,0,0,0,0.00075358,0,0.00828937,0,0,0.0105501,0,0,0,0,0.0128109,0.00527506,0,0,0,0.489073,0,0.0075358,0.0180859,0.0120573,0.00678222,0.00075358,0.0120573,0,0.0195931,0.0263753,0,0,0,0.00527506,0,0,0,0,0.0866616,0.127355,0,0.0444612,0,0.0557649,0,0,0,0.0474755,0.00075358,0,0,0,0,0,0.00226074,0,0,0,0,0,0,0,0,0,0,0,0,0,0
34400,0,0,0,0,0,0,0,0,0,0,0,0,0,0,0,0,0,0,0,0,0,0,0,0.00338524,0,0,0,0,0,0,0,0,0,0,0,0,0,0.00473934,0,0,0.000677048,0,0,0,0.00406229,0.00541638,0.00541638,0,0.00338524,0.000677048,0.429248,0,0.00880162,0.0291131,0.00203114,0.00338524,0,0.00677048,0,0.0250508,0.00812458,0.00609343,0,0,0.0121869,0.00338524,0.0013541,0,0.0013541,0.120515,0.124577,0,0.0399458,0.0169262,0.0548409,0,0,0,0.0751523,0,0,0,0,0,0,0.00338524,0,0,0,0,0,0,0,0,0,0,0,0,0,0
34450,0,0,0,0,0,0,0,0,0,0,0,0,0,0,0,0,0,0,0,0,0,0,0,0,0,0,0,0,0,0,0,0,0.00151745,0,0,0,0.000758725,0.00227618,0,0,0.000758725,0,0.00227618,0,0.0030349,0.0113809,0.0091047,0,0.00151745,0,0.405918,0,0.022003,0.0295903,0.00531108,0.00758725,0,0.00758725,0.00379363,0.00227618,0.00455235,0.000758725,0,0,0.0106222,0.00834598,0.0106222,0.0030349,0,0.140364,0.105463,0,0.0189681,0.0280728,0.0485584,0,0,0,0.0971168,0,0,0,0,0,0,0.00682853,0,0,0,0,0,0,0,0,0,0,0,0,0,0
34500,0,0,0,0,0,0,0,0,0,0,0,0,0,0,0,0,0,0,0,0,0,0,0,0.000715308,0,0,0,0,0,0,0,0,0.000715308,0,0,0,0.000715308,0.00858369,0,0,0.00357654,0,0.00143062,0.00214592,0.000715308,0.0207439,0.0128755,0.00214592,0.00286123,0.00143062,0.369814,0.000715308,0.0500715,0.0400572,0.0121602,0.00715308,0,0.0100143,0.009299,0.0164521,0.00214592,0.009299,0,0.000715308,0.00858369,0.0157368,0.009299,0,0,0.102289,0.100143,0,0.0228898,0.0479256,0.0679542,0,0,0,0.0379113,0,0,0,0,0,0,0.000715308,0,0,0,0,0,0,0,0,0,0,0,0,0,0
34550,0,0,0,0,0,0,0,0,0,0,0,0,0,0,0,0,0,0,0,0,0,0,0,0,0,0,0,0,0,0,0,0,0.00266312,0,0,0,0.00133156,0,0,0.00798935,0,0,0.00199734,0.00266312,0.00599201,0.0166445,0,0.00665779,0,0,0.377497,0,0.0199734,0.0272969,0.0126498,0.000665779,0.00532623,0.0126498,0.0279627,0.0252996,0.00332889,0.0193076,0,0.000665779,0.00665779,0.00599201,0.00266312,0,0,0.103196,0.11518,0,0.0213049,0.0292943,0.0719041,0,0,0,0.0652463,0,0,0,0,0,0,0,0,0,0,0,0,0,0,0,0,0,0,0,0,0
34600,0,0,0,0,0,0,0,0,0,0,0,0,0,0,0,0,0,0,0,0,0,0,0,0,0,0,0,0,0,0,0,0,0,0,0,0,0,0,0,0.00401338,0,0,0,0.000668896,0,0.0100334,0,0.00334448,0,0,0.489632,0.00200669,0.00602007,0.000668896,0.0301003,0.000668896,0.00468227,0.0133779,0.00869565,0.00200669,0.0153846,0.00200669,0,0.0153846,0.00200669,0,0.0153846,0,0,0.0762542,0.115719,0,0.0347826,0.0267559,0.0287625,0,0,0,0.0876254,0,0,0,0,0,0,0.00401338,0,0,0,0,0,0,0,0,0,0,0,0,0,0
34650,0,0,0,0,0,0,0,0,0,0,0,0,0,0,0,0,0,0,0,0.000685401,0,0,0,0,0,0,0,0,0,0,0,0,0,0,0,0,0,0.00411241,0,0,0,0,0,0,0.0013708,0,0,0.00548321,0,0,0.450308,0.0123372,0.0027416,0.0150788,0.023989,0.000685401,0.00685401,0.0356408,0.0164496,0,0.00822481,0,0,0.0246744,0.00891021,0,0.0356408,0,0,0.0548321,0.128855,0,0.0596299,0.0246744,0.0185058,0,0,0,0.0445511,0,0,0,0,0,0,0.0157642,0,0,0,0,0,0,0,0,0,0,0,0,0,0
34700,0,0,0,0,0,0,0,0,0,0,0,0,0,0,0,0,0,0,0,0,0,0,0,0,0,0,0,0,0,0,0,0,0.00292227,0,0,0,0.000584454,0.00409117,0,0.000584454,0,0,0.000584454,0.00175336,0.00116891,0.00993571,0.000584454,0.00467563,0,0,0.451783,0.0146113,0.00993571,0.0216248,0.0116891,0.00233781,0,0.0210403,0.0181181,0.000584454,0.00409117,0,0,0.0368206,0.00526008,0.00116891,0.0280538,0,0,0.113384,0.111046,0,0.0561075,0.0169492,0.019287,0,0,0,0.0175336,0,0,0,0,0,0,0.0116891,0,0,0,0,0,0,0,0,0,0,0,0,0,0
34750,0,0,0,0,0,0,0,0,0,0,0,0,0,0,0,0,0,0,0,0.000496771,0,0,0,0,0,0,0,0,0.00149031,0,0,0,0.00198708,0,0,0,0,0.000993542,0,0,0,0,0.00198708,0,0,0.0203676,0,0.00447094,0,0,0.448087,0.00198708,0.00397417,0.0278192,0.0104322,0,0.000496771,0.0163934,0.0273224,0.00844511,0,0,0,0.0198708,0.0233482,0.00298063,0.0168902,0,0,0.146547,0.108793,0,0.0298063,0.0218579,0.0158967,0,0,0,0.0163934,0,0,0,0.00596125,0,0,0.0149031,0,0,0,0,0,0,0,0,0,0,0,0,0,0
34800,0,0,0,0,0,0,0,0,0,0,0,0,0,0,0,0,0,0,0,0,0,0,0,0,0,0,0,0,0.000606796,0,0,0,0.00606796,0,0,0,0,0,0,0,0,0,0,0,0,0.0163835,0,0.0109223,0,0,0.480583,0.000606796,0.00364078,0.0133495,0.00910194,0,0.00242718,0.0103155,0.00788835,0.0175971,0,0.00303398,0,0.0376214,0.0188107,0,0.023665,0,0,0.103155,0.0673544,0,0.0758495,0.056432,0.00303398,0,0,0,0.0145631,0,0.000606796,0,0.00182039,0,0,0.0145631,0,0,0,0,0,0,0,0,0,0,0,0,0,0
34850,0,0,0,0,0,0,0,0,0,0,0,0,0,0,0,0,0,0,0,0,0,0,0,0,0,0,0,0,0.000616143,0,0,0,0.00184843,0,0,0,0.00184843,0,0,0,0,0,0,0,0,0.00308071,0,0.00677757,0,0,0.477511,0,0.00739372,0.00924214,0.0110906,0.008626,0.00308071,0.00123229,0.00492914,0.0147874,0,0.00616143,0,0.0351201,0.0548367,0.00123229,0.00924214,0,0,0.147874,0.0566852,0.00123229,0.0351201,0.0542206,0,0,0,0,0.030191,0,0,0,0,0,0,0.0160197,0,0,0,0,0,0,0,0,0,0,0,0,0,0
34900,0,0,0,0,0,0,0,0,0,0,0,0,0,0,0,0,0,0,0,0,0,0,0,0,0,0,0,0,0,0,0,0.00108932,0.000544662,0,0,0,0,0,0,0,0.00217865,0,0.000544662,0,0.00163399,0.00381264,0.000544662,0.000544662,0,0,0.430283,0.000544662,0.00980392,0.0212418,0.0174292,0.0147059,0.00490196,0,0.0119826,0.0147059,0,0.0239651,0,0.0174292,0.00762527,0,0.0201525,0,0,0.215142,0.0762527,0,0.0348584,0.0245098,0.00217865,0,0,0,0.0212418,0,0,0,0.0190632,0,0,0.00108932,0,0,0,0,0,0,0,0,0,0,0,0,0,0
34950,0,0,0,0,0,0,0,0,0,0,0,0,0,0,0,0,0,0,0,0,0,0,0,0,0,0,0,0,0,0,0,0,0,0,0,0,0.00133958,0,0,0.00133958,0.00468855,0,0.00267917,0,0,0.000669792,0.00334896,0.00133958,0.00133958,0,0.519089,0.0207636,0.000669792,0.00602813,0.00468855,0.00133958,0.00468855,0.000669792,0.00133958,0.00937709,0,0.03215,0,0.0241125,0.000669792,0,0.0301407,0,0,0.154722,0.0984595,0,0.0569324,0.0127261,0,0,0,0,0.00468855,0,0,0,0,0,0,0,0,0,0,0,0,0,0,0,0,0,0,0,0,0
35000,0,0,0,0,0,0,0,0,0,0,0,0,0,0,0,0,0,0,0,0,0,0,0.00148258,0,0,0,0,0,0.00148258,0,0,0,0,0,0,0,0.00074129,0.00444774,0.00148258,0.00889548,0.00296516,0,0.00074129,0,0.00074129,0,0.00222387,0.00074129,0.00148258,0,0.537435,0.0296516,0,0.0214974,0.00074129,0,0.00889548,0.00518903,0,0.00667161,0.00222387,0.00963677,0,0.0140845,0,0,0.0111193,0,0,0.164566,0.116383,0,0.0318755,0.0126019,0,0,0,0,0,0,0,0,0,0,0,0,0,0,0,0,0,0,0,0,0,0,0,0,0,0
35050,0,0,0,0,0,0,0,0,0,0,0,0,0,0,0,0,0,0,0,0,0,0,0,0,0,0,0,0,0.00118554,0,0,0,0,0,0,0,0.0017783,0,0,0.000592768,0.0017783,0,0,0,0.00652045,0,0.00355661,0,0,0,0.478364,0.0136337,0,0.017783,0,0.0017783,0.00592768,0.00414938,0,0.0337878,0.00355661,0.0183758,0,0.048607,0.00237107,0,0.0243035,0,0,0.0930646,0.13278,0.00118554,0.0729105,0.0320095,0,0,0,0,0,0,0,0,0,0,0,0,0,0,0,0,0,0,0,0,0,0,0,0,0,0
35100,0,0,0,0,0,0,0,0,0,0,0,0,0,0,0,0,0,0,0,0,0,0,0,0,0,0,0,0,0.000727273,0,0,0,0,0,0,0,0.00290909,0,0,0.000727273,0.00363636,0,0.000727273,0,0.00581818,0.000727273,0.00436364,0,0.000727273,0,0.6,0.00654545,0,0.0130909,0,0.00218182,0.00945455,0.008,0.00654545,0.000727273,0.008,0.00945455,0,0.0349091,0.0101818,0,0.024,0,0,0.0850909,0.117091,0,0.0363636,0.00290909,0.00218182,0,0,0.00218182,0.000727273,0,0,0,0,0,0,0,0,0,0,0,0,0,0,0,0,0,0,0,0,0
35150,0,0,0,0,0,0,0,0,0,0,0,0,0,0,0,0,0,0,0,0,0,0,0.00204918,0,0,0,0,0,0,0,0,0,0,0,0,0.00068306,0,0,0,0.00478142,0.00478142,0.00204918,0,0,0.00956284,0.00136612,0.00136612,0,0,0,0.568306,0.00204918,0,0.0382514,0.00751366,0.00409836,0.00204918,0.0150273,0.00204918,0.00068306,0.0245902,0.00409836,0,0.0403005,0.0034153,0,0.0129781,0,0,0.135929,0.0478142,0,0.0498634,0.00751366,0.00614754,0,0,0,0,0,0,0.00068306,0,0,0,0,0,0,0,0,0,0,0,0,0,0,0,0,0,0
35200,0,0,0,0,0,0,0,0,0,0,0,0,0,0,0,0,0,0,0,0,0,0,0,0,0,0,0,0,0,0,0,0,0.00156617,0,0,0,0,0,0,0.00469851,0,0.00156617,0,0,0.00704777,0,0,0,0,0.000783085,0.557557,0,0,0.0360219,0.0164448,0.0172279,0.00469851,0.00391543,0.00313234,0.00391543,0.0234926,0,0,0.018011,0,0,0.0203602,0,0,0.118246,0.082224,0,0.0610807,0.0125294,0.00391543,0,0,0,0.00156617,0,0,0,0,0,0,0,0,0,0,0,0,0,0,0,0,0,0,0,0,0
35250,0,0,0,0,0,0,0,0,0,0,0,0,0,0,0,0,0,0,0,0,0,0,0,0,0,0,0,0,0,0,0,0,0.00558659,0,0,0,0,0,0,0.000698324,0,0.0146648,0,0,0.00768156,0,0,0,0,0,0.489525,0.00209497,0,0.0412011,0.0405028,0.00698324,0.00209497,0.0160615,0.00488827,0.0027933,0.00349162,0,0.00558659,0.0153631,0,0,0.0391061,0,0,0.0984637,0.0509777,0,0.0831006,0.0125698,0.0342179,0,0,0,0.0223464,0,0,0,0,0,0,0,0,0,0,0,0,0,0,0,0,0,0,0,0,0
35300,0,0,0,0,0,0,0,0,0,0,0,0,0,0,0,0,0,0,0,0.00127714,0,0,0,0,0,0,0,0,0,0,0,0,0.0063857,0,0,0,0,0,0,0,0,0.00510856,0,0,0.00319285,0.00127714,0,0,0,0,0.51788,0,0,0.0351213,0.00510856,0,0.0140485,0.0274585,0,0.00446999,0,0,0.0063857,0.0121328,0,0,0.0715198,0,0,0.120051,0.045977,0,0.0842912,0.01341,0.00766284,0,0,0,0.0172414,0,0,0,0,0,0,0,0,0,0,0,0,0,0,0,0,0,0,0,0,0
35350,0,0,0,0,0,0,0,0,0,0,0,0,0,0,0,0,0,0,0,0,0,0,0.000618812,0,0,0,0,0,0,0,0,0,0,0,0,0,0,0,0,0,0,0.0111386,0,0,0.00742574,0,0,0,0,0,0.51052,0,0,0.0173267,0.0173267,0.000618812,0.0476485,0.0111386,0,0.00185644,0,0,0.0241337,0.00928218,0,0,0.0222772,0,0,0.167698,0.039604,0,0.0303218,0.022896,0.0266089,0,0,0,0.0309406,0,0,0,0,0,0,0,0,0,0,0,0,0,0,0,0,0,0.000618812,0,0,0
35400,0,0,0,0,0,0,0,0,0,0,0,0,0,0,0,0,0,0,0,0,0,0,0.000591716,0,0,0,0,0,0,0,0,0,0.00295858,0,0,0,0,0,0,0,0,0.0035503,0,0,0.0112426,0,0,0,0,0,0.494675,0.00118343,0,0.00887574,0.00946746,0.0035503,0.00414201,0.00710059,0,0.00828402,0,0,0.0266272,0.00946746,0,0,0.0218935,0,0,0.1,0.0485207,0,0.0497041,0.0467456,0.0609467,0,0,0,0.0733728,0.00710059,0,0,0,0,0,0,0,0,0,0,0,0,0,0,0,0,0,0,0,0
35450,0,0,0,0,0,0,0,0,0,0,0,0,0,0,0,0,0,0,0,0,0,0,0.00137363,0,0,0,0,0,0,0,0,0,0.00274725,0,0,0,0,0,0,0,0,0.000686813,0.00137363,0,0.00686813,0,0.0178571,0,0,0,0.46772,0.00274725,0,0.00343407,0,0.000686813,0.000686813,0.021978,0,0,0,0,0.0240385,0.00274725,0,0,0.0384615,0,0,0.114011,0.106456,0,0.0302198,0.021978,0.0597527,0,0,0,0.0673077,0.00686813,0,0,0,0,0,0,0,0,0,0,0,0,0,0,0,0,0,0,0,0
35500,0,0,0,0,0,0,0,0,0,0,0,0,0,0,0,0,0,0,0,0.000765111,0,0,0,0,0,0,0,0,0,0,0,0.00153022,0,0,0,0,0,0,0,0,0,0,0.00459067,0,0,0.00306044,0.006886,0,0,0,0.436878,0.006886,0,0.00535578,0,0,0,0.00612089,0,0.000765111,0.000765111,0,0.00229533,0.00382555,0,0,0.0244836,0,0.00612089,0.197399,0.123948,0,0.0244836,0.0145371,0.048202,0,0,0,0.0780413,0.00306044,0,0,0,0,0,0,0,0,0,0,0,0,0,0,0,0,0,0,0,0
35550,0,0,0,0,0,0,0,0,0,0,0,0,0,0,0,0,0,0,0,0,0,0,0,0,0,0,0,0,0,0,0,0.00297177,0.00222883,0,0,0,0,0,0,0,0,0.000742942,0,0.00148588,0.00148588,0.00148588,0.00817236,0,0,0,0.472511,0.00742942,0,0.013373,0,0,0,0,0,0.00222883,0,0,0.00297177,0.000742942,0,0,0.0089153,0,0.0185736,0.193908,0.0624071,0,0.0661218,0.00594354,0.0520059,0.000742942,0,0,0.0735513,0,0,0,0,0,0,0,0,0,0,0,0,0,0,0,0,0,0,0,0,0
35600,0,0,0,0,0,0,0,0,0,0,0,0,0,0,0,0,0,0,0,0,0,0,0,0,0,0,0,0,0,0,0,0,0.0107172,0,0,0,0,0,0,0.000824402,0,0,0,0,0,0.000824402,0.0016488,0,0,0,0.300907,0.00329761,0.00247321,0.00906843,0.000824402,0.0016488,0,0,0.0230833,0.0107172,0,0,0.00412201,0,0,0,0.0016488,0,0.000824402,0.215993,0.0651278,0.0016488,0.227535,0.0189613,0.0412201,0,0,0,0.0568838,0,0,0,0,0,0,0,0,0,0,0,0,0,0,0,0,0,0,0,0,0
35650,0,0,0,0,0,0,0,0,0,0,0,0,0,0,0,0,0,0,0,0,0,0,0,0,0,0,0,0,0,0,0,0,0,0,0,0,0,0,0,0.00353045,0,0,0,0,0.00441306,0,0,0,0,0,0.321271,0.00970874,0,0.0123566,0.00264784,0.00176523,0,0.000882613,0.00970874,0.0070609,0,0.00264784,0.00264784,0.00264784,0,0.000882613,0.00264784,0,0,0.267432,0.102383,0.00353045,0.0423654,0.0335393,0.0759047,0,0,0,0.0900265,0,0,0,0,0,0,0,0,0,0,0,0,0,0,0,0,0,0,0,0,0
35700,0,0,0,0,0,0,0,0,0,0,0,0,0,0,0,0,0,0,0,0,0,0,0,0,0,0,0,0,0,0,0,0,0.00547731,0,0,0,0,0,0,0.00312989,0.00156495,0,0.00782473,0,0.000782473,0.00156495,0,0,0,0,0.377152,0.0140845,0,0.0195618,0,0.0156495,0,0.0109546,0.0156495,0.0125196,0,0.00312989,0.00469484,0.0203443,0,0,0.029734,0,0,0.161972,0.071205,0.00704225,0.0164319,0.0931142,0.043036,0,0,0,0.0633803,0,0,0,0,0,0,0,0,0,0,0,0,0,0,0,0,0,0,0,0,0
35750,0,0,0,0,0,0,0,0,0,0,0,0,0,0,0,0,0,0,0,0,0,0,0.00675676,0,0,0,0,0,0.003003,0,0,0,0,0,0,0,0.000750751,0,0,0,0,0,0.00375375,0,0.003003,0.00375375,0,0,0,0,0.314565,0.003003,0,0.00975976,0.00525526,0.0045045,0,0.0262763,0.0045045,0.0292793,0,0.0015015,0.0015015,0.00750751,0,0,0.0427928,0,0.0135135,0.237988,0.126877,0.012012,0.0045045,0.018018,0.042042,0,0,0,0.0720721,0.0015015,0,0,0,0,0,0,0,0,0,0,0,0,0,0,0,0,0,0,0,0
35800,0,0,0,0,0,0,0,0,0,0,0,0,0,0,0,0,0,0,0,0,0,0,0.00468384,0,0,0,0,0,0,0,0,0,0.00078064,0,0,0,0,0,0,0,0.00156128,0,0.0101483,0,0,0,0,0,0.00078064,0,0.354411,0,0,0.0210773,0.00624512,0.00546448,0,0.0148322,0.00858704,0.0265418,0,0.00468384,0.00858704,0,0,0,0.030445,0,0.00702576,0.281811,0.0788447,0.0124902,0.0179547,0.00468384,0.0679157,0,0,0,0.0288837,0,0,0,0,0,0,0,0,0,0,0.00156128,0,0,0,0,0,0,0,0,0,0
35850,0,0,0,0,0,0,0,0,0,0,0,0,0,0,0,0,0,0,0,0,0,0,0.00151515,0,0,0,0,0,0,0,0,0,0,0,0,0,0,0,0,0,0.00378788,0,0.00454545,0,0,0,0,0,0,0,0.355303,0,0,0.0363636,0.00227273,0,0,0.00909091,0.0136364,0.025,0,0.00151515,0.0431818,0,0,0,0.0386364,0,0.00151515,0.262879,0.0363636,0.0181818,0.0333333,0.00454545,0.0719697,0,0,0,0.0363636,0,0,0,0,0,0,0,0,0,0,0,0,0,0,0,0,0,0,0,0,0
35900,0,0,0,0,0,0,0,0,0,0,0,0,0,0,0,0,0,0,0,0,0,0,0.00147601,0,0,0,0,0,0.00369004,0,0,0.000738007,0,0,0,0,0,0,0,0.000738007,0.0095941,0.000738007,0.00738007,0,0.000738007,0,0,0.00147601,0,0,0.347601,0,0,0.0191882,0.00442804,0,0,0.0214022,0.0273063,0.00811808,0,0.00369004,0.0169742,0.00295203,0,0,0.0553506,0,0.00516605,0.232472,0.0332103,0.00147601,0.0560886,0.00811808,0.0442804,0.000738007,0,0,0.0848708,0,0,0,0,0,0,0,0,0,0,0,0,0,0,0,0,0,0,0,0,0
35950,0,0,0,0,0,0,0,0,0,0,0,0,0,0,0,0,0,0,0,0,0,0,0,0,0,0,0,0,0.0021978,0,0,0,0.0014652,0.000732601,0,0,0,0,0,0,0.0161172,0,0.00879121,0,0,0,0,0.000732601,0,0,0.284982,0,0,0.0124542,0.00512821,0.00586081,0,0.003663,0.00805861,0.0249084,0,0.003663,0.0168498,0.0168498,0,0,0.0336996,0,0,0.238828,0.0395604,0.00586081,0.0542125,0.0417582,0.0725275,0,0,0,0.101099,0,0,0,0,0,0,0,0,0,0,0,0,0,0,0,0,0,0,0,0,0
36000,0,0,0,0,0,0,0,0,0,0,0,0,0,0,0,0,0,0,0,0,0,0,0,0,0,0,0,0,0.00247934,0,0,0,0.00165289,0,0,0,0.00247934,0,0,0.00247934,0.00743802,0,0.00495868,0,0,0.000826446,0,0,0,0,0.359504,0,0,0.00743802,0.00743802,0.00991736,0.00247934,0,0.0256198,0.00413223,0.00247934,0.0239669,0.0297521,0,0,0,0.0305785,0,0,0.183471,0.0322314,0.00909091,0.061157,0.0107438,0.0710744,0,0,0,0.106612,0,0,0,0,0,0,0,0,0,0,0,0,0,0,0,0,0,0,0,0,0
36050,0,0,0,0,0,0,0,0,0,0,0,0,0,0,0,0,0,0,0,0,0,0,0,0,0,0,0,0,0,0,0,0,0.003108,0,0,0,0.000777001,0,0,0.001554,0.000777001,0,0.001554,0,0,0,0.003885,0,0.000777001,0,0.463869,0,0,0.00543901,0.014763,0.002331,0.002331,0.002331,0.019425,0.00621601,0,0.013209,0.024864,0,0.000777001,0,0.02331,0,0,0.165501,0.044289,0.026418,0.03108,0.01554,0.030303,0,0,0,0.0955711,0,0,0,0,0,0,0,0,0,0,0,0,0,0,0,0,0,0,0,0,0
36100,0,0,0,0,0,0,0,0,0,0,0,0,0,0,0,0,0,0,0,0,0,0,0,0,0,0,0,0,0,0,0,0,0.00074129,0,0,0,0,0,0,0.0133432,0.00074129,0,0,0.0074129,0,0.00444774,0.00815419,0,0.00963677,0,0.395107,0,0,0.0118606,0.0259451,0.00074129,0.00518903,0.0207561,0.00296516,0.00518903,0,0.0140845,0.017791,0,0,0,0.0103781,0,0.0133432,0.145293,0.0919199,0.0155671,0.00370645,0.017791,0.0296516,0,0,0,0.128243,0,0,0,0,0,0,0,0,0,0,0,0,0,0,0,0,0,0,0,0,0
36150,0,0,0,0,0,0,0,0,0,0,0,0,0,0,0,0,0,0,0,0,0,0,0,0,0,0,0,0,0,0,0,0,0,0,0,0,0,0.000807103,0,0.00242131,0.00161421,0,0,0.00968523,0,0.00242131,0.00484262,0,0.00242131,0,0.352704,0.0121065,0,0.00564972,0.0371267,0.000807103,0.0112994,0.0201776,0.0112994,0.0121065,0,0.0137207,0.00403551,0.00322841,0.00242131,0,0.0161421,0,0.0451977,0.151735,0.0637611,0.0193705,0.0225989,0.0145278,0.0581114,0,0,0,0.0976594,0,0,0,0,0,0,0,0,0,0,0,0,0,0,0,0,0,0,0,0,0
36200,0,0,0,0,0,0,0,0,0,0,0,0,0,0,0,0,0,0,0,0,0,0,0,0,0,0,0,0,0,0,0,0,0,0,0,0.00234375,0.0046875,0,0,0.00703125,0,0,0,0.009375,0,0.00234375,0.025,0.00078125,0.0015625,0,0.267188,0.0046875,0,0.003125,0.0046875,0.0078125,0.0117188,0.0015625,0.0234375,0.0140625,0,0.0164063,0.0078125,0,0,0,0.0429688,0,0.0117188,0.16875,0.114844,0,0.0648438,0.00859375,0.0679687,0,0,0,0.103125,0,0,0,0,0.0015625,0,0,0,0,0,0,0,0,0,0,0,0,0,0,0,0
36250,0,0,0,0,0,0,0,0,0,0,0,0,0,0,0,0,0,0,0,0.00170068,0,0,0,0,0,0,0,0,0,0,0,0,0.00510204,0,0,0,0.00340136,0,0,0.0229592,0,0,0,0.00765306,0,0.00765306,0.0102041,0,0.00340136,0,0.282313,0.00255102,0,0.00935374,0.00935374,0.00170068,0.0042517,0,0.00340136,0.0136054,0,0.0195578,0,0,0,0,0.110544,0,0.00340136,0.147109,0.106293,0,0.0816327,0.00170068,0.037415,0,0,0,0.0986395,0,0,0,0.00340136,0,0,0,0.00085034,0,0,0.00085034,0,0,0,0,0,0,0,0,0,0
36300,0,0,0,0,0,0,0,0,0,0,0,0,0,0,0,0,0,0,0,0,0,0,0,0,0,0,0,0,0,0,0,0,0,0,0,0,0.00087184,0,0,0.0156931,0,0,0.00087184,0.00348736,0,0.00261552,0,0,0,0,0.407149,0.00261552,0,0,0.0113339,0.0104621,0,0.00174368,0,0.0104621,0,0.0139494,0,0,0,0,0.0348736,0,0.0183086,0.14211,0.147341,0,0.0462075,0.00697472,0.0514385,0,0,0,0.0592851,0,0,0,0.0043592,0,0,0,0.00784656,0,0,0,0,0,0,0,0,0,0,0,0,0
36350,0,0,0,0,0,0,0,0,0,0,0,0,0,0,0,0,0,0,0,0,0,0,0,0,0,0,0,0,0,0,0,0,0.00090009,0,0,0,0,0,0,0.0090009,0,0,0.00630063,0.00180018,0,0.00090009,0,0,0,0,0.411341,0,0.00090009,0.00360036,0.00180018,0.00540054,0,0.00270027,0,0.00720072,0,0.0189019,0,0,0,0,0.0414041,0,0.0432043,0.0918092,0.156616,0,0.0513051,0.00810081,0.0558056,0,0,0,0.0747075,0,0,0,0.00630063,0,0,0,0,0,0,0,0,0,0,0,0,0,0,0,0,0
36400,0,0,0,0,0,0,0,0,0,0,0,0,0,0,0,0,0,0,0,0,0,0,0.00214362,0,0,0,0,0,0,0,0,0,0,0,0,0,0,0,0,0,0.00643087,0,0,0,0,0.00535906,0,0,0,0,0.570204,0,0,0,0,0.0096463,0,0,0,0.00107181,0,0.0117899,0,0,0,0,0.0150054,0,0.0407288,0.0975348,0.13612,0,0.0214362,0.00321543,0.0418006,0,0,0.00107181,0.0310825,0,0,0,0.00535906,0,0,0,0,0,0,0,0,0,0,0,0,0,0,0,0,0
36450,0,0,0,0,0,0,0,0,0,0,0,0,0,0,0,0,0,0,0,0,0,0,0.00104275,0,0,0,0,0,0,0,0,0,0.00312826,0,0,0,0.00104275,0,0,0.00104275,0.0114703,0,0,0,0,0,0,0,0.00104275,0,0.509906,0,0,0.0302398,0.00312826,0.0114703,0,0,0,0.00312826,0,0,0,0,0,0,0.00938478,0,0.0500521,0.0834202,0.100104,0,0.0427529,0.00312826,0.0281543,0,0,0,0.106361,0,0,0,0,0,0,0,0,0,0,0,0,0,0,0,0,0,0,0,0,0
36500,0,0,0,0,0,0,0,0,0,0,0,0,0,0,0,0,0,0,0,0,0,0,0,0,0,0,0,0,0,0,0,0,0,0,0,0,0,0,0,0,0.012685,0,0,0,0,0,0,0,0,0,0.480973,0,0,0.0169133,0.00105708,0.00951374,0,0,0,0,0.00105708,0,0.00634249,0.00317125,0,0,0.0137421,0,0.0295983,0.051797,0.127907,0,0.0274841,0.00951374,0.0496829,0,0,0.00105708,0.157505,0,0,0,0,0,0,0,0,0,0,0,0,0,0,0,0,0,0,0,0,0
36550,0,0,0,0,0,0,0,0,0,0,0,0,0,0,0,0,0,0,0,0,0,0,0,0,0,0,0,0,0.00476644,0,0,0,0,0,0,0,0,0,0,0.00285987,0.0104862,0,0,0,0,0,0.00285987,0,0,0,0.514776,0.000953289,0,0.00571973,0.00476644,0.0085796,0,0,0.000953289,0.0104862,0.000953289,0.00571973,0.0152526,0.00953289,0,0,0.000953289,0,0.0228789,0.102955,0.092469,0,0.0190658,0.00381316,0.0438513,0,0,0,0.115348,0,0,0,0,0,0,0,0,0,0,0,0,0,0,0,0,0,0,0,0,0
36600,0,0,0,0,0,0,0,0,0,0,0,0,0,0,0,0,0,0,0,0,0,0,0.00158604,0,0,0,0,0,0.00237906,0,0,0,0.000793021,0,0,0,0.000793021,0,0,0,0.0134814,0,0,0,0,0.00237906,0,0,0,0,0.514671,0,0,0.0174465,0.00713719,0.00396511,0.0166534,0,0.00396511,0.00555115,0,0.00713719,0.00713719,0,0,0,0,0,0.0142744,0.0880254,0.074544,0,0.0459952,0,0.073751,0,0,0,0.0983347,0,0,0,0,0,0,0,0,0,0,0,0,0,0,0,0,0,0,0,0,0
36650,0,0,0,0,0,0,0,0,0,0,0,0,0,0,0,0,0,0,0,0,0,0,0.00453309,0,0,0,0,0,0,0,0,0,0,0,0,0,0,0,0,0,0.00725295,0,0,0,0,0,0,0,0,0,0.489574,0.00181324,0,0.00906618,0.00634633,0.00725295,0,0.00543971,0.0208522,0.0108794,0,0.00362647,0.0163191,0,0.00543971,0.000906618,0.0099728,0.00271985,0.00362647,0.106981,0.0888486,0,0.0407978,0,0.038078,0,0,0,0.119674,0,0,0,0,0,0,0,0,0,0,0,0,0,0,0,0,0,0,0,0,0
36700,0,0,0,0,0,0,0,0,0,0,0,0,0,0,0,0,0,0,0,0.0028222,0,0,0.00376294,0,0,0,0,0,0,0,0,0,0.000940734,0,0,0,0,0,0,0,0.0122295,0,0.0028222,0,0,0,0,0,0,0.000940734,0.337723,0.0159925,0,0.0225776,0.0188147,0.0122295,0,0.0197554,0.0291627,0.0376294,0,0.0103481,0.0244591,0,0.0028222,0,0.0103481,0,0,0.19285,0.0809031,0.000940734,0.00376294,0,0.0696143,0,0,0,0.0865475,0,0,0,0,0,0,0,0,0,0,0,0,0,0,0,0,0,0,0,0,0
36750,0,0,0,0,0,0,0,0,0,0,0,0,0,0,0,0,0,0,0,0,0,0,0,0,0,0,0,0,0,0,0,0,0,0,0,0,0,0,0,0,0.00405186,0,0,0,0,0,0.00729335,0,0,0,0.401945,0.0405186,0,0.00729335,0.00567261,0.00648298,0,0.0372771,0.0429498,0.0162075,0,0.0202593,0.0705024,0.00243112,0,0,0.0380875,0,0,0.0964344,0.0940032,0,0.00729335,0,0.0153971,0,0,0,0.0858995,0,0,0,0,0,0,0,0,0,0,0,0,0,0,0,0,0,0,0,0,0
36800,0,0,0,0,0,0,0,0,0,0,0,0,0,0,0,0,0,0,0,0,0,0,0,0,0,0,0,0,0,0,0,0,0,0,0,0,0.000914913,0,0,0,0.0073193,0,0,0,0,0,0.000914913,0,0,0,0.400732,0.0484904,0,0,0.032022,0.00274474,0,0.0146386,0.0375114,0.0192132,0,0.00182983,0.0457457,0.0137237,0,0,0.0192132,0,0,0.117109,0.112534,0,0.00182983,0,0.0466606,0,0,0,0.0768527,0,0,0,0,0,0,0,0,0,0,0,0,0,0,0,0,0,0,0,0,0
36850,0,0,0,0,0,0,0,0,0,0,0,0,0,0,0,0,0,0,0,0,0,0,0,0,0,0,0,0,0,0,0,0,0,0,0,0,0.00451264,0,0,0.000902527,0.00722022,0,0,0.000902527,0,0,0,0,0,0,0.380866,0.0370036,0.00541516,0,0.0117329,0.0144404,0,0.034296,0.0415162,0.0189531,0.00180505,0.00722022,0.0306859,0.00722022,0.00180505,0,0.0712996,0,0,0.135379,0.0469314,0,0,0.00451264,0.0225632,0,0,0,0.112816,0,0,0,0,0,0,0,0,0,0,0,0,0,0,0,0,0,0,0,0,0
36900,0,0,0,0,0,0,0,0,0,0,0,0,0,0,0,0,0,0,0,0,0,0,0,0,0,0,0,0,0,0,0,0,0,0,0,0,0,0,0,0,0.00606586,0,0,0.0034662,0,0,0.00779896,0,0,0,0.344887,0.0164645,0.0138648,0,0.00693241,0.0355286,0,0.042461,0.0415945,0.0147314,0,0.0355286,0.0233969,0.0147314,0,0,0.0693241,0,0.000866551,0.172444,0.0693241,0,0,0.0121317,0.042461,0,0,0,0.0259965,0,0,0,0,0,0,0,0,0,0,0,0,0,0,0,0,0,0,0,0,0
36950,0,0,0,0,0,0,0,0,0,0,0,0,0,0,0,0,0,0,0,0,0,0,0,0,0,0,0,0,0,0,0,0,0,0,0,0,0,0,0,0,0.00311769,0.000779423,0,0.014809,0,0.000779423,0.00779423,0,0,0,0.362432,0.00155885,0.00779423,0.0101325,0.0155885,0.0265004,0,0.0491037,0.0452065,0.0327358,0,0.00701481,0.0646921,0.000779423,0,0,0.0717069,0,0.00155885,0.138737,0.08106,0,0.00545596,0.0132502,0.0155885,0,0,0,0.0218239,0,0,0,0,0,0,0,0,0,0,0,0,0,0,0,0,0,0,0,0,0
37000,0,0,0,0,0,0,0,0,0,0,0,0,0,0,0,0,0,0,0,0,0,0,0,0,0,0,0,0,0,0,0,0,0,0,0,0,0,0,0,0,0.0208614,0.0013459,0,0.00538358,0,0,0.00807537,0,0,0,0.302826,0,0.00538358,0.00874832,0.013459,0.051144,0.00336474,0.0248991,0.0437416,0.012786,0,0,0.0484522,0,0,0,0.064603,0.0013459,0,0.151413,0.0975774,0,0.0114401,0.0336474,0.0538358,0,0,0,0.0356662,0,0,0,0,0,0,0,0,0,0,0,0,0,0,0,0,0,0,0,0,0
37050,0,0,0,0,0,0,0,0,0,0,0,0,0,0,0,0,0,0,0,0,0,0,0,0,0,0,0,0,0,0,0,0,0.000646831,0,0.00129366,0,0.00582147,0.00258732,0,0,0.00258732,0,0,0,0,0,0.00323415,0,0,0,0.346054,0,0.00776197,0.0129366,0,0.0368693,0.0135834,0.0187581,0.00970246,0.00194049,0,0,0.0582147,0,0,0,0.0756792,0,0,0.111902,0.116429,0,0.0109961,0.0569211,0.0355757,0,0,0,0.0705045,0,0,0,0,0,0,0,0,0,0,0,0,0,0,0,0,0,0,0,0,0
37100,0,0,0,0,0,0,0,0,0,0,0,0,0,0,0,0,0,0,0,0,0,0,0,0,0,0,0,0,0.000800641,0,0,0,0,0,0.00720576,0,0.00480384,0,0,0,0,0,0,0,0,0,0,0,0,0,0.407526,0,0,0.0168135,0,0.0256205,0.00720576,0.00880705,0.00720576,0,0,0.00240192,0.0696557,0,0,0,0.0816653,0,0,0.117694,0.110488,0,0.000800641,0.0616493,0.0328263,0,0,0,0.0368295,0,0,0,0,0,0,0,0,0,0,0,0,0,0,0,0,0,0,0,0,0
37150,0,0,0,0,0,0,0,0,0,0,0,0,0,0,0,0,0,0,0,0,0,0,0,0,0,0,0,0,0,0,0,0,0.00145773,0,0.000728863,0,0,0,0,0,0,0,0,0,0,0,0,0.000728863,0,0,0.419096,0,0,0.00655977,0.00218659,0.0123907,0.00947522,0.00291545,0.00655977,0,0,0.0138484,0.0736152,0,0,0,0.0998542,0,0,0.0794461,0.11516,0,0.00145773,0.0553936,0.0619534,0,0,0.00218659,0.0349854,0,0,0,0,0,0,0,0,0,0,0,0,0,0,0,0,0,0,0,0,0
37200,0,0,0,0,0,0,0,0,0,0,0,0,0,0,0,0,0,0,0,0,0,0,0,0,0,0,0,0,0,0,0,0,0.00626959,0,0,0,0,0,0,0,0,0,0,0.000783699,0.000783699,0,0.0180251,0,0,0,0.403605,0.000783699,0,0.0031348,0,0.0203762,0.0023511,0.0039185,0.0282132,0,0,0,0.0266458,0,0,0,0.155956,0,0,0.0987461,0.0987461,0,0.00862069,0.0815047,0.0188088,0,0,0.0039185,0.0188088,0,0,0,0,0,0,0,0,0,0,0,0,0,0,0,0,0,0,0,0,0
37250,0,0,0,0,0,0,0,0,0,0,0,0,0,0,0,0,0,0,0,0,0,0,0,0,0,0,0,0,0,0,0,0,0,0,0,0,0.00958466,0,0,0,0,0,0,0,0.0327476,0.00159744,0.00559105,0,0,0,0.364217,0,0,0.0391374,0,0.0191693,0,0,0.00638978,0,0,0.00319489,0.0167732,0,0,0.000798722,0.0830671,0,0,0.13738,0.107029,0,0.00399361,0.0798722,0.0726837,0,0,0,0.0167732,0,0,0,0,0,0,0,0,0,0,0,0,0,0,0,0,0,0,0,0,0
37300,0,0,0,0,0,0,0,0,0,0,0,0,0,0,0,0,0,0,0,0,0,0,0,0,0,0,0,0,0,0,0,0,0,0,0,0,0.0115321,0,0,0,0,0,0,0,0,0,0,0,0,0,0.336079,0.00329489,0,0.00741351,0,0.00494234,0.0140033,0,0.000823723,0,0,0.00411862,0.00658979,0,0.00411862,0.000823723,0.0988468,0,0,0.136738,0.167216,0,0.0115321,0.0782537,0.110379,0,0,0,0.00329489,0,0,0,0,0,0,0,0,0,0,0,0,0,0,0,0,0,0,0,0,0
37350,0,0,0,0,0,0,0,0,0,0,0,0,0,0,0,0,0,0,0,0,0,0,0.000880282,0,0,0,0,0,0,0,0,0,0,0,0,0,0,0.00176056,0,0,0.00176056,0,0.00264085,0,0,0,0,0,0,0,0.431338,0.0272887,0,0.00528169,0,0,0.0105634,0.00704225,0.000880282,0.000880282,0,0.0167254,0,0,0.0105634,0,0.0827465,0,0,0.108275,0.123239,0,0,0.0492958,0.110035,0,0,0,0.00880282,0,0,0,0,0,0,0,0,0,0,0,0,0,0,0,0,0,0,0,0,0
37400,0,0,0,0,0,0,0,0,0,0,0,0,0,0,0,0,0,0,0,0,0,0,0,0,0,0,0,0,0,0,0,0,0.00149813,0,0,0,0,0.00299625,0,0,0,0,0.00299625,0,0,0,0.0082397,0,0,0,0.491386,0.0434457,0,0.00599251,0,0.00524345,0.0262172,0.00374532,0,0,0,0.0149813,0,0,0.00224719,0.000749064,0.11985,0,0,0.0996255,0.0779026,0,0.00449438,0.0374532,0.0441948,0,0,0,0.00674157,0,0,0,0,0,0,0,0,0,0,0,0,0,0,0,0,0,0,0,0,0
37450,0,0,0,0,0,0,0,0,0,0,0,0,0,0,0,0,0,0,0,0,0,0,0,0,0,0,0,0,0,0,0,0,0.0047749,0,0,0,0,0.000682128,0,0,0,0,0.000682128,0,0,0,0.00204638,0,0,0,0.530696,0.0341064,0,0.0204638,0,0.0047749,0.0184175,0,0,0.000682128,0,0.0245566,0,0,0.00409277,0.000682128,0.106412,0.00136426,0,0.0811733,0.0313779,0,0.042292,0.0177353,0.0395634,0,0,0,0.0334243,0,0,0,0,0,0,0,0,0,0,0,0,0,0,0,0,0,0,0,0,0
37500,0,0,0,0,0,0,0,0,0,0,0,0,0,0,0.000821693,0,0,0,0,0,0,0,0,0,0,0,0,0,0,0,0,0,0.00246508,0,0,0,0,0.00328677,0,0.00410846,0.00986031,0,0,0,0,0,0,0,0,0,0.594084,0.0180772,0,0.0180772,0,0.0123254,0.0345111,0,0,0.00328677,0,0.0230074,0,0,0.00164339,0,0.0788825,0,0,0.0944947,0.0287592,0,0.00821693,0.0172555,0.0345111,0,0,0,0.0123254,0,0,0,0,0,0,0,0,0,0,0,0,0,0,0,0,0,0,0,0,0
37550,0,0,0,0,0,0,0,0,0,0,0,0,0,0,0,0,0,0,0,0,0,0,0,0,0,0,0,0,0.000745156,0,0,0,0,0,0,0,0.000745156,0.00372578,0,0,0.000745156,0,0,0.00670641,0,0,0,0.000745156,0,0,0.586438,0.0119225,0,0.0134128,0,0.00372578,0.0223547,0,0,0.000745156,0.00298063,0.00894188,0.00670641,0,0,0.00447094,0.04769,0,0,0.175112,0.0350224,0,0.0268256,0.0104322,0.0290611,0,0,0,0.000745156,0,0,0,0,0,0,0,0,0,0,0,0,0,0,0,0,0,0,0,0,0
37600,0,0,0,0,0,0,0,0,0,0,0,0,0,0,0,0,0,0,0,0,0,0,0,0,0,0,0,0,0.000812348,0,0,0,0,0,0,0,0.00406174,0.00731113,0,0,0,0,0,0,0,0,0.0016247,0.0154346,0,0,0.47766,0.0194963,0,0.0113729,0,0,0.00324939,0,0.00406174,0.0016247,0.000812348,0,0.00974817,0,0,0.00324939,0.0625508,0.000812348,0,0.182778,0.0544273,0,0.0609261,0.0259951,0.0381803,0,0,0,0.0138099,0,0,0,0,0,0,0,0,0,0,0,0,0,0,0,0,0,0,0,0,0
37650,0,0,0,0,0,0,0,0,0,0,0,0,0,0,0,0,0,0,0,0,0,0,0,0,0,0,0,0,0.000865052,0,0,0,0,0,0,0,0.00778547,0,0,0.00519031,0.000865052,0.0017301,0,0,0,0,0.000865052,0,0,0,0.493945,0.0302768,0,0.0121107,0,0.0017301,0.00259516,0,0,0.00605536,0.000865052,0.0017301,0.00778547,0,0,0.0017301,0.0761246,0.00346021,0,0.138408,0.0640138,0,0.0960208,0.00865052,0.0346021,0,0,0,0.00259516,0,0,0,0,0,0,0,0,0,0,0,0,0,0,0,0,0,0,0,0,0
37700,0,0,0,0,0,0,0,0,0,0,0,0,0,0,0,0,0,0,0,0,0,0,0,0,0,0,0,0,0,0,0,0,0,0,0,0,0.00549954,0,0,0.0174152,0,0.00183318,0,0,0.00274977,0.00091659,0.00183318,0.00183318,0.00549954,0,0.544455,0.0375802,0,0.0174152,0,0.00733272,0.00549954,0.0146654,0,0.00641613,0,0.00458295,0.00549954,0,0,0.00733272,0.0247479,0,0,0.131989,0.0696609,0,0.0494959,0.00458295,0.0265811,0,0,0,0.00458295,0,0,0,0,0,0,0,0,0,0,0,0,0,0,0,0,0,0,0,0,0
37750,0,0,0,0,0,0,0,0,0,0,0,0,0,0,0,0,0,0,0,0,0,0,0,0,0,0,0,0,0,0,0,0.00317797,0,0,0,0,0.00105932,0,0,0.0201271,0,0,0,0,0.0222458,0.00635593,0.00635593,0.00105932,0,0,0.558263,0.0582627,0,0.0148305,0,0,0,0.0116525,0,0.0127119,0,0.00211864,0.00741525,0,0,0.00741525,0.0169492,0,0,0.0667373,0.0466102,0,0.0286017,0.0233051,0.0614407,0,0,0,0.0233051,0,0,0,0,0,0,0,0,0,0,0,0,0,0,0,0,0,0,0,0,0
37800,0,0,0,0,0,0,0,0,0,0,0,0,0,0,0,0,0,0,0,0,0,0,0,0,0,0,0,0,0,0,0,0,0.00197433,0,0,0,0,0,0,0.011846,0,0,0,0,0,0.00789733,0.0197433,0,0,0,0.467917,0.0266535,0,0.00691017,0,0.0157947,0.000987167,0.0602172,0,0.0424482,0.00394867,0,0,0.000987167,0,0,0.0197433,0,0,0.076999,0.0572557,0,0.0157947,0.041461,0.0621915,0,0,0,0.05923,0,0,0,0,0,0,0,0,0,0,0,0,0,0,0,0,0,0,0,0,0
37850,0,0,0,0,0,0,0,0,0,0,0,0,0,0,0,0,0,0,0,0,0,0,0,0,0,0,0,0,0,0,0,0,0.00481928,0,0,0,0,0,0,0.00361446,0.00240964,0,0,0,0,0.0168675,0.00120482,0.0349398,0,0,0.415663,0.00240964,0,0.00361446,0,0.00361446,0.00361446,0.046988,0,0.0927711,0.00481928,0.00120482,0,0,0,0.00361446,0.026506,0,0,0.221687,0.0373494,0,0,0.053012,0.0156627,0,0,0,0.00361446,0,0,0,0,0,0,0,0,0,0,0,0,0,0,0,0,0,0,0,0,0
37900,0,0,0,0,0,0,0,0,0,0,0,0,0,0,0,0,0,0,0,0,0,0,0,0,0,0,0,0,0,0,0,0,0,0,0,0,0,0,0,0.00589623,0.00235849,0,0,0,0,0.0129717,0,0.0176887,0,0,0.456368,0.00235849,0,0.00117925,0.00471698,0.0153302,0,0.0330189,0,0.0518868,0,0,0,0,0,0,0.0801887,0,0,0.247642,0.0459906,0,0,0.0212264,0.00117925,0,0,0,0,0,0,0,0,0,0,0,0,0,0,0,0,0,0,0,0,0,0,0,0,0
37950,0,0,0,0,0,0,0,0,0,0,0,0,0,0,0,0,0,0,0,0,0,0,0,0,0,0,0,0,0,0,0,0,0,0,0,0,0.000992063,0,0,0.0109127,0,0,0.00297619,0,0,0.0287698,0,0.00198413,0,0,0.415675,0.000992063,0,0.0128968,0.00198413,0.031746,0,0.0376984,0,0.0525794,0,0.00198413,0,0,0,0,0.0744048,0,0,0.215278,0.0823413,0,0,0.0128968,0.00992063,0,0,0,0.00396825,0,0,0,0,0,0,0,0,0,0,0,0,0,0,0,0,0,0,0,0,0
38000,0,0,0,0,0,0,0,0,0,0,0,0,0,0,0,0,0,0,0,0,0,0,0,0,0,0,0,0,0,0,0,0,0.00127877,0,0,0,0,0,0,0.00639386,0,0,0.00127877,0,0.00895141,0.0102302,0,0.0153453,0,0,0.41688,0.00511509,0,0,0,0.011509,0,0.0204604,0,0.0153453,0,0,0,0,0.00767263,0,0.044757,0,0,0.248082,0.118926,0,0,0.0102302,0.0434783,0,0,0,0.00767263,0,0,0.00383632,0,0,0,0,0,0,0,0,0,0,0.00255754,0,0,0,0,0,0,0
38050,0,0,0,0,0,0,0,0,0,0,0,0,0,0,0,0,0,0,0,0,0,0,0,0,0,0,0,0,0,0,0,0,0,0,0,0,0,0,0,0.0018797,0.0037594,0,0,0,0.00093985,0,0,0.0093985,0,0,0.43985,0.00657895,0,0.00281955,0,0.00469925,0,0.0328947,0.00093985,0.0958647,0,0,0,0,0.0385338,0,0.0413534,0,0,0.205827,0.0996241,0,0,0,0.0150376,0,0,0,0,0,0,0,0,0,0,0,0,0,0,0,0,0,0,0,0,0,0,0,0,0
38100,0,0,0,0,0,0,0,0,0,0,0,0,0,0,0,0,0,0,0,0,0,0,0,0,0,0,0,0,0,0,0,0,0,0,0,0,0,0,0,0.0020141,0,0,0,0,0.00100705,0,0,0.0171198,0,0,0.388721,0.0312185,0,0,0,0.0191339,0,0,0,0.0292044,0,0.00704935,0,0.0060423,0.0261833,0,0.0986908,0,0,0.229607,0.0745217,0,0.0231621,0.0271903,0.0181269,0,0,0,0.00100705,0,0,0,0,0,0,0,0,0,0,0,0,0,0,0,0,0,0,0,0,0
38150,0,0,0,0,0,0,0,0,0,0,0,0,0,0,0,0,0,0,0,0,0,0,0,0,0,0,0,0,0,0,0,0,0.00217155,0,0,0,0.00217155,0,0,0,0,0.00217155,0,0,0,0,0.00977199,0.0119435,0,0,0.351792,0.00325733,0,0.00217155,0,0.0749186,0,0,0,0.0564604,0,0.00217155,0,0.00434311,0.0260586,0.00217155,0.0521173,0,0,0.197611,0.0933768,0,0.0477742,0.0184582,0.0271444,0,0,0,0.0119435,0,0,0,0,0,0,0,0,0,0,0,0,0,0,0,0,0,0,0,0,0
38200,0,0,0,0,0,0,0,0,0,0,0,0,0,0,0,0,0,0,0,0,0,0,0,0,0,0,0,0,0,0,0,0,0.00904977,0,0,0,0.00271493,0,0,0,0,0,0,0,0,0,0.0171946,0.00995475,0.00271493,0,0.365611,0,0,0,0,0.038009,0,0,0,0.0316742,0,0.00633484,0,0.00361991,0.00542986,0,0.0515837,0,0,0.175566,0.0434389,0,0.0515837,0.00633484,0.0497738,0.00542986,0,0,0.123982,0,0,0,0,0,0,0,0,0,0,0,0,0,0,0,0,0,0,0,0,0
38250,0,0,0,0,0,0,0,0,0,0,0,0,0,0,0,0,0,0,0,0,0,0,0,0,0,0,0,0,0,0,0,0,0.004363,0,0,0,0,0,0,0,0.0026178,0,0,0,0,0.004363,0.0017452,0,0,0,0.39267,0.0017452,0.0017452,0,0,0.0226876,0,0.0052356,0.0078534,0.0575916,0,0,0,0.0191972,0.0314136,0,0.069808,0,0,0.15096,0.0279232,0,0.0270506,0.0061082,0.0078534,0,0,0,0.157068,0,0,0,0,0,0,0,0,0,0,0,0,0,0,0,0,0,0,0,0,0
38300,0,0,0,0,0,0,0,0,0,0,0,0,0,0,0,0,0,0,0,0,0,0,0,0,0,0,0,0,0,0,0,0,0,0,0,0,0,0.0102564,0,0,0.00717949,0,0.00512821,0.00205128,0,0.0102564,0.00923077,0,0,0,0.428718,0,0,0,0,0.0246154,0,0,0,0.0574359,0,0,0,0.0153846,0.00820513,0,0.0635897,0,0,0.191795,0.0174359,0,0.0194872,0.00205128,0.0102564,0,0,0,0.116923,0,0,0,0,0,0,0,0,0,0,0,0,0,0,0,0,0,0,0,0,0
38350,0,0,0,0,0,0,0,0,0,0,0,0,0,0,0,0,0,0,0,0,0,0,0,0,0,0,0,0,0.00201816,0,0,0,0,0,0,0,0,0.012109,0,0.00504541,0.037336,0,0.00504541,0.00201816,0,0.00605449,0.012109,0,0,0,0.388496,0,0,0.0131181,0,0.0302725,0,0,0,0.0504541,0,0,0,0.00100908,0.00605449,0,0.100908,0,0,0.180626,0.00605449,0,0.0454087,0.00201816,0.00100908,0,0,0,0.0928355,0,0,0,0,0,0,0,0,0,0,0,0,0,0,0,0,0,0,0,0,0
38400,0,0,0,0,0,0,0,0,0,0,0,0,0,0,0,0,0,0,0,0,0,0,0,0,0,0,0,0,0,0,0,0,0.00976139,0,0,0,0,0,0,0.0032538,0.00650759,0,0,0,0.0021692,0.010846,0.00867679,0,0,0,0.326464,0,0.00650759,0.0195228,0,0.032538,0,0,0,0.0672451,0,0,0.0130152,0,0.00433839,0,0.103037,0,0,0.167028,0.0151844,0,0.0466377,0.00542299,0.0021692,0,0,0,0.149675,0,0,0,0,0,0,0,0,0,0,0,0,0,0,0,0,0,0,0,0,0
38450,0,0,0,0,0,0,0,0,0,0,0,0,0,0,0,0,0,0,0,0,0,0,0,0,0,0,0,0,0,0,0,0,0.000969932,0,0,0,0.000969932,0,0,0,0.00193986,0,0,0,0.0184287,0.00678952,0.00775946,0,0.000969932,0,0.371484,0,0,0.0164888,0,0.0320078,0,0,0,0.0611057,0,0,0.00775946,0.00484966,0,0,0.0436469,0,0,0.178468,0.0310378,0,0.0678952,0.013579,0.00872939,0,0,0,0.125121,0,0,0,0,0,0,0,0,0,0,0,0,0,0,0,0,0,0,0,0,0
38500,0,0,0,0,0,0,0,0,0,0,0,0,0,0,0,0,0,0,0,0,0.00201613,0,0,0,0,0,0,0,0,0,0,0,0,0,0,0,0,0,0,0,0,0,0,0,0.00403226,0.0241935,0.00201613,0,0,0,0.363911,0,0,0.0131048,0,0.0171371,0,0,0,0.0292339,0,0.00403226,0.00504032,0.00201613,0,0,0.0836694,0,0,0.158266,0.115927,0,0.0685484,0.015121,0.0120968,0,0,0,0.0796371,0,0,0,0,0,0,0,0,0,0,0,0,0,0,0,0,0,0,0,0,0
38550,0,0,0,0,0,0,0,0,0,0,0,0,0,0,0,0,0,0,0,0,0,0,0,0,0,0,0,0,0,0,0,0,0.00638298,0,0,0,0,0,0,0,0,0,0,0,0,0.00425532,0.00319149,0,0,0,0.361702,0.00319149,0,0.0106383,0,0.0531915,0,0.00106383,0.00106383,0.0202128,0,0.00425532,0,0,0,0,0.0840426,0,0,0.130851,0.0914894,0,0.087234,0.0659574,0.0287234,0,0,0,0.0425532,0,0,0,0,0,0,0,0,0,0,0,0,0,0,0,0,0,0,0,0,0
38600,0,0,0,0,0,0,0,0,0,0,0,0,0,0,0,0,0,0,0,0,0,0,0,0,0,0,0,0,0,0,0,0,0,0,0,0,0.00358102,0,0,0,0,0,0,0,0,0.00179051,0.00268577,0,0,0,0.35094,0.0161146,0,0.00984781,0,0.0277529,0,0.0116383,0,0.0080573,0,0,0,0,0,0.00179051,0.0975828,0,0,0.13966,0.0993733,0,0.0528201,0.128021,0.0196956,0,0,0,0.0286482,0,0,0,0,0,0,0,0,0,0,0,0,0,0,0,0,0,0,0,0,0
38650,0,0,0,0,0,0,0,0,0,0,0,0,0,0,0,0,0,0,0,0,0,0,0,0,0,0,0,0,0,0,0,0,0,0,0,0,0.00923594,0,0,0,0.00419815,0.00587741,0,0,0,0,0.00419815,0,0,0,0.329135,0.0109152,0,0.00167926,0,0.0209908,0,0.0335852,0,0.0277078,0,0,0.00167926,0,0.000839631,0,0.141898,0,0,0.164568,0.0419815,0,0.031906,0.107473,0.0344249,0,0,0,0.0277078,0,0,0,0,0,0,0,0,0,0,0,0,0,0,0,0,0,0,0,0,0
38700,0,0,0,0,0,0,0,0,0,0,0,0,0,0,0,0,0,0,0,0,0,0,0,0,0,0,0,0,0,0,0,0,0,0,0,0,0.0242014,0,0,0,0,0.000968054,0,0,0,0,0.00290416,0,0.000968054,0,0.396902,0.0290416,0,0.00677638,0,0.0242014,0,0.0425944,0,0.03485,0.00871249,0,0,0,0.00677638,0,0.163601,0,0,0.103582,0.0232333,0,0.0406583,0.0638916,0.0145208,0,0,0,0.0116167,0,0,0,0,0,0,0,0,0,0,0,0,0,0,0,0,0,0,0,0,0
38750,0,0,0,0,0,0,0,0,0,0,0,0,0,0,0,0,0,0,0,0,0,0,0,0,0,0,0,0,0,0,0,0,0,0,0,0,0.00173461,0,0,0,0,0.0104076,0,0,0.00260191,0,0.0182134,0,0.00607112,0,0.294883,0.0251518,0,0.0407632,0,0.0190807,0,0.0503036,0.000867303,0.0407632,0.0277537,0,0.0182134,0,0.00260191,0,0.125759,0,0,0.167389,0.0329575,0,0.028621,0.0433651,0.0320902,0,0,0,0.0104076,0,0,0,0,0,0,0,0,0,0,0,0,0,0,0,0,0,0,0,0,0
38800,0,0,0,0,0,0,0,0,0,0,0,0,0,0,0,0,0,0,0,0,0,0,0,0,0,0,0,0,0,0,0,0,0,0,0,0,0.0026178,0,0,0.0008726,0.0017452,0.0209424,0,0,0.013089,0.0008726,0.0226876,0,0.0061082,0,0.250436,0.0357766,0,0.0287958,0,0.013089,0,0.0497382,0.0061082,0.0226876,0.0340314,0,0.0427574,0,0.0008726,0,0.0767888,0,0,0.0951134,0.0253054,0,0.0924956,0.0340314,0.0907504,0,0,0,0.0314136,0.0008726,0,0,0,0,0,0,0,0,0,0,0,0,0,0,0,0,0,0,0,0
38850,0,0,0,0,0,0,0,0,0,0,0,0,0,0,0,0,0,0,0,0,0,0,0,0,0,0,0,0,0,0,0,0,0.0039557,0,0,0,0,0,0,0.000791139,0,0.0102848,0.000791139,0,0.00158228,0,0.0102848,0,0.00870253,0.00158228,0.268196,0.028481,0,0.0371835,0,0.0166139,0,0.0221519,0.00316456,0.0142405,0.0197785,0,0.0158228,0,0,0,0.0886076,0,0,0.0973101,0.0118671,0,0.096519,0.00791139,0.174051,0,0,0,0.0601266,0,0,0,0,0,0,0,0,0,0,0,0,0,0,0,0,0,0,0,0,0
38900,0,0,0,0,0,0,0,0,0,0,0,0,0,0,0,0,0,0,0,0,0,0,0,0,0,0,0,0,0,0,0,0,0.00639659,0,0,0,0,0,0,0,0,0.00319829,0.0010661,0,0,0,0.0138593,0,0,0,0.410448,0.0383795,0,0.0373134,0,0.00959488,0,0.0298507,0.00319829,0.00746269,0.0319829,0,0.0021322,0.00533049,0.00533049,0,0.0820896,0,0,0.0522388,0.0373134,0,0.0618337,0.0149254,0.0927505,0,0,0,0.0533049,0,0,0,0,0,0,0,0,0,0,0,0,0,0,0,0,0,0,0,0,0
38950,0,0,0,0,0,0,0,0,0,0,0,0,0,0,0,0,0,0,0,0,0,0,0,0,0,0,0,0,0.000972763,0,0,0,0.00291829,0,0,0,0,0,0,0,0.00486381,0,0,0,0,0.00291829,0.0233463,0,0,0.000972763,0.363813,0.0116732,0,0.0272374,0,0.0126459,0,0.0340467,0.00680934,0.0126459,0,0,0.00194553,0.0145914,0.00972763,0,0.138132,0,0,0.0466926,0.0807393,0,0.0700389,0.0214008,0.0603113,0,0,0,0.0515564,0,0,0,0,0,0,0,0,0,0,0,0,0,0,0,0,0,0,0,0,0
39000,0,0,0,0,0,0,0,0,0,0,0,0,0,0,0,0,0,0,0,0.00247934,0,0,0,0,0,0,0,0,0,0,0,0,0.0115702,0,0,0,0,0,0,0,0,0.00247934,0,0,0,0.00247934,0.0338843,0,0.000826446,0.00661157,0.301653,0.00413223,0,0.0471074,0,0.00991736,0,0.0355372,0.00330579,0.0165289,0,0,0,0.0181818,0,0.00247934,0.110744,0.00247934,0,0.0950413,0.0760331,0,0.061157,0.0181818,0.0421488,0,0,0,0.077686,0,0,0,0,0,0,0,0,0.0173554,0,0,0,0,0,0,0,0,0,0,0,0
39050,0,0,0,0,0,0,0,0,0,0,0,0,0,0,0,0,0,0,0,0,0,0,0,0,0,0,0,0,0,0,0,0,0,0,0,0,0,0,0,0,0,0,0,0,0,0.00397614,0.00994036,0,0,0.0178926,0.345924,0.00198807,0,0.0646123,0,0.0417495,0,0.0616302,0,0.0218688,0,0,0,0.0139165,0,0.00198807,0.0725646,0,0,0.105368,0.0198807,0,0.0884692,0.0139165,0.0506958,0,0,0,0.0576541,0,0,0,0,0,0,0,0,0.00596421,0,0,0,0,0,0,0,0,0,0,0,0
39100,0,0,0,0,0,0,0,0,0,0,0,0,0,0,0,0,0,0,0,0,0,0,0,0,0,0,0,0,0,0,0,0,0,0,0,0,0,0.000953289,0,0.00381316,0,0,0,0,0,0.00381316,0.00667302,0.000953289,0.00667302,0.0085796,0.337464,0.000953289,0,0.0123928,0,0.0228789,0,0.00762631,0,0.0123928,0,0.00476644,0,0.000953289,0.00285987,0,0.129647,0,0,0.115348,0.0285987,0,0.142993,0.0266921,0.049571,0,0,0,0.0734032,0,0,0,0,0,0,0,0,0,0,0,0,0,0,0,0,0,0,0,0,0
39150,0,0,0,0,0,0,0,0,0,0,0,0,0,0,0,0,0,0,0,0,0,0,0,0,0,0,0,0,0,0,0,0,0,0,0,0,0,0,0,0,0,0,0.0049554,0,0,0.00099108,0.00792864,0.00198216,0.00297324,0,0.292369,0,0,0.0267592,0,0.0138751,0,0.00297324,0,0.0317146,0,0.0267592,0.00099108,0,0,0,0.134787,0,0,0.143707,0.0218038,0,0.163528,0.0376611,0.0227948,0,0,0,0.061447,0,0,0,0,0,0,0,0,0,0,0,0,0,0,0,0,0,0,0,0,0
39200,0,0,0,0,0,0,0,0,0,0,0,0,0,0,0,0,0,0,0,0,0,0,0,0,0,0,0,0,0,0,0,0,0,0,0,0,0,0,0,0.0020141,0,0,0,0.00100705,0,0,0.00503525,0,0,0,0.35146,0,0,0.0191339,0,0.0352467,0,0.0110775,0.0140987,0.0513595,0,0.0342397,0.00100705,0,0,0,0.0785498,0,0,0.176234,0.0181269,0,0.136959,0.00805639,0.00805639,0,0,0,0.0483384,0,0,0,0,0,0,0,0,0,0,0,0,0,0,0,0,0,0,0,0,0
39250,0,0,0,0,0,0,0,0,0,0,0,0,0,0,0,0,0,0,0,0,0,0,0,0,0,0,0,0,0,0,0,0,0,0,0,0,0.00272727,0,0,0.00363636,0,0,0,0.00363636,0,0,0,0,0,0,0.291818,0,0,0.0254545,0,0.04,0,0.0409091,0.0390909,0.02,0.00272727,0.0363636,0,0,0.00636364,0.00272727,0.0927273,0,0,0.115455,0.0136364,0,0.0772727,0.0263636,0.0209091,0,0,0,0.138182,0,0,0,0,0,0,0,0,0,0,0,0,0,0,0,0,0,0,0,0,0
39300,0,0,0,0,0,0,0,0,0,0,0,0,0,0,0,0,0,0,0,0,0,0,0,0,0,0,0,0,0,0,0,0,0,0,0,0,0.00551978,0,0,0,0,0,0,0.000919963,0,0.00367985,0.00183993,0,0,0,0.306348,0,0,0.00919963,0,0.0469181,0,0.0183993,0.00827967,0.00367985,0.00735971,0.0459982,0,0,0.0441582,0.0183993,0.100276,0,0,0.116835,0.025759,0,0.0643974,0.0193192,0.0570377,0,0,0,0.0956762,0,0,0,0,0,0,0,0,0,0,0,0,0,0,0,0,0,0,0,0,0
39350,0,0,0,0,0,0,0,0,0,0,0,0,0,0,0,0,0,0,0,0,0,0,0,0,0,0,0,0,0,0,0,0,0,0,0,0,0.00171821,0,0,0.000859107,0.000859107,0,0,0,0,0.00343643,0,0,0.00601375,0,0.361684,0.00343643,0,0.0154639,0,0.0429553,0,0.0111684,0.0111684,0,0.00859107,0.0214777,0,0,0.00687285,0.0154639,0.0721649,0,0,0.10567,0.0386598,0,0.0721649,0.0455326,0.108247,0,0.000859107,0,0.0455326,0,0,0,0,0,0,0,0,0,0,0,0,0,0,0,0,0,0,0,0,0
39400,0,0,0,0,0,0,0,0,0,0,0,0,0,0,0,0,0,0,0,0,0,0,0,0,0,0,0,0,0,0,0,0,0,0,0,0,0.00950441,0,0,0,0.00203666,0,0,0,0,0.0156144,0,0,0.0135777,0,0.29871,0,0,0.01222,0,0.0128988,0,0.00746775,0,0.000678887,0,0.0244399,0,0,0.0142566,0.00678887,0.124236,0,0,0.122878,0.0509165,0,0.0943652,0.0454854,0.0563476,0,0,0,0.0875764,0,0,0,0,0,0,0,0,0,0,0,0,0,0,0,0,0,0,0,0,0
39450,0,0,0,0,0,0,0,0,0,0,0,0,0,0,0,0,0,0,0,0,0,0,0,0,0,0,0,0,0,0,0,0,0,0,0,0,0.00203459,0,0,0,0.00813835,0,0,0,0,0.00508647,0.00101729,0,0.00813835,0,0.347915,0,0,0.0132248,0,0.00915565,0,0,0.00712106,0.00406918,0,0.0132248,0,0,0.0152594,0,0.14649,0,0,0.120041,0.0417091,0,0.106816,0.0122075,0.051882,0,0,0,0.0854527,0,0.00101729,0,0,0,0,0,0,0,0,0,0,0,0,0,0,0,0,0,0,0
39500,0,0,0,0,0,0,0,0,0,0,0,0,0,0,0,0,0,0,0,0,0,0,0,0,0,0,0,0,0,0,0,0,0.000896861,0,0,0,0.0044843,0,0,0.00269058,0,0,0,0,0,0,0,0.000896861,0,0,0.396413,0.00179372,0,0.00986547,0,0.0502242,0,0.00179372,0.00269058,0.00986547,0,0.00538117,0,0,0,0,0.121973,0,0,0.0636771,0.0529148,0,0.130045,0.0152466,0.0690583,0,0,0,0.0600897,0,0,0,0,0,0,0,0,0,0,0,0,0,0,0,0,0,0,0,0,0
39550,0,0,0,0,0,0,0,0,0,0,0,0,0,0,0,0,0,0,0,0,0,0,0,0,0,0,0,0,0,0,0,0,0,0,0,0,0.00258176,0,0,0,0,0.000860585,0,0,0,0,0,0.00344234,0.00172117,0,0.351979,0.00172117,0,0.0473322,0,0.0266781,0,0.0060241,0.00344234,0.0215146,0,0.0111876,0.000860585,0,0,0.010327,0.179002,0,0,0.035284,0.0903614,0,0.0447504,0.0154905,0.0645439,0,0,0,0.080895,0,0,0,0,0,0,0,0,0,0,0,0,0,0,0,0,0,0,0,0,0
39600,0,0,0,0,0,0,0,0,0,0,0,0,0,0,0,0,0,0,0,0,0,0,0,0,0,0,0,0,0,0,0,0,0,0,0,0,0.00195822,0,0,0,0,0,0,0.00261097,0,0,0,0.00848564,0.0189295,0,0.303525,0.00522193,0,0.0156658,0,0.0182768,0,0.00261097,0,0.0417755,0,0.0424282,0.0261097,0,0,0.00587467,0.16188,0,0,0.0411227,0.10248,0,0.0652742,0.0110966,0.0424282,0,0,0,0.0822454,0,0,0,0,0,0,0,0,0,0,0,0,0,0,0,0,0,0,0,0,0
39650,0,0,0,0,0,0,0,0,0,0,0,0,0,0,0,0,0,0,0,0,0,0,0,0.00199071,0,0,0,0,0,0,0,0,0,0,0,0,0.00530856,0,0,0,0,0,0,0.01858,0,0,0,0,0.0165893,0,0.319177,0.00199071,0,0.00597213,0,0.0252157,0,0.00066357,0.00729927,0.0424685,0,0.00331785,0.0285335,0,0.00265428,0.0112807,0.151294,0,0,0.0856005,0.0424685,0,0.0557399,0.0152621,0.0391506,0,0,0,0.119443,0,0,0,0,0,0,0,0,0,0,0,0,0,0,0,0,0,0,0,0,0
39700,0,0,0,0,0,0,0,0,0,0,0,0,0,0,0,0,0,0,0,0,0,0,0,0,0,0,0,0,0,0,0,0,0,0,0,0,0.0130548,0,0,0,0.00130548,0,0.000652742,0.00391645,0,0,0,0,0.00848564,0,0.332245,0.00587467,0,0.0130548,0,0.00652742,0,0,0.00130548,0.0489556,0,0,0.0345953,0,0.00326371,0.0267624,0.0835509,0,0,0.0613577,0.060705,0,0.101828,0.0254569,0.0274151,0,0,0,0.139687,0,0,0,0,0,0,0,0,0,0,0,0,0,0,0,0,0,0,0,0,0
39750,0,0,0,0,0,0,0,0,0,0,0,0,0,0,0,0,0,0,0,0,0,0,0,0,0,0,0,0,0,0,0,0,0.000568828,0,0,0,0,0,0,0,0.00113766,0,0,0.00625711,0,0,0,0,0.00511945,0,0.282139,0.00796359,0,0.00341297,0,0.00341297,0,0.000568828,0.00511945,0.013083,0,0,0.0182025,0,0.0381115,0.0250284,0.107509,0,0,0.0830489,0.0255973,0,0.114903,0.0261661,0.0381115,0,0,0,0.194539,0,0,0,0,0,0,0,0,0,0,0,0,0,0,0,0,0,0,0,0,0
39800,0,0,0,0,0,0,0,0,0,0,0,0,0,0,0,0,0,0,0,0,0,0,0,0,0,0,0,0,0,0,0,0,0.00193924,0,0,0,0,0,0,0,0.010989,0,0,0.000646412,0,0.00129282,0,0,0.00193924,0,0.288946,0.00646412,0,0.0103426,0,0.00387847,0,0,0.00258565,0.0232708,0,0,0.0161603,0,0.0200388,0.0206852,0.142857,0,0,0.0491273,0.0510666,0,0.159664,0.0226244,0.0659341,0,0,0,0.0995475,0,0,0,0,0,0,0,0,0,0,0,0,0,0,0,0,0,0,0,0,0
39850,0,0,0,0,0,0,0,0,0,0,0,0,0,0,0,0,0,0,0,0,0,0,0,0,0,0,0,0,0,0,0,0,0,0,0,0,0.000821018,0,0,0.00164204,0,0,0,0,0,0.00574713,0,0,0,0,0.302135,0.00656814,0,0.00985222,0,0,0,0,0,0.0254516,0,0,0.0106732,0,0.0213465,0.0164204,0.142857,0,0,0.0771757,0.0402299,0,0.110837,0.0862069,0.089491,0,0,0,0.0525452,0,0,0,0,0,0,0,0,0,0,0,0,0,0,0,0,0,0,0,0,0
39900,0,0,0,0,0,0,0,0,0,0,0,0,0,0,0,0,0,0,0,0,0,0,0,0,0,0,0,0,0,0,0,0,0,0,0,0,0.0023511,0,0,0.000783699,0,0,0,0,0,0.000783699,0.0031348,0,0,0,0.358934,0.0109718,0,0.00470219,0,0,0,0,0.0015674,0.0462382,0,0,0.0133229,0.000783699,0.00783699,0.0219436,0.13558,0,0,0.0768025,0.0360502,0,0.101097,0.0141066,0.0971787,0,0,0,0.0658307,0,0,0,0,0,0,0,0,0,0,0,0,0,0,0,0,0,0,0,0,0
39950,0,0,0,0,0,0,0,0,0,0,0,0,0,0,0,0,0,0,0,0,0,0,0,0,0,0,0,0,0,0,0,0,0,0,0,0,0.00211119,0,0,0.00140746,0,0,0,0.00070373,0,0,0.00914849,0,0.00562984,0,0.294159,0.0126671,0.00211119,0.00070373,0,0.00070373,0,0.00211119,0.00633357,0.0330753,0,0,0.0161858,0,0.0105559,0.0133709,0.116819,0,0,0.139338,0.0351865,0.00070373,0.108374,0.0133709,0.0767065,0,0,0,0.0985222,0,0,0,0,0,0,0,0,0,0,0,0,0,0,0,0,0,0,0,0,0
40000,0,0,0,0,0,0,0,0,0,0,0,0,0,0,0,0,0,0,0,0,0,0,0,0,0,0,0,0,0,0,0,0,0,0,0,0,0.00211566,0,0,0.00282087,0,0,0,0,0,0,0.0155148,0,0,0,0.361777,0.0401975,0,0,0,0,0,0.00634697,0.0373766,0.0239774,0,0,0.0077574,0,0.0204513,0.00141044,0.145275,0,0,0.067701,0.0119887,0.00423131,0.0726375,0.0141044,0.0726375,0,0,0,0.0881523,0,0,0,0,0,0,0,0,0,0,0,0,0,0,0,0,0,0,0.00352609,0,0
40050,0,0,0,0,0,0,0,0,0,0,0,0,0,0,0,0,0,0,0,0,0,0,0,0,0,0,0,0,0,0,0,0,0,0,0,0,0,0,0,0,0,0,0,0,0,0,0.0243711,0,0,0,0.308176,0.0117925,0,0.00471698,0,0.00314465,0,0.0125786,0.0125786,0.052673,0,0,0.0133648,0,0.00707547,0.000786164,0.124214,0,0,0.107704,0.0086478,0.0180818,0.0786164,0.0188679,0.0424528,0,0,0,0.136792,0,0,0,0,0,0,0,0,0,0,0,0,0,0,0,0,0,0,0.0133648,0,0
40100,0,0,0,0,0,0,0,0,0,0,0,0,0,0,0,0,0,0,0,0,0,0,0,0,0,0,0,0,0,0,0,0,0,0,0,0,0,0,0,0,0,0,0,0,0,0,0.00635425,0.00238284,0,0,0.308975,0.0182685,0,0.0135028,0,0.00714853,0,0.00158856,0,0.0555997,0,0,0.00873709,0,0.0158856,0,0.104845,0,0,0.0770453,0.0103257,0.0349484,0.117554,0.0413026,0.0754567,0,0,0,0.0857824,0,0,0.000794281,0,0,0,0,0,0,0,0,0,0,0,0,0,0,0,0.0135028,0,0
40150,0,0,0,0,0,0,0,0,0,0,0,0,0,0,0,0,0,0,0,0,0,0,0,0,0,0,0,0,0,0,0,0,0,0,0,0,0.00187793,0,0,0.0028169,0.00187793,0,0,0,0,0,0,0,0,0,0.398122,0.0122066,0,0.0234742,0,0.00469484,0,0,0.0056338,0.0488263,0.00187793,0,0.0140845,0,0.0225352,0,0.112676,0,0,0.0798122,0.028169,0.0103286,0.0657277,0.029108,0.0760563,0,0,0.000938967,0.0516432,0,0,0,0,0,0,0,0,0,0,0,0,0,0,0,0,0,0,0.00751174,0,0
40200,0,0,0,0,0,0,0,0,0,0,0,0,0,0,0,0,0,0,0,0,0,0,0,0,0,0,0,0,0,0,0,0,0,0,0,0,0.00456204,0,0,0,0,0,0,0,0,0,0,0,0,0,0.417883,0.00729927,0,0.00547445,0,0,0,0.000912409,0.00912409,0.044708,0,0.0127737,0.00729927,0,0.0428832,0,0.0593066,0,0,0.0611314,0.0383212,0.0100365,0.129562,0.0273723,0.040146,0,0,0,0.0611314,0,0,0,0,0,0,0,0,0,0,0,0,0,0,0,0,0,0,0.020073,0,0
40250,0,0,0,0,0,0,0,0,0,0,0,0,0,0,0,0,0,0,0,0,0,0,0,0,0,0,0,0,0,0,0,0,0.0193089,0,0,0,0,0,0,0,0,0,0,0,0,0,0,0,0,0,0.489837,0,0,0,0.00101626,0,0,0,0.0121951,0.0152439,0,0.0619919,0.00406504,0,0.0335366,0,0.0558943,0,0,0.0396341,0.0386179,0.00813008,0.070122,0.0416667,0.0254065,0,0,0,0.0599593,0,0,0,0,0,0,0,0,0,0,0,0,0,0,0,0,0,0,0.023374,0,0
40300,0,0,0,0,0,0,0,0,0,0,0,0,0,0,0,0,0,0,0,0,0,0,0,0,0,0,0,0,0,0,0,0,0.00756757,0,0,0,0.00540541,0,0,0.00108108,0.00216216,0.00324324,0,0,0,0,0.00432432,0,0.00108108,0,0.504865,0,0.00756757,0,0,0,0.00540541,0.00216216,0.00972973,0.0281081,0.00108108,0.00108108,0.00108108,0,0.0313514,0,0.0832432,0,0,0.0518919,0.0324324,0.012973,0.0356757,0.0140541,0.0432432,0,0.00108108,0,0.0897297,0,0,0,0,0,0,0,0,0,0,0,0,0,0,0,0,0,0,0.0183784,0,0
40350,0,0,0,0,0,0,0,0,0,0,0,0,0,0,0,0,0,0,0,0,0,0,0,0,0,0,0,0,0,0,0,0,0.00098912,0,0,0,0.0049456,0,0,0.00890208,0,0.00098912,0,0,0,0,0,0,0.00296736,0,0.424332,0.00098912,0.00692384,0.00098912,0,0,0.00098912,0.00197824,0.0118694,0.0098912,0,0.0138477,0.00791296,0.00197824,0.0306627,0.00197824,0.0820969,0,0,0.0534125,0.0336301,0.00197824,0.0316518,0.0385757,0.0702275,0,0,0,0.117705,0,0,0,0,0,0,0,0,0,0,0,0,0,0,0,0,0,0,0.0375865,0,0
40400,0,0,0,0,0,0,0,0,0,0,0,0,0,0,0,0,0,0,0,0,0,0,0,0,0,0,0,0,0,0,0,0,0,0,0,0,0.00150038,0,0,0,0.00150038,0,0,0,0,0.000750188,0,0,0.000750188,0,0.442611,0.00150038,0.00225056,0,0.000750188,0,0,0.000750188,0.00675169,0.00375094,0.000750188,0.0127532,0.00450113,0,0.00150038,0.0105026,0.0870218,0,0,0.0690173,0.024006,0.00225056,0.0382596,0.0292573,0.0967742,0,0,0,0.123031,0,0,0,0,0,0,0.000750188,0,0,0,0,0,0,0,0,0,0,0,0.0367592,0,0
40450,0,0,0,0,0,0,0,0,0,0,0,0,0,0,0,0,0,0,0,0,0,0,0,0,0,0,0,0,0,0,0,0,0,0,0,0,0.0161043,0,0,0,0,0,0,0,0,0,0,0,0,0,0.384969,0.00920245,0.00383436,0,0.00230061,0,0,0,0.00766871,0.0138037,0,0.00996933,0.000766871,0,0.0207055,0.00843558,0.102761,0,0,0.117331,0.0544479,0,0.0498466,0.0153374,0.0406442,0.000766871,0.000766871,0,0.119632,0,0,0,0,0,0,0,0,0,0,0,0,0,0,0,0,0,0,0.0207055,0,0
40500,0,0,0,0,0,0,0,0,0,0,0,0,0,0,0,0,0,0,0,0,0,0,0,0,0,0,0,0,0,0,0,0,0.00190476,0,0,0.00444444,0.0101587,0,0,0,0,0,0,0,0,0,0.00571429,0,0,0,0.399365,0.00634921,0,0.00444444,0.00888889,0.00190476,0.000634921,0,0.00126984,0.0133333,0,0.0139683,0,0,0.00634921,0.0171429,0.129524,0,0,0.0888889,0.0596825,0,0.0463492,0.015873,0.0190476,0,0.000634921,0,0.123175,0,0,0,0,0,0,0,0,0,0,0,0,0,0,0,0,0,0,0.0152381,0,0.00571429
40550,0,0,0,0,0,0,0,0,0,0,0,0,0,0,0,0,0,0,0,0,0,0,0,0,0,0,0,0,0,0.000621504,0,0,0.00683654,0,0,0,0.00186451,0,0.000621504,0,0,0,0,0,0,0,0.00186451,0,0,0,0.436917,0.00497203,0,0.0130516,0,0.000621504,0.00745805,0.00310752,0.000621504,0.00559354,0,0.0124301,0,0,0,0.00994406,0.109385,0,0,0.102548,0.083903,0,0.0217526,0.0136731,0.0142946,0,0,0,0.14046,0,0,0,0,0,0,0,0,0,0,0,0,0,0,0,0,0,0,0.00559354,0,0.00186451
40600,0,0,0,0,0,0,0,0,0,0,0,0,0,0,0,0,0,0,0,0,0,0,0,0,0,0,0,0,0,0,0,0,0.00859599,0,0,0,0.00143266,0,0.002149,0,0,0,0,0,0,0,0.002149,0,0,0,0.395415,0.010745,0.002149,0.010745,0,0.00143266,0,0.000716332,0,0.00573066,0,0.0136103,0,0,0.000716332,0.0100287,0.118195,0,0,0.105301,0.0823782,0,0.0336676,0.0164756,0.0594556,0,0,0,0.11533,0,0,0,0,0,0,0,0,0,0,0,0,0,0,0,0,0,0,0.00358166,0,0
40650,0,0,0,0,0,0,0,0,0,0,0,0,0,0,0,0,0,0,0,0,0,0,0,0,0,0,0,0,0,0,0,0,0.0134771,0,0,0,0.00808625,0,0.000898473,0,0,0,0,0,0,0,0,0.00179695,0,0,0.356694,0.0197664,0.000898473,0,0,0.0350404,0,0,0,0.000898473,0,0.00359389,0,0,0.00449236,0.0197664,0.15274,0,0,0.113208,0.0637916,0,0.0467206,0.0188679,0.0368374,0,0,0,0.0997305,0,0,0,0,0,0,0,0,0,0,0,0,0,0,0,0,0,0,0.00269542,0,0
40700,0,0,0,0,0,0,0,0,0,0,0,0,0,0,0,0,0,0,0,0,0,0,0,0,0,0,0,0,0,0,0,0,0.0147826,0,0,0,0.00434783,0,0,0.00173913,0,0.0026087,0,0,0.000869565,0.000869565,0.0026087,0.000869565,0,0,0.48,0.00608696,0,0,0,0.0252174,0,0.00347826,0,0.000869565,0,0.00695652,0,0,0.00173913,0.0130435,0.0947826,0,0,0.0817391,0.0417391,0,0.0365217,0.0356522,0.013913,0,0,0,0.128696,0,0,0,0,0,0,0,0,0,0,0,0,0,0,0,0,0,0,0.000869565,0,0
40750,0,0,0,0,0,0,0,0,0,0,0,0,0,0,0,0,0,0,0,0,0,0,0,0,0,0,0,0,0,0,0,0,0.00700389,0,0.00155642,0,0.00389105,0,0.00622568,0,0.00311284,0,0,0,0,0.00233463,0.00700389,0.00233463,0,0,0.432685,0.00466926,0,0.00077821,0,0.0194553,0,0,0,0.00700389,0.00077821,0.0155642,0,0,0,0.0124514,0.0490272,0,0,0.0723735,0.0396887,0,0.0614786,0.0365759,0.0544747,0,0,0,0.15642,0,0,0,0,0,0,0,0,0,0,0,0,0,0,0,0,0,0,0,0,0.00311284
40800,0,0,0,0,0,0,0,0,0,0,0,0,0,0,0,0,0,0,0,0,0,0,0,0,0,0,0,0,0,0,0,0,0.00347947,0,0,0,0.0118302,0,0,0,0,0,0,0,0,0,0.00139179,0.00765484,0,0,0.355602,0.00347947,0,0.0111343,0,0.0139179,0,0.000695894,0,0.00417537,0.00139179,0.0111343,0,0,0,0.00417537,0.0668058,0,0,0.0828114,0.0361865,0.000695894,0.0668058,0.0243563,0.0897704,0,0,0,0.19485,0,0,0,0,0,0,0,0,0,0,0,0,0,0,0,0,0,0,0.00278358,0,0.00487126
40850,0,0,0,0,0,0,0,0,0,0,0,0,0,0,0,0,0,0,0,0,0,0,0,0,0,0,0,0,0,0,0,0,0,0,0,0,0.00789889,0,0.00631912,0,0,0,0,0,0,0,0.00157978,0,0,0,0.364139,0.0165877,0,0.0268562,0,0.0150079,0,0.007109,0.000789889,0.0102686,0,0.00552923,0,0,0,0.000789889,0.0718799,0,0,0.0963665,0.0387046,0.00473934,0.0916272,0.00236967,0.063981,0.00157978,0,0,0.124803,0,0,0,0,0,0,0,0,0,0,0,0,0,0,0,0,0,0,0.00947867,0,0.0315956
40900,0,0,0,0,0,0,0,0,0,0,0,0,0,0,0,0,0,0,0,0,0,0,0,0,0,0,0,0,0,0,0,0,0,0,0,0,0.00872093,0,0.000968992,0,0,0,0,0,0,0.00678295,0.00387597,0.00193798,0,0,0.425388,0.00678295,0,0.0319767,0,0.00581395,0,0.0145349,0.000968992,0.00775194,0,0.00193798,0,0,0.00193798,0.00387597,0.0697674,0,0,0.0426357,0.0339147,0.00387597,0.0988372,0.00484496,0.0591085,0,0,0,0.15407,0,0,0,0,0,0,0,0,0,0,0,0,0,0,0,0,0,0,0.00290698,0,0.00678295
40950,0,0,0,0,0,0,0,0,0,0,0,0,0,0,0,0,0,0,0,0,0,0,0,0,0,0,0,0,0,0,0,0,0,0,0,0,0.00691443,0,0,0,0,0,0,0,0,0,0.00345722,0.00605013,0,0,0.301642,0.000864304,0,0.0224719,0,0.00345722,0,0.00172861,0,0.00345722,0.0164218,0,0,0,0,0.000864304,0.048401,0,0,0.0492653,0.113224,0.00259291,0.113224,0,0.0319793,0,0,0,0.258427,0,0,0,0,0,0,0,0,0,0,0,0,0,0,0,0,0,0,0,0,0.0155575
41000,0,0,0,0,0,0,0,0,0,0,0,0,0,0,0,0,0,0,0,0,0,0,0,0,0,0,0,0,0,0,0,0,0,0,0,0,0.00077101,0,0.00077101,0.0131072,0,0,0,0,0,0,0.00154202,0.0107941,0,0,0.273709,0,0,0.0123362,0,0.0177332,0,0.00154202,0,0.00077101,0.0154202,0,0.00231303,0,0,0,0.0832691,0,0,0.0115652,0.112567,0.00308404,0.0809561,0.00154202,0.074017,0,0,0,0.249036,0.00848111,0,0,0,0,0,0,0,0,0,0,0,0,0.00077101,0,0,0,0,0.00077101,0,0.0231303
41050,0,0,0,0,0,0,0,0,0,0,0,0,0,0,0,0,0,0,0,0,0,0,0,0,0,0,0,0,0,0,0,0,0,0,0,0,0.0105008,0,0.00484653,0.00807754,0.00403877,0,0,0,0,0.00646204,0,0.00323102,0,0,0.214055,0,0,0.0129241,0,0.0452342,0,0.0088853,0,0.00161551,0.00565428,0,0,0,0.00161551,0,0.0848142,0,0,0.0420032,0.135703,0.00969305,0.0799677,0,0.0767367,0,0,0,0.22294,0.00242326,0,0,0,0,0,0,0,0,0,0,0,0,0.00484653,0,0,0,0,0.000807754,0,0.0129241
41100,0,0,0,0,0,0,0,0,0,0,0,0,0,0,0,0,0,0,0,0,0,0,0,0,0,0,0,0,0,0,0,0,0,0,0,0,0.025,0,0.000833333,0.00166667,0,0,0,0,0,0.000833333,0,0,0,0,0.184167,0.0025,0,0.0716667,0,0.0266667,0,0,0,0.00583333,0.0108333,0.0116667,0,0,0.00916667,0,0.0666667,0,0,0.0941667,0.0991667,0.000833333,0.1075,0,0.0675,0,0,0,0.155833,0.01,0,0,0.00166667,0,0,0,0,0.00166667,0,0,0,0,0.00416667,0,0,0,0,0.0233333,0,0.0166667
41150,0,0,0,0,0,0,0,0,0,0,0,0,0,0,0,0,0,0,0,0,0,0,0,0,0,0,0,0,0,0,0,0,0,0,0.00260417,0,0.0190972,0,0,0.00260417,0,0,0,0,0,0,0.000868056,0,0,0,0.21441,0.00434028,0,0.03125,0,0.00868056,0,0.000868056,0,0.0112847,0.0121528,0.015625,0,0,0.00434028,0,0.0373264,0,0,0.0355903,0.12066,0.00520833,0.0842014,0,0.0920139,0,0,0,0.207465,0.0277778,0,0,0.00607639,0,0,0,0,0.00347222,0,0,0,0,0,0,0,0,0,0.046875,0,0.00520833
41200,0,0,0,0,0,0,0,0,0,0,0,0,0,0,0,0,0,0,0,0,0,0,0,0,0,0,0,0,0,0,0,0,0.00253593,0,0.00845309,0.00422654,0.000845309,0,0,0.00338123,0,0,0,0,0,0,0,0.000845309,0,0,0.256974,0,0,0.0625528,0,0.000845309,0,0.00253593,0,0,0.0143702,0.0143702,0,0,0.00760778,0,0.0769231,0,0,0.0625528,0.0693153,0,0.115807,0,0.0803043,0,0,0,0.159763,0.00845309,0,0,0,0,0,0,0,0.00929839,0,0,0,0,0,0,0,0,0,0.0338123,0,0.00422654
41250,0,0,0,0,0,0,0,0,0,0,0,0,0,0,0,0,0,0,0,0,0,0,0,0,0,0,0,0,0,0,0,0,0,0,0.0130187,0,0.0081367,0,0.0187144,0.00244101,0,0,0,0,0,0,0.00976404,0,0,0,0.216436,0.00081367,0,0.0431245,0,0,0,0.00081367,0,0.00325468,0.00732303,0.012205,0,0.00406835,0.0423108,0,0.194467,0,0,0.0227828,0.0602116,0.00650936,0.112286,0,0.0471928,0,0,0,0.131814,0,0,0,0,0,0,0,0,0.0317331,0,0,0,0,0,0,0,0,0,0.0105777,0,0
41300,0,0,0,0,0,0,0,0,0,0,0,0,0,0,0,0,0,0,0,0,0,0,0,0,0,0,0,0,0,0,0,0,0,0,0,0,0.00646088,0,0,0.0186648,0,0,0,0,0,0,0.00502513,0,0,0,0.264896,0.00502513,0,0.0394831,0,0,0,0,0,0.00358938,0.0129218,0.0366116,0,0.000717875,0.034458,0,0.118449,0,0,0.034458,0.0545585,0.0143575,0.0366116,0,0.0811199,0,0,0,0.139986,0,0,0,0,0.000717875,0,0,0,0.0552764,0,0,0,0,0,0,0,0,0,0.0366116,0,0
41350,0,0,0,0,0,0,0,0,0,0,0,0,0,0,0,0,0,0,0,0,0,0,0,0,0,0,0,0,0,0,0,0,0,0,0,0,0.0200803,0,0.00240964,0.015261,0,0,0,0,0,0,0.00803213,0,0.00321285,0,0.26506,0,0,0.0353414,0,0,0,0,0,0.00803213,0.00321285,0.0168675,0,0,0.0497992,0,0.086747,0,0,0.0939759,0.0738956,0.00240964,0.0216867,0,0.0522088,0,0,0,0.140562,0,0,0,0,0,0,0,0,0.0578313,0,0,0,0,0,0.00240964,0,0,0,0.0409639,0,0
41400,0,0,0,0,0,0,0,0,0,0,0,0,0,0,0,0,0,0,0,0,0,0,0,0,0,0,0,0,0,0,0,0,0.00278746,0,0,0,0.0111498,0,0.000696864,0.00139373,0.00487805,0,0,0.000696864,0,0,0.00418118,0,0.00836237,0,0.189547,0,0,0.0355401,0,0,0,0.000696864,0.00348432,0.00278746,0.0355401,0.00766551,0,0,0.0982578,0.0125436,0.0641115,0,0,0.0829268,0.0634146,0.00348432,0.0404181,0,0.0703833,0,0.00209059,0,0.167944,0,0,0,0,0,0,0,0,0.0132404,0,0,0,0,0,0,0,0,0,0.071777,0,0
41450,0,0,0,0,0,0,0,0,0,0,0,0,0,0,0,0,0,0,0,0,0,0,0,0,0,0,0,0,0,0,0,0,0.0120482,0,0,0,0.00468541,0,0.000669344,0.00736278,0.00133869,0,0,0,0,0,0,0,0.00334672,0,0.231593,0,0,0.0274431,0,0,0,0.00267738,0.00468541,0,0.0374833,0.00803213,0,0,0.0394913,0.0187416,0.0542169,0,0,0.0702811,0.0729585,0.00468541,0.060241,0,0.0689424,0,0.0113788,0,0.189424,0,0,0,0,0,0,0,0,0.0167336,0,0,0,0,0,0,0,0,0,0.0515395,0,0
41500,0,0,0,0,0,0,0,0,0,0,0,0,0,0,0,0,0,0,0,0,0,0,0,0,0,0,0,0,0,0,0,0,0.00593668,0,0,0,0.0204485,0.000659631,0.00527704,0.00395778,0,0,0,0,0,0.00263852,0,0,0.00659631,0,0.293536,0,0,0.0369393,0,0,0,0.00461741,0.00461741,0,0.0283641,0.00791557,0,0,0.01781,0.0112137,0.0197889,0,0,0.127968,0.0534301,0.0204485,0.0211082,0,0.0692612,0,0.00593668,0,0.192612,0,0.000659631,0,0,0,0,0,0,0.00527704,0,0,0,0,0,0,0,0,0,0.0329815,0,0
41550,0,0,0,0,0,0,0,0,0,0,0,0,0,0,0,0,0,0,0,0,0,0,0,0,0,0,0,0,0,0,0,0,0.00184049,0,0,0,0.0190184,0,0.00552147,0.000613497,0,0,0,0.00368098,0,0.0208589,0,0,0.0159509,0,0.260736,0,0,0.0429448,0,0,0,0.00245399,0,0.00797546,0.0392638,0.00122699,0.000613497,0,0.0294479,0.0539877,0.0693252,0,0,0.113497,0.0276074,0.00122699,0.0736196,0,0.0668712,0,0,0,0.134356,0,0,0,0,0,0,0,0,0.00245399,0.000613497,0,0,0,0,0,0,0,0,0.00429448,0,0
41600,0,0,0,0,0,0,0,0,0,0,0,0,0,0,0,0,0,0,0,0,0,0,0,0,0,0,0,0,0,0,0,0,0.00069979,0,0,0,0.0146956,0,0.00349895,0.00559832,0,0,0,0.00139958,0,0.0125962,0,0.00209937,0.00629811,0,0.271519,0,0,0.0664801,0,0.00139958,0,0.00139958,0,0,0.0447866,0.00139958,0,0,0.0230931,0.0251924,0.0671798,0,0,0.139258,0.043387,0.00069979,0.0496851,0,0.0671798,0,0,0,0.136459,0,0,0,0,0,0,0,0,0,0,0,0,0,0,0.00069979,0,0,0,0.0111966,0,0.00209937
41650,0,0,0,0,0,0,0,0,0,0,0,0,0,0,0,0,0,0,0,0,0,0,0,0,0,0,0,0,0,0,0,0,0,0,0,0,0.00404585,0,0.000674309,0,0,0,0,0,0,0.017532,0,0.00134862,0.00539447,0,0.224545,0,0,0.0384356,0,0,0,0.00944032,0.00269724,0,0.0161834,0.00472016,0,0,0.0525961,0.0229265,0.0667566,0,0,0.169926,0.0734997,0,0.028321,0,0.0748483,0,0,0,0.18004,0,0,0,0,0,0,0,0,0,0,0,0,0,0,0,0,0,0,0.00606878,0,0
41700,0,0,0,0,0,0,0,0,0,0,0,0,0,0,0,0,0,0,0,0,0,0,0,0,0,0,0,0,0,0,0,0,0.00074184,0,0,0,0.00148368,0,0,0,0,0,0,0,0,0.0148368,0,0.00148368,0.00222552,0,0.284866,0,0,0.0437685,0,0,0,0.018546,0.0103858,0.00593472,0.0170623,0.00445104,0,0,0.0178042,0.0103858,0.112018,0,0,0.160979,0.0578635,0.00816024,0.00519288,0,0.0326409,0,0,0,0.163205,0,0,0,0,0,0,0,0,0,0,0,0,0,0,0,0,0,0,0.0259644,0,0
41750,0,0,0,0,0,0,0,0,0,0,0,0,0,0,0,0,0,0,0,0,0,0,0,0,0,0,0,0,0,0,0,0,0,0,0,0,0.00251256,0,0,0.000628141,0,0,0,0.00125628,0,0.013191,0.00188442,0.000628141,0,0,0.306533,0,0,0.0722362,0,0,0,0,0.0238693,0.0232412,0.0031407,0,0.0031407,0.00125628,0.0207286,0.00188442,0.0621859,0,0,0.110553,0.0753769,0.0238693,0.00690955,0,0.0659548,0,0,0,0.14196,0,0,0,0,0,0,0,0,0,0,0,0.00251256,0,0,0,0,0,0,0.0345477,0,0
41800,0,0,0,0,0,0,0,0,0,0,0,0,0,0,0,0,0,0,0,0,0,0,0,0,0,0,0,0,0,0,0,0,0,0,0,0,0.00171527,0,0,0.00428816,0,0,0.000857633,0,0,0.00600343,0,0.0205832,0,0,0.365352,0,0,0.0180103,0,0.000857633,0,0.000857633,0.0120069,0.0077187,0,0,0,0.0051458,0.0205832,0,0.113208,0,0,0.0711835,0.0626072,0.0317324,0,0,0.0746141,0,0,0,0.121784,0,0,0,0,0,0,0,0,0,0,0,0,0,0,0,0,0,0,0.0608919,0,0
41850,0,0,0,0,0,0,0,0,0,0,0,0,0,0,0,0,0,0,0,0,0,0,0,0,0,0,0,0,0,0,0,0,0,0,0,0,0.0143149,0,0,0.00102249,0,0,0.00511247,0,0,0.00102249,0,0.00817996,0,0,0.262781,0,0,0.0214724,0.00204499,0.00511247,0,0,0.0102249,0.00715746,0,0.00204499,0.00204499,0,0.0214724,0,0.0858896,0,0,0.133947,0.0408998,0.0224949,0,0,0.153374,0,0,0,0.120654,0,0,0,0,0,0.00102249,0,0,0,0,0,0,0,0,0,0,0,0,0.0777096,0,0
41900,0,0,0,0,0,0,0,0,0,0,0,0,0,0,0,0,0,0,0,0,0,0,0,0,0,0,0,0,0,0,0,0.00398406,0.0169323,0,0,0,0.00199203,0,0,0,0,0,0,0,0,0,0,0.00199203,0,0,0.233068,0,0,0.0278884,0,0.000996016,0,0,0.00697211,0.0109562,0,0,0.00498008,0,0.0229084,0,0.109562,0,0,0.217131,0.061753,0.00996016,0.0219124,0,0.0687251,0,0,0,0.14741,0,0,0,0,0,0,0,0,0,0,0,0,0,0,0,0,0,0,0.0308765,0,0
41950,0,0,0,0,0,0,0,0,0,0,0,0,0,0,0,0,0,0,0,0,0,0,0,0,0,0,0,0,0,0,0,0,0.004363,0,0,0,0,0,0,0,0,0,0,0.0104712,0,0.0008726,0,0,0,0,0.208551,0,0,0.0157068,0,0.0061082,0,0.0008726,0.0052356,0.0331588,0.004363,0,0,0,0.017452,0,0.0802792,0,0,0.159686,0.0410122,0.0148342,0.0157068,0,0.101222,0,0,0,0.231239,0,0,0,0,0,0,0,0,0,0,0,0,0,0.0008726,0,0,0,0,0.047993,0,0
42000,0,0,0,0,0,0,0,0,0,0,0,0,0,0,0,0,0,0,0,0,0,0,0,0,0,0,0,0,0,0,0,0,0.00226074,0,0,0,0.00301432,0,0,0,0,0,0,0.00075358,0,0,0,0,0,0,0.213263,0,0,0.0075358,0,0.0120573,0,0.00301432,0.0316503,0.0195931,0.00150716,0,0.00150716,0,0.00979653,0,0.0979653,0,0,0.135644,0.0459683,0.0218538,0.0120573,0,0.0512434,0,0,0,0.207234,0,0,0,0,0,0,0,0,0,0,0,0,0,0,0,0,0,0,0.121326,0,0.00075358
42050,0,0,0,0,0,0,0,0,0,0,0,0,0,0,0,0,0,0,0,0,0,0,0,0,0,0,0,0,0,0,0,0,0,0,0,0,0.0033389,0,0,0,0.000834725,0,0,0,0,0,0,0,0,0,0.27379,0,0,0.015025,0,0.0166945,0,0.00417362,0.00250417,0.0208681,0.00166945,0,0.00166945,0,0.0275459,0,0.0776294,0,0,0.126043,0.0325543,0.0108514,0.0166945,0,0.0742905,0,0,0,0.229549,0,0,0,0,0,0,0,0,0,0,0,0,0,0,0,0,0,0,0.0642738,0,0
42100,0,0,0,0,0,0,0,0,0,0,0,0,0,0,0,0,0,0,0,0,0,0,0,0,0,0,0,0,0,0,0,0,0,0,0,0,0.00424178,0,0,0,0.00212089,0,0,0,0,0,0,0,0,0,0.275716,0,0,0.019088,0,0.00954401,0,0.00636267,0,0.019088,0,0,0.0106045,0,0.0243902,0,0.0593849,0,0,0.152704,0.0699894,0.0106045,0.0328738,0,0.0752916,0,0.00212089,0,0.21527,0,0,0,0,0,0,0,0,0,0,0,0,0,0,0,0,0,0,0.0106045,0,0
42150,0,0,0,0,0,0,0,0,0,0,0,0,0,0,0,0,0,0,0,0,0,0,0,0,0,0,0,0,0,0,0,0,0,0,0,0,0,0,0,0,0.000907441,0,0,0,0,0,0.00272232,0,0,0,0.207804,0.00272232,0,0.0326679,0,0.00453721,0,0.00635209,0.0117967,0.0335753,0.000907441,0,0.0299456,0,0.0317604,0,0.0508167,0,0,0.201452,0.0508167,0.00453721,0.0444646,0,0.0435572,0,0.00362976,0,0.178766,0,0,0,0,0,0,0,0,0,0,0,0,0,0,0,0,0,0,0.0562613,0,0
42200,0,0,0,0,0,0,0,0,0,0,0,0,0,0,0,0,0,0,0,0,0,0,0,0,0,0,0,0,0,0,0,0,0,0,0,0,0,0,0,0,0,0,0,0,0,0,0.00361991,0.000904977,0,0,0.206335,0,0,0.0153846,0,0.00723982,0,0,0.0162896,0.0561086,0,0,0.0180995,0,0.0271493,0,0.128507,0,0,0.200905,0.041629,0.00633484,0.0425339,0,0.0615385,0,0,0,0.146606,0,0,0,0,0,0,0,0,0.00271493,0,0,0,0,0,0,0,0,0,0.0180995,0,0
42250,0,0,0,0,0,0,0,0,0,0,0,0,0,0,0,0,0,0,0,0,0,0,0,0,0,0,0,0,0,0,0,0,0,0,0,0,0.00377715,0,0,0,0,0,0,0,0,0,0.00566572,0,0,0,0.190746,0.00472144,0,0.00377715,0,0.00283286,0,0,0.00566572,0.0576015,0,0,0.00188857,0,0.0160529,0,0.114259,0,0,0.280453,0.0727101,0.0217186,0.0283286,0,0.0387158,0,0,0,0.128423,0,0,0,0,0,0,0,0,0.000944287,0,0,0,0,0,0,0,0,0,0.0217186,0,0
42300,0,0,0,0,0,0,0,0,0,0,0,0,0,0,0,0,0,0,0,0,0,0,0,0,0,0,0,0,0,0.00470367,0,0,0,0,0,0,0.00188147,0,0,0.00188147,0,0,0,0,0,0,0.014111,0,0.000940734,0,0.190969,0.00658514,0,0,0,0.0301035,0,0,0.0056444,0.0357479,0,0,0,0,0.00658514,0,0.0950141,0,0,0.206961,0.11571,0.0216369,0.014111,0,0.0244591,0,0.0056444,0,0.136406,0,0,0,0,0,0,0,0,0,0,0,0,0,0,0,0,0,0,0.0809031,0,0
42350,0,0,0,0,0,0,0,0,0,0,0,0,0,0,0,0,0,0,0,0,0,0,0,0,0,0,0,0,0,0,0,0,0,0,0,0,0.000903342,0,0,0.00180668,0,0,0,0,0,0,0.00993677,0,0.000903342,0,0.232159,0.00722674,0,0,0,0.0180668,0,0,0.0063234,0.0469738,0,0,0.000903342,0,0.0207769,0,0.0930443,0,0,0.168022,0.0912376,0.00271003,0.0668473,0,0.0108401,0,0.000903342,0,0.145438,0,0,0.00271003,0,0,0,0,0,0.00722674,0,0,0,0,0,0,0,0,0,0.0650407,0,0
42400,0,0,0,0,0,0,0,0,0,0,0,0,0,0,0,0,0,0,0,0,0,0,0,0,0,0,0,0,0,0,0,0,0,0,0,0,0.00178891,0,0,0,0,0,0,0,0,0,0.009839,0,0,0,0.259392,0.00805009,0,0,0,0.0125224,0,0.00268336,0.0178891,0.0411449,0,0,0,0,0.00626118,0.000894454,0.132379,0,0,0.177996,0.0572451,0.00178891,0.0250447,0,0.009839,0,0,0,0.155635,0,0,0.0125224,0,0,0,0,0,0,0,0,0,0,0,0,0,0,0,0.0670841,0,0
42450,0,0,0,0,0,0,0,0,0,0,0,0,0,0,0,0,0,0,0,0,0,0,0,0,0,0,0,0,0,0,0,0,0.004995,0,0,0,0.002997,0,0,0,0,0,0.000999001,0,0,0,0.00999001,0,0,0,0.258741,0.012987,0,0,0,0.00999001,0,0,0.017982,0.026973,0,0,0,0,0.026973,0,0.146853,0,0,0.173826,0.034965,0,0.027972,0,0.00699301,0,0,0,0.166833,0,0,0.030969,0,0,0,0,0,0,0,0,0,0,0,0,0,0,0,0.038961,0,0
42500,0,0,0,0,0,0,0,0,0,0,0,0,0,0,0,0,0,0,0,0,0,0,0,0,0,0,0,0,0,0,0,0,0,0,0,0,0,0.00385728,0,0,0,0,0,0,0,0.0096432,0.00867888,0,0,0,0.228544,0.00578592,0,0,0,0.0135005,0,0.0154291,0,0.0376085,0,0,0,0.0183221,0.099325,0,0.102218,0,0,0.111861,0.0655738,0,0.0347155,0,0,0,0,0,0.188042,0,0,0.0125362,0,0,0,0,0,0.00192864,0,0,0,0,0,0,0,0,0,0.0424301,0,0
42550,0,0,0,0,0,0,0,0,0,0,0,0,0,0,0,0,0,0,0,0,0,0,0,0,0,0,0,0,0,0,0,0,0,0,0,0,0,0,0,0,0,0,0,0,0,0.00242522,0.00970089,0,0,0,0.236863,0.0105093,0,0,0,0.0129345,0,0.00323363,0,0.0282943,0.00485044,0,0,0.0250606,0.0347615,0,0.0582053,0,0,0.157639,0.0864996,0,0.0719483,0,0,0,0,0,0.215845,0,0,0.00727567,0,0,0,0,0,0,0,0,0,0,0,0,0,0,0,0.0339531,0,0
42600,0,0,0,0,0,0,0,0,0,0,0,0,0,0,0,0,0,0,0,0,0,0,0,0,0,0,0,0,0,0,0,0,0.000919963,0,0,0,0.00827967,0,0,0.00275989,0,0,0,0.00551978,0,0.00551978,0.0294388,0,0,0,0.24931,0.00459982,0,0,0,0.0137994,0,0.00735971,0.000919963,0.048758,0.00919963,0,0.00459982,0,0.0377185,0,0.0855566,0,0,0.135235,0.0386385,0.00275989,0.0551978,0,0.000919963,0,0,0,0.208832,0,0,0.0294388,0,0,0,0,0,0,0,0,0,0,0,0,0,0,0,0.0147194,0,0
42650,0,0,0,0,0,0,0,0,0,0,0,0,0,0,0,0,0,0,0,0,0,0,0,0,0,0.00175593,0,0,0,0,0,0,0,0,0,0,0.0114135,0,0,0,0.00175593,0,0,0.00438982,0,0.00614574,0.0298507,0,0,0,0.186128,0.00263389,0,0.000877963,0,0.00614574,0,0.022827,0.000877963,0.0509219,0.0201932,0,0.00614574,0,0.0386304,0,0.0254609,0.000877963,0,0.0851624,0.022827,0,0.0965759,0,0.00175593,0,0,0,0.32309,0,0,0.0438982,0,0,0,0,0,0,0,0,0,0,0,0,0,0,0,0.00965759,0,0
42700,0,0,0,0,0,0,0,0,0,0,0,0,0,0,0,0,0,0,0,0,0,0,0,0,0,0,0,0,0,0,0,0,0,0,0,0,0,0,0,0.00178094,0.00267142,0,0,0.00445236,0,0.0062333,0.016919,0.00178094,0.00267142,0,0.192342,0.00267142,0,0.000890472,0,0.0124666,0,0.00979519,0.000890472,0.0329475,0.0062333,0,0.0115761,0,0.0667854,0,0.0293856,0.00178094,0,0.0917186,0.0186999,0,0.0605521,0,0.00712378,0,0,0,0.248442,0,0,0.0952805,0,0,0,0,0,0,0,0,0,0,0,0,0,0,0,0.0739092,0,0
42750,0,0,0,0,0,0,0,0,0,0,0,0,0,0,0,0,0,0,0,0,0,0,0,0,0,0,0,0,0,0,0,0,0,0,0,0,0.00163532,0,0,0,0,0,0,0.0114473,0,0.0122649,0.00327065,0.00408831,0.000817661,0,0.278005,0.00163532,0,0.00327065,0,0.00817661,0,0.00654129,0,0.0417007,0.00327065,0,0.0318888,0,0.0408831,0,0.0621423,0,0,0.0621423,0.00245298,0.0130826,0.0572363,0.000817661,0.0245298,0,0,0,0.242845,0,0,0.0433361,0,0,0,0,0,0,0,0,0,0,0,0,0,0.000817661,0,0.0417007,0,0
42800,0,0,0,0,0,0,0,0,0,0,0,0,0,0,0,0,0,0,0,0,0,0,0,0,0,0,0,0,0,0,0,0,0,0,0,0,0,0,0,0.00598291,0,0,0,0.00683761,0,0.0128205,0,0,0,0,0.235043,0,0,0.0264957,0,0.0102564,0,0.0128205,0,0.0529915,0.00854701,0,0.00683761,0,0.0683761,0,0.0418803,0.000854701,0,0.115385,0.00683761,0.0153846,0.0846154,0,0.0299145,0,0,0,0.180342,0,0,0.00512821,0,0,0,0,0,0,0,0,0,0,0,0,0,0,0,0.0726496,0,0
42850,0,0,0,0,0,0,0,0,0,0,0,0,0,0,0,0,0,0,0,0,0,0,0,0,0,0,0,0,0,0,0,0,0,0,0,0,0,0,0,0.0056872,0.00189573,0,0,0.00379147,0,0.00853081,0,0,0,0,0.222749,0,0,0.0303318,0,0.0274882,0,0.00758294,0,0.0132701,0.00853081,0,0.00853081,0.0104265,0.0625592,0,0.0227488,0,0,0.105213,0.00473934,0.0104265,0.126066,0,0.0303318,0,0,0,0.254028,0,0,0.0113744,0,0,0,0,0,0,0,0,0,0,0,0,0,0,0,0.0236967,0,0
42900,0,0,0,0,0,0,0,0,0,0,0,0,0,0,0,0,0,0,0,0,0,0,0,0,0,0,0,0,0,0,0,0,0,0,0,0,0,0,0,0.00773196,0,0,0,0,0,0.00859107,0.0146048,0,0,0,0.315292,0,0,0.0197595,0,0.0429553,0,0.016323,0,0.0352234,0,0,0.0154639,0.00687285,0.0412371,0,0.0197595,0,0,0.101375,0.0171821,0.00343643,0.0790378,0,0.0206186,0,0.000859107,0,0.182131,0,0,0.0180412,0,0,0,0,0,0,0,0,0,0,0,0,0,0,0,0.0335052,0,0
42950,0,0,0,0,0,0,0,0,0,0,0,0,0,0,0,0,0,0,0,0,0,0,0,0,0,0,0,0,0,0,0,0,0,0.000882613,0,0,0.027361,0,0,0.0070609,0,0,0,0.00529568,0,0.0194175,0.00529568,0,0,0,0.344219,0,0,0.0255958,0,0.0070609,0,0.0229479,0,0.0582524,0,0,0.00882613,0.0070609,0.015887,0,0.0344219,0,0,0.070609,0.0176523,0.0070609,0.0882613,0,0.0123566,0,0,0,0.183583,0,0,0.0141218,0,0,0,0,0,0,0,0,0,0,0,0,0,0,0,0.0167696,0,0
43000,0,0,0,0,0,0,0,0,0,0,0,0,0,0,0,0,0,0,0,0,0,0,0,0,0,0,0,0,0,0,0,0,0,0,0,0,0.00210526,0,0,0.00210526,0,0,0,0.000701754,0,0.0245614,0.00491228,0.00280702,0,0,0.275088,0.000701754,0,0.0259649,0,0.0119298,0,0.00701754,0,0.0610526,0,0,0.0077193,0.0077193,0.0238596,0,0.0112281,0,0,0.0722807,0.0680702,0,0.110877,0,0.0259649,0,0,0,0.230877,0,0,0.00350877,0,0,0,0,0,0,0,0,0,0,0,0,0,0,0,0.0189474,0,0
43050,0,0,0,0,0,0,0,0,0,0,0,0,0,0,0,0,0,0,0,0,0,0,0,0,0,0,0,0,0,0,0,0,0,0,0,0,0.0152,0,0,0.0056,0.0008,0,0,0,0,0.0368,0.0024,0,0,0.0008,0.2728,0,0,0.0168,0,0.004,0,0.0104,0,0.032,0,0,0,0,0.0664,0,0.0176,0,0,0.0744,0.0392,0,0.192,0,0.004,0,0,0,0.1768,0,0,0.0056,0,0,0,0,0,0,0,0,0,0,0,0,0,0,0,0.0264,0,0
43100,0,0,0,0,0,0,0,0,0,0,0,0,0,0,0,0,0,0,0,0,0,0,0,0,0,0,0,0,0,0,0,0,0,0,0,0,0.00314218,0,0,0,0.00235664,0,0,0,0,0.0149254,0,0,0,0,0.285939,0,0,0.00942655,0,0.00392773,0,0.0557738,0.000785546,0.0683425,0,0,0,0,0.0306363,0,0.0463472,0,0,0.108405,0.0597015,0,0.0966222,0.000785546,0.00157109,0,0,0,0.17989,0,0,0.0133543,0,0,0,0,0,0,0,0,0,0,0,0,0,0,0,0.0180676,0,0
43150,0,0,0,0,0,0,0,0,0,0,0,0,0,0,0,0,0,0,0,0,0,0,0,0,0,0,0,0,0,0,0,0,0.00500501,0,0,0,0,0,0,0.001001,0.003003,0,0,0,0,0.021021,0.001001,0,0,0,0.247247,0,0,0.00800801,0,0.012012,0,0.00700701,0,0.00800801,0,0,0,0,0.0600601,0,0.0580581,0,0,0.124124,0.044044,0.002002,0.0760761,0,0,0,0,0,0.298298,0,0,0.015015,0,0,0,0,0,0,0,0,0,0,0,0,0,0,0,0.00900901,0,0
43200,0,0,0,0,0,0,0,0,0,0,0,0,0,0,0,0,0,0,0,0,0,0.00167084,0,0,0,0,0,0,0,0,0,0,0,0,0,0,0,0,0,0.00250627,0,0,0,0,0,0.00417711,0.00584795,0,0.000835422,0,0.263993,0.000835422,0,0,0,0,0,0.00334169,0,0.00334169,0,0,0,0,0.0743525,0,0.0300752,0,0,0.145363,0.0183793,0.00668338,0.0760234,0,0.0150376,0,0,0,0.294904,0,0,0.0334169,0,0,0,0,0,0,0,0,0,0,0,0,0,0,0,0.0183793,0.000835422,0
43250,0,0,0,0,0,0,0,0,0,0,0,0,0,0,0,0,0,0,0,0,0,0,0,0,0,0,0,0,0,0,0,0,0,0,0,0,0,0,0,0.00161943,0,0,0,0.00161943,0,0.00404858,0.00566802,0,0.00323887,0,0.297166,0,0,0,0,0,0,0,0,0.00323887,0,0,0,0,0.0890688,0,0.0275304,0,0,0.0793522,0.0445344,0.0048583,0.0623482,0,0.054251,0,0,0,0.251822,0,0,0.0469636,0,0.00242915,0,0,0.00566802,0,0,0,0,0,0,0,0,0,0,0.0145749,0,0
43300,0,0,0,0,0,0,0,0,0,0,0,0,0,0,0,0,0,0,0,0,0,0,0,0,0,0,0,0,0,0,0,0,0,0,0,0,0.004,0,0,0,0,0,0,0,0,0.004,0.0056,0,0.0024,0,0.252,0,0,0,0,0,0,0.0128,0,0.0104,0,0,0.0008,0,0.0312,0,0.048,0,0,0.0752,0.0736,0.0032,0.0904,0,0.0288,0,0,0,0.2976,0.0008,0,0.0144,0,0.0168,0,0,0.0048,0,0,0,0,0.0008,0,0,0,0,0,0.0224,0,0
43350,0,0,0,0,0,0,0,0,0,0,0,0,0,0,0,0,0,0,0,0,0,0,0,0,0,0,0,0,0,0,0,0,0,0,0,0,0.00644699,0,0,0.000716332,0.00143266,0,0,0,0,0.012894,0.00286533,0,0.000716332,0,0.184814,0,0,0.00143266,0,0,0,0.0286533,0,0.00573066,0,0.000716332,0,0,0.0759312,0,0.0286533,0,0,0.11533,0.0616046,0.00787966,0.116046,0,0.00931232,0,0,0,0.265043,0,0,0.017192,0,0.0164756,0,0,0,0,0,0,0,0,0,0,0,0,0,0.0401146,0,0
43400,0,0,0,0,0,0,0,0,0,0,0,0,0,0,0,0,0,0,0,0,0,0,0,0,0,0,0,0,0,0,0,0,0,0,0,0,0,0,0,0.00198807,0.000662691,0,0,0,0,0.010603,0.00331345,0,0,0,0.17495,0,0,0,0,0,0,0.00861498,0,0.0198807,0.000662691,0,0,0,0.0231942,0,0.0371107,0,0,0.168323,0.139828,0.0404241,0.102717,0,0.00463883,0,0,0,0.2167,0,0,0.0125911,0,0.00463883,0,0,0,0,0,0,0,0,0,0,0,0,0,0.0291584,0,0
43450,0,0,0,0,0,0,0,0,0,0,0,0,0,0,0,0,0,0,0,0,0,0,0,0,0,0,0,0,0,0,0,0,0,0,0,0,0,0,0,0.00144613,0,0,0,0,0,0.0151844,0.00578453,0,0,0,0.137383,0,0,0.00433839,0.000723066,0,0,0.00361533,0,0.0462762,0,0.000723066,0,0,0.00361533,0,0.0173536,0,0,0.112798,0.137383,0.033261,0.166305,0,0.0455531,0,0,0,0.194505,0,0,0.0173536,0,0.00144613,0,0,0,0,0,0,0,0,0,0,0,0,0,0.054953,0,0
43500,0,0,0,0,0,0,0,0,0,0,0,0,0,0,0,0,0,0,0,0,0,0,0,0,0,0,0,0,0,0,0,0,0,0,0,0,0.00158856,0,0,0.00238284,0,0,0,0,0,0.0135028,0.00794281,0,0,0,0.168388,0,0,0.00953137,0,0,0,0.0135028,0,0.0190627,0,0,0,0,0.0103257,0,0.0103257,0,0,0.186656,0.0881652,0.0206513,0.146148,0,0.0206513,0,0,0,0.23193,0,0,0.000794281,0,0,0,0,0,0,0,0,0,0,0,0,0,0,0,0.0484512,0,0
43550,0,0,0,0,0,0,0,0,0,0,0,0,0,0,0,0,0,0,0,0,0,0,0,0,0,0,0,0,0,0,0,0,0,0,0,0,0.0033389,0,0.000834725,0,0.00584307,0,0,0,0,0.0183639,0.00500835,0,0,0,0.161102,0,0,0.00166945,0,0,0,0.0342237,0,0.0158598,0,0,0.00500835,0,0.0358932,0,0.0141903,0,0,0.117696,0.0626043,0,0.0926544,0,0.00417362,0,0,0,0.260434,0,0,0,0,0,0.00417362,0,0,0,0,0,0,0,0,0,0,0.000834725,0,0.15025,0,0.00584307
43600,0,0,0,0,0,0,0,0,0,0,0,0,0,0,0,0,0,0,0,0,0,0,0,0,0,0,0,0,0,0,0,0,0,0,0,0,0.0120706,0,0,0.00835655,0.000928505,0,0,0,0,0.00371402,0.00928505,0,0.00371402,0,0.213556,0,0,0,0,0,0,0.0380687,0,0.0297122,0,0,0.0111421,0,0.0464253,0,0.0612813,0,0,0.0742804,0.0872795,0,0.112349,0,0.00464253,0,0,0,0.196843,0,0,0,0,0,0.00185701,0,0,0,0,0,0,0,0,0,0,0,0,0.084494,0,0
43650,0,0,0,0,0,0,0,0,0,0,0,0,0,0,0,0,0,0,0,0,0,0,0,0,0,0,0,0,0,0,0,0,0,0,0,0,0.0114841,0,0,0,0,0,0,0,0,0.00530035,0,0,0,0,0.225265,0,0,0.00353357,0,0,0,0.0212014,0,0.0123675,0,0.00265018,0.00530035,0,0.0212014,0,0.0335689,0,0,0.0512367,0.0954064,0,0.210247,0,0.00265018,0,0,0,0.212898,0,0,0,0,0,0.00176678,0,0,0,0,0,0,0,0,0,0,0,0,0.0839223,0,0
43700,0,0,0,0,0,0,0,0,0,0,0,0,0,0,0,0,0,0,0,0,0,0,0,0,0,0,0,0,0,0,0,0,0,0,0,0,0.00593472,0,0,0.00098912,0.0108803,0,0,0,0,0.00296736,0.00197824,0,0,0,0.22453,0.00098912,0,0,0,0,0,0.0187933,0.00098912,0.00395648,0,0,0.00692384,0,0.00791296,0,0.0534125,0,0,0.041543,0.0840752,0.00098912,0.228487,0,0.016815,0,0,0,0.225519,0,0,0,0,0,0,0,0,0,0,0,0,0,0,0,0,0,0,0.0623145,0,0
43750,0,0,0,0,0,0,0,0,0,0,0,0,0,0,0,0,0,0,0,0,0,0,0,0,0,0,0,0,0,0,0,0,0,0,0,0,0.0165505,0,0,0.0130662,0.0182927,0,0,0,0,0.00174216,0,0,0,0,0.259582,0,0,0,0,0,0,0.0365854,0,0.00958188,0,0,0.011324,0,0.00696864,0,0.0496516,0.00087108,0,0.0557491,0.0505226,0,0.138502,0,0,0,0,0,0.255226,0,0,0.0043554,0,0.00261324,0,0,0,0,0,0,0,0,0,0,0,0,0,0.0688153,0,0
43800,0,0,0,0,0,0,0,0,0,0,0,0,0,0,0,0,0,0,0,0,0,0,0,0,0,0,0,0,0,0,0,0.00081103,0,0,0,0,0.00648824,0,0,0.00405515,0.0129765,0,0,0.00243309,0,0,0,0,0,0,0.227088,0,0,0,0.00162206,0,0,0.0283861,0,0.027575,0.00973236,0,0.00729927,0,0.0283861,0,0.0884023,0,0,0.0454177,0.0835361,0,0.0908354,0,0,0,0,0,0.272506,0,0,0.00162206,0,0.0178427,0,0,0,0,0,0,0,0,0,0,0,0,0,0.0429846,0,0
43850,0,0,0,0,0,0,0,0,0,0,0,0,0,0,0,0,0,0,0,0,0,0,0,0,0,0,0,0,0,0,0,0,0,0,0,0,0.00158479,0,0,0.00396197,0.0142631,0.000792393,0,0.00158479,0,0.00396197,0.00633914,0,0,0,0.216323,0,0,0,0.00554675,0,0,0.00633914,0.00158479,0.0213946,0,0,0.0134707,0,0.0110935,0,0.100634,0,0,0.0776545,0.0808241,0,0.0713154,0.00158479,0,0,0,0,0.308241,0,0,0.00871632,0,0,0,0,0,0,0,0,0,0,0,0,0,0,0,0.0427892,0,0
43900,0,0,0,0,0,0,0,0,0,0,0,0,0,0,0,0,0,0,0,0,0,0,0,0,0,0,0,0,0,0,0,0,0,0,0,0,0.000804505,0,0,0.00563154,0.00160901,0.000804505,0,0.00241352,0,0,0.00804505,0,0,0,0.202735,0,0,0,0.00884956,0,0,0.00804505,0.000804505,0.0321802,0,0,0.00482703,0.00160901,0.0595334,0,0.0740145,0,0,0.0490748,0.074819,0,0.0683829,0,0,0,0,0,0.330652,0,0,0.0136766,0,0,0,0,0,0,0,0,0,0,0,0,0,0,0,0.0514883,0,0
43950,0,0,0,0,0,0,0,0,0,0,0,0,0,0,0,0,0,0,0,0,0,0,0,0,0,0,0,0,0,0,0,0,0,0,0,0,0.00726392,0,0,0.00403551,0,0,0,0.00403551,0,0,0.00322841,0.00161421,0,0,0.239709,0,0,0,0.00807103,0,0,0.0193705,0,0.0363196,0,0.00564972,0.00807103,0,0.071025,0,0.0766747,0,0,0.0605327,0.0492333,0,0.0468119,0,0,0,0,0,0.237288,0,0,0.0347054,0,0,0,0,0,0,0,0,0,0,0,0,0,0,0,0.08636,0,0
44000,0,0,0,0,0,0,0,0,0,0,0,0,0,0,0,0,0,0,0,0,0,0,0,0,0,0,0,0,0,0,0,0,0,0,0,0,0.00740741,0,0.00823045,0.00329218,0,0,0,0.00823045,0,0.0131687,0.0106996,0.0115226,0,0,0.293827,0,0,0,0.00740741,0,0,0.0230453,0.00576132,0.0419753,0,0.00493827,0.0131687,0,0.0460905,0,0.0847737,0,0,0.101235,0.0674897,0,0.0609053,0,0,0,0,0,0.0872428,0,0,0.00493827,0,0,0.00740741,0,0,0,0,0,0,0,0,0,0,0,0,0.0872428,0,0
44050,0,0,0,0,0,0,0,0,0,0,0,0,0,0,0,0,0,0,0,0,0,0,0,0,0,0,0,0,0,0,0,0,0,0,0,0,0.00777385,0,0.00424028,0,0,0,0,0.00565371,0,0.000706714,0.00141343,0.0113074,0,0,0.238163,0,0,0.004947,0.00565371,0,0,0.00636042,0.0120141,0.0190813,0,0.00212014,0.000706714,0,0.0261484,0,0.0756184,0,0,0.142756,0.0932862,0,0.0869258,0,0,0,0,0,0.166784,0,0,0.024735,0,0,0,0,0,0,0,0,0,0,0,0,0,0,0,0.0636042,0,0
44100,0,0,0,0,0,0,0,0,0,0,0,0,0,0,0,0,0,0,0,0,0,0,0,0,0,0,0,0,0,0,0,0,0,0,0,0,0.00266312,0,0,0,0,0,0,0.00466045,0,0,0,0.00932091,0,0,0.244341,0.000665779,0,0,0.00332889,0,0,0.00798935,0.011984,0.0386152,0,0.00732357,0,0,0.0699068,0,0.0266312,0,0,0.0958722,0.198402,0,0.0932091,0,0.000665779,0,0,0,0.0865513,0,0,0.011984,0,0,0,0,0,0,0,0,0,0,0,0,0,0,0,0.0858855,0,0
44150,0,0,0,0,0,0,0,0,0,0,0,0,0,0,0,0,0,0,0,0,0,0,0,0,0,0,0,0,0,0,0,0,0,0,0,0,0.00315657,0,0,0.00126263,0.000631313,0,0.00189394,0.000631313,0,0.000631313,0.000631313,0.00315657,0,0,0.281566,0.000631313,0,0.000631313,0.00505051,0,0,0.00126263,0.00441919,0.0214646,0,0.000631313,0,0,0.0681818,0,0.0183081,0.000631313,0,0.144571,0.159091,0,0.0852273,0,0,0,0,0,0.124369,0,0,0.0290404,0,0,0,0,0,0,0,0,0,0,0,0,0,0,0,0.0429293,0,0
44200,0,0,0,0,0,0,0,0,0,0,0,0,0,0,0,0,0,0,0,0,0,0,0,0,0,0,0,0,0,0,0,0,0,0,0,0,0,0,0,0,0.000635324,0,0.000635324,0.00127065,0,0,0.00127065,0,0,0,0.268107,0,0,0.00127065,0.00698856,0,0.000635324,0,0.00190597,0.023507,0,0.000635324,0,0,0.0419314,0,0.0152478,0,0,0.101017,0.186785,0,0.111817,0,0,0,0,0,0.153113,0,0,0.0146125,0,0,0,0,0,0,0.000635324,0,0,0,0,0,0,0,0,0.0679797,0,0
44250,0,0,0,0,0,0,0,0,0,0,0,0,0,0,0,0,0,0,0,0,0,0,0,0,0,0,0,0,0,0,0,0,0,0,0,0,0.00318725,0,0,0,0.012749,0,0.000796813,0,0,0,0.012749,0,0.000796813,0.000796813,0.262948,0,0,0,0.00478088,0,0.00398406,0,0.000796813,0.0231076,0,0.00398406,0,0,0.0207171,0,0.0223108,0.000796813,0,0.113944,0.144223,0.000796813,0.0772908,0,0,0.00159363,0,0,0.183267,0,0,0.047012,0,0,0,0,0,0,0.000796813,0,0,0,0,0,0,0,0,0.0565737,0,0
44300,0,0,0,0,0,0,0,0,0,0,0,0,0,0,0,0,0,0,0,0,0,0,0,0,0,0,0,0,0,0,0,0,0,0,0,0,0.00183993,0,0,0.00275989,0.00735971,0,0,0,0,0.00551978,0.0229991,0,0,0.000919963,0.225391,0,0,0,0,0,0.00275989,0.00735971,0,0.0128795,0,0,0.00183993,0,0.0358786,0,0.00735971,0,0.000919963,0.122355,0.102116,0.0101196,0.0643974,0,0,0.000919963,0,0,0.264029,0,0,0.0220791,0,0,0,0,0,0,0,0,0,0,0,0,0,0,0,0.0781969,0,0
44350,0,0,0,0,0,0,0,0,0,0,0,0,0,0,0,0,0,0,0,0,0,0,0,0,0,0,0,0,0,0,0,0,0,0,0,0,0.00390244,0,0,0.00097561,0.00780488,0,0,0,0,0.0185366,0.00878049,0,0,0,0.16878,0,0,0,0,0,0.00292683,0.0165854,0.0126829,0.04,0,0,0,0,0.0263415,0,0.00780488,0,0,0.126829,0.125854,0.0282927,0.139512,0,0,0,0,0,0.142439,0,0,0.0156098,0,0,0,0.00097561,0,0,0,0,0,0,0,0,0,0,0,0.103415,0,0.00195122
44400,0,0,0,0,0,0,0,0,0,0,0,0,0,0,0,0,0,0,0,0,0,0,0,0,0,0,0,0,0,0,0,0,0,0,0,0,0.00373134,0.00373134,0,0.00466418,0.000932836,0,0,0,0,0,0.00839552,0,0,0,0.198694,0,0,0,0,0,0,0.00746269,0.0270522,0.0186567,0,0,0.011194,0,0.0139925,0,0.0261194,0,0,0.102612,0.0755597,0.051306,0.104478,0,0,0,0,0,0.202425,0,0,0.0606343,0,0,0,0,0,0,0,0,0,0,0,0,0,0,0,0.0783582,0,0
44450,0,0,0,0,0,0,0,0,0,0,0,0,0,0,0,0,0,0,0,0,0,0,0,0,0,0,0,0,0,0,0,0,0,0,0,0,0.00813008,0.000813008,0,0,0,0,0,0.000813008,0,0.00406504,0.00406504,0.00162602,0,0,0.182927,0,0,0,0,0.00162602,0,0.0186992,0.00650407,0.0390244,0,0,0.00894309,0,0.0577236,0,0.0203252,0,0,0.0560976,0.158537,0.0211382,0.13252,0,0,0,0,0,0.158537,0,0,0.0658537,0,0,0,0,0,0,0,0,0,0,0,0,0,0,0,0.0520325,0,0
44500,0,0,0,0,0,0,0,0,0,0,0,0,0,0,0,0,0,0,0,0,0,0,0,0,0,0,0,0,0,0,0,0,0,0,0.0014245,0,0.0277778,0,0,0,0,0.0014245,0,0.0014245,0,0.000712251,0.0014245,0.00356125,0,0,0.209402,0,0,0.0014245,0,0,0.0014245,0.00569801,0.00569801,0.0548433,0,0,0.00783476,0,0.039886,0,0.00712251,0,0,0.0733618,0.103989,0.017094,0.163818,0,0,0,0,0,0.16453,0,0,0.0562678,0,0,0,0,0,0.000712251,0,0.000712251,0,0,0,0,0,0,0,0.048433,0,0
44550,0,0,0,0,0,0,0,0,0,0,0,0,0,0,0,0,0,0,0,0,0,0,0,0,0,0,0,0,0,0,0,0.0056899,0,0,0.000711238,0.00924609,0.00142248,0,0,0.000711238,0,0,0,0.00213371,0,0.00142248,0,0.00426743,0,0,0.201991,0,0,0.00497866,0,0,0,0.00426743,0.00213371,0.0846373,0,0.000711238,0.0113798,0,0.0469417,0.00426743,0.0135135,0,0,0.071835,0.110242,0.0220484,0.113087,0,0,0,0,0,0.165007,0,0,0.0426743,0,0,0,0,0,0,0,0,0,0,0,0,0,0,0,0.0746799,0,0
44600,0,0,0,0,0,0,0,0,0,0,0,0,0,0,0,0,0,0,0,0,0,0,0,0,0,0,0,0,0,0,0,0,0,0,0,0.00419874,0.00209937,0,0,0.00559832,0.00349895,0,0,0,0,0.00209937,0.00279916,0.00069979,0.00069979,0,0.23233,0,0,0.0139958,0,0,0,0.00279916,0.00769769,0.0104969,0,0,0.0216935,0,0.0363891,0.00559832,0.0195941,0.00349895,0,0.0818754,0.0951714,0.0370889,0.108467,0,0,0,0.00069979,0.00349895,0.16585,0,0,0.0601819,0,0,0,0,0,0,0,0,0,0,0,0,0,0,0,0.0713786,0,0
44650,0,0,0,0,0,0,0,0,0,0,0,0,0,0,0,0,0,0,0,0,0,0,0,0,0,0,0,0,0,0,0,0,0,0,0,0.00381437,0.00254291,0,0,0.00254291,0.00508582,0,0,0,0,0.00572155,0.00317864,0.0127146,0,0.00127146,0.17864,0,0,0.0171647,0,0,0,0.00254291,0.00572155,0.0254291,0,0,0.0184361,0,0.0324221,0,0.0146217,0.00826446,0,0.105531,0.0801017,0.0546726,0.0890019,0,0,0,0,0.00317864,0.180547,0,0,0.0686586,0,0,0,0,0,0,0.000635728,0,0,0.000635728,0,0,0,0,0,0.072473,0,0.0044501
44700,0,0,0,0,0,0,0,0,0,0,0,0,0,0,0,0,0,0,0,0,0,0,0,0,0,0,0,0,0,0,0,0,0.00222346,0,0.000555864,0.000555864,0,0,0,0.00222346,0.00166759,0,0,0,0,0.0200111,0.00444691,0.00333519,0,0,0.148972,0,0,0.0227904,0,0,0,0.00111173,0.00166759,0.0516954,0,0,0.020567,0,0.0261256,0,0.0200111,0,0,0.103947,0.109505,0.0394664,0.0617009,0,0,0.00166759,0.000555864,0,0.188994,0,0,0.0400222,0,0,0,0,0,0,0.00277932,0,0,0,0,0,0,0,0,0.111729,0,0.0116732
44750,0,0,0,0,0,0,0,0,0,0,0,0,0,0,0,0,0,0,0,0,0,0,0,0,0,0,0,0,0,0,0,0,0.000643087,0,0,0,0,0,0,0.00257235,0.00257235,0,0.000643087,0.00128617,0,0.00578778,0.000643087,0.00771704,0,0,0.138907,0,0,0.0167203,0,0.00192926,0,0,0.00192926,0.0231511,0,0,0.0270096,0,0.0205788,0,0.0237942,0.00257235,0,0.130547,0.0810289,0.0199357,0.0604502,0,0,0.0109325,0.00128617,0,0.223794,0,0,0.0733119,0,0,0,0,0,0,0.00192926,0,0,0,0,0,0,0,0,0.111254,0,0.00707395
44800,0,0,0,0,0,0,0,0,0,0,0,0,0,0,0,0,0,0,0,0,0,0,0,0,0,0,0,0,0,0,0,0,0,0,0,0,0,0,0,0.000632911,0.00126582,0,0,0,0,0.00696203,0,0.00632911,0,0,0.132278,0,0,0.0139241,0,0,0,0.00379747,0,0.014557,0,0,0.0113924,0,0.0208861,0,0.0379747,0.00506329,0,0.118354,0.129747,0.0335443,0.0626582,0,0,0.00632911,0,0,0.289873,0,0,0.0265823,0,0,0,0,0,0,0,0,0,0,0,0,0,0,0,0.0759494,0,0.00189873
44850,0,0,0,0,0,0,0,0,0,0,0,0,0,0,0,0,0,0,0,0,0,0,0,0,0,0,0,0,0,0,0,0,0,0,0,0,0.00126024,0,0.0063012,0.0063012,0.00378072,0,0,0,0,0.0239445,0.00063012,0.00126024,0,0,0.151229,0,0,0.00063012,0,0,0,0.00756144,0,0.00693132,0,0,0,0,0.0233144,0,0.0308759,0,0,0.124764,0.135476,0.0403277,0.0831758,0,0,0.00567108,0,0,0.217391,0,0,0.026465,0,0,0,0,0,0,0,0,0.00063012,0,0,0,0,0,0,0.102079,0,0
44900,0,0,0,0,0,0,0,0,0,0,0,0,0,0,0,0,0,0,0,0,0,0,0,0,0,0,0,0,0,0,0,0,0.00121212,0,0,0,0.00424242,0,0.00121212,0.0139394,0.0030303,0,0,0,0,0.0224242,0,0,0,0,0.173333,0.00121212,0,0,0,0,0,0.00848485,0,0.00484848,0,0.0030303,0,0,0.0187879,0,0.0139394,0,0,0.0757576,0.090303,0.0818182,0.119394,0,0,0.0157576,0,0,0.291515,0,0,0.0121212,0,0,0,0,0,0,0,0,0,0,0,0,0,0,0,0.0430303,0,0.000606061
44950,0,0,0,0,0,0,0,0,0,0,0,0,0,0,0,0,0,0,0,0,0,0,0,0,0,0,0,0,0,0,0,0,0.0058102,0,0,0,0,0,0,0.0129116,0.00968367,0,0,0,0,0.0180762,0,0,0,0,0.18399,0,0,0,0,0,0,0,0,0.00451904,0,0.00387347,0,0,0.0193673,0,0.024532,0,0,0.087153,0.111685,0.0658489,0.0497095,0,0,0,0,0,0.273725,0,0,0.0142027,0,0,0,0.00193673,0,0,0,0,0,0,0,0,0,0,0,0.112976,0,0
45000,0,0,0,0,0,0,0,0,0,0,0,0,0,0,0,0,0,0,0,0,0,0,0,0,0,0,0,0,0,0,0,0,0,0,0,0,0.000603136,0,0,0.0066345,0.00784077,0,0,0,0,0.0156815,0,0,0,0,0.146562,0.00120627,0,0.00241255,0,0,0,0.000603136,0,0.0120627,0,0.00361882,0,0,0.0120627,0,0.022316,0,0,0.124849,0.112183,0.0494572,0.107961,0,0,0.00723764,0,0,0.259952,0,0,0.0235223,0,0,0,0,0,0,0,0,0.00361882,0,0,0,0,0,0,0.079614,0,0
45050,0,0,0,0,0,0,0,0,0,0,0,0,0,0,0,0,0,0,0,0,0,0,0,0,0,0,0,0,0,0,0,0,0,0,0,0,0.00231214,0,0,0.0115607,0.0017341,0,0,0,0,0.00231214,0,0.0017341,0,0,0.16474,0.00289017,0,0.00231214,0,0,0,0,0,0.00404624,0,0.000578035,0,0,0.00809249,0,0.0375723,0,0,0.145665,0.115607,0.0132948,0.0687861,0,0,0.0156069,0,0,0.286127,0,0.00578035,0.0554913,0,0,0,0,0,0,0,0,0.00924855,0,0,0,0,0,0,0.0427746,0,0.0017341
45100,0,0,0,0,0,0,0,0,0,0,0,0,0,0,0,0,0,0,0,0,0,0,0,0,0,0,0,0,0,0,0,0,0,0,0,0,0.00777512,0,0.000598086,0.00598086,0.00299043,0,0,0,0,0.00239234,0,0.00358852,0,0,0.150718,0,0,0,0,0,0,0,0.0041866,0.00239234,0.00657895,0,0,0,0.0322967,0,0.055622,0,0,0.09689,0.133373,0.0287081,0.0789474,0,0,0.0227273,0,0,0.255383,0,0.00299043,0.0322967,0,0,0,0,0,0,0,0,0.00358852,0,0,0,0,0,0,0.0699761,0,0
45150,0,0,0,0,0,0,0,0,0,0,0,0,0,0,0,0,0,0,0,0,0,0,0,0,0,0,0,0,0,0,0,0,0,0,0,0,0.00178359,0,0,0.00059453,0.00118906,0,0,0,0,0.00356718,0,0.0124851,0,0,0.138526,0,0,0,0,0,0,0,0.00118906,0.00118906,0.0142687,0,0,0,0.0350773,0,0.0297265,0,0,0.14566,0.121879,0.0398335,0.0511296,0,0,0.0208086,0,0,0.200357,0,0.00297265,0.0523187,0,0,0,0,0,0,0,0,0.0107015,0,0,0,0,0.00059453,0,0.11415,0,0
45200,0,0,0,0,0,0,0,0,0,0,0,0,0,0,0,0,0,0,0,0,0,0,0,0,0,0,0,0,0,0,0,0,0,0,0,0,0.0133503,0,0,0.00127146,0.00317864,0,0,0,0,0.00762873,0,0.0260648,0,0,0.158932,0.000635728,0,0.00762873,0,0,0,0.00508582,0,0.00508582,0.0171647,0.00127146,0,0,0.0451367,0,0.0247934,0,0,0.0915448,0.102352,0.0330579,0.0495868,0,0,0.0108074,0,0,0.228862,0,0,0.0508582,0,0,0,0.000635728,0,0,0,0,0.00317864,0,0,0,0.00127146,0,0,0.108709,0,0.00190718
45250,0,0,0,0,0,0,0,0,0,0,0,0,0,0,0,0,0,0,0,0,0,0,0,0,0,0,0,0,0,0,0,0,0,0,0,0,0.0133253,0,0,0,0,0,0.000605694,0,0,0.0109025,0.00726832,0.00847971,0,0,0.143549,0.000605694,0,0.0109025,0,0,0,0.00181708,0,0.00484555,0.00363416,0,0,0,0.0211993,0,0.0181708,0,0,0.0617807,0.0726832,0.0290733,0.0551181,0,0,0.0302847,0,0,0.337371,0,0,0.0272562,0,0,0,0,0,0,0,0,0.00484555,0,0,0,0,0,0,0.136281,0,0
45300,0,0,0,0,0,0,0,0,0,0,0,0,0,0,0,0,0,0,0,0,0,0,0,0,0,0,0,0,0,0,0,0,0,0,0,0,0.0164803,0,0,0.00117716,0.000588582,0.00294291,0,0.000588582,0,0.00706298,0.0211889,0.00588582,0,0,0.194232,0,0,0.00529723,0,0,0,0,0.00235433,0.00588582,0.000588582,0,0.00235433,0,0.0306062,0,0.0258976,0,0,0.0588582,0.0718069,0.0264862,0.0570924,0,0.0105945,0.0429665,0,0,0.267805,0,0,0.0200118,0,0,0.000588582,0,0,0,0,0,0.0129488,0,0,0,0,0,0,0.107122,0,0.000588582
45350,0,0,0,0,0,0,0,0,0,0,0,0,0,0,0,0,0,0,0,0,0,0,0,0,0,0,0,0,0,0,0,0,0,0,0,0,0.00967742,0,0.000537634,0.00322581,0.00107527,0.00376344,0,0,0,0.00430108,0.0172043,0.00215054,0,0,0.16129,0.00107527,0,0.00430108,0,0,0,0.00430108,0.00215054,0.00860215,0.00322581,0,0.00268817,0,0.0225806,0,0.044086,0,0,0.055914,0.116129,0.0365591,0.0575269,0,0,0.00483871,0.00752688,0.000537634,0.258602,0,0,0.0344086,0,0,0,0,0,0,0,0,0.0107527,0,0,0,0.000537634,0,0,0.12043,0,0
45400,0,0,0,0,0,0,0,0,0,0,0,0,0,0,0,0,0,0,0,0,0,0,0,0,0,0,0,0,0,0,0,0,0,0,0,0,0.00423057,0.00105764,0,0.00581703,0,0.00634585,0,0,0,0.0100476,0.00634585,0.00423057,0,0,0.126388,0.00211528,0,0.00475939,0,0,0,0,0.00423057,0.014807,0.00898995,0,0.0174511,0,0.00740349,0,0.0312004,0,0,0.0666314,0.136965,0.0174511,0.122158,0,0.00105764,0.00740349,0.0105764,0,0.261237,0,0,0.0179799,0,0,0,0,0,0,0,0,0,0,0,0,0,0,0.00317292,0.0999471,0,0
45450,0,0,0,0,0,0,0,0,0,0,0,0,0,0,0,0,0,0,0,0,0,0,0,0,0,0,0,0,0,0,0,0,0,0,0,0,0.0113996,0.00379987,0.000633312,0.00316656,0.00189994,0.0170994,0,0,0,0.0120329,0.00126662,0.00443319,0,0,0.131096,0,0,0.0158328,0,0,0,0,0.010133,0.0107663,0.0221659,0,0.0050665,0,0.010133,0,0.0177327,0,0,0.0614313,0.147562,0.0379987,0.0753642,0,0,0.00569981,0.0050665,0,0.293224,0,0.000633312,0.0196327,0,0,0,0,0,0,0,0,0,0,0,0,0,0,0,0.0747308,0,0
45500,0,0,0,0,0,0,0,0,0,0,0,0,0,0,0,0,0,0,0,0,0,0,0,0,0,0,0,0,0,0,0,0,0.00310881,0,0,0,0.00880829,0,0,0.0015544,0.00621762,0.00362694,0,0,0,0.00414508,0.00103627,0.00362694,0,0,0.163212,0.000518135,0,0.011399,0,0,0,0.000518135,0.00569948,0.00466321,0.00984456,0,0.0103627,0,0.00777202,0,0.0160622,0,0,0.0891192,0.135751,0.0352332,0.0766839,0,0,0.00310881,0,0,0.296891,0.000518135,0,0.0150259,0,0,0,0,0,0,0,0,0,0,0,0,0,0,0,0.0834197,0,0.00207254
45550,0,0,0,0,0,0,0,0,0,0,0,0,0,0,0,0,0,0,0,0,0,0,0,0,0,0,0,0,0,0,0,0,0.00460358,0,0,0,0.00204604,0,0,0.000511509,0.00409207,0,0,0.000511509,0,0.00306905,0.0148338,0.00204604,0,0,0.190281,0,0,0.0184143,0,0,0,0.00511509,0,0.029156,0.00306905,0,0.0143223,0,0.00204604,0,0.0163683,0,0,0.121739,0.110486,0.0368286,0.0869565,0,0,0.000511509,0,0,0.219437,0,0,0.0179028,0,0,0,0,0,0,0,0,0,0,0,0,0,0,0,0.0956522,0,0
45600,0,0,0,0,0,0,0,0,0,0,0,0,0,0,0,0,0,0,0,0,0,0,0,0,0,0,0,0,0,0,0,0,0,0,0,0,0.00608643,0,0,0.00243457,0,0,0,0,0,0.0103469,0.0432136,0.00608643,0,0,0.151552,0,0,0.0188679,0,0,0,0.0219111,0,0.0243457,0.00182593,0,0.00669507,0,0.0133901,0,0.025563,0,0,0.129641,0.0846013,0.0651248,0.0772976,0,0,0,0,0,0.199026,0,0,0.00730371,0,0,0,0,0,0,0,0,0,0,0,0,0,0,0.00243457,0.101643,0,0.000608643
45650,0,0,0,0,0,0,0,0,0,0,0,0,0,0,0,0,0,0,0,0,0,0,0,0,0,0,0,0,0,0,0,0,0,0,0,0,0.00454545,0,0,0.000568182,0.00113636,0.00568182,0,0,0,0.00852273,0.0136364,0.00568182,0,0,0.192614,0,0,0.0159091,0,0,0,0.00852273,0,0.0221591,0.00113636,0,0.00965909,0,0.0170455,0,0.0392045,0,0,0.0852273,0.08125,0.0494318,0.0778409,0,0.00397727,0,0,0,0.210795,0,0.00625,0.0244318,0.00113636,0,0,0,0,0,0,0,0,0,0,0,0,0,0,0.113636,0,0
45700,0,0,0,0,0,0,0,0,0,0,0,0,0,0,0,0,0,0,0,0,0,0,0,0,0,0,0,0,0,0,0,0,0,0,0,0,0.00579252,0.0131648,0,0.00526593,0,0.00157978,0,0,0,0,0.00631912,0.0131648,0,0,0.090574,0.00105319,0,0.0131648,0,0,0,0.0136914,0,0.0363349,0.00947867,0,0.00684571,0,0.0405477,0,0.0442338,0.00105319,0,0.0668773,0.129015,0.0484466,0.142707,0,0.00684571,0,0,0,0.230121,0,0,0.0221169,0,0,0,0,0,0,0,0,0,0,0,0,0,0,0,0.0516061,0,0
45750,0,0,0,0,0,0,0,0,0,0,0,0,0,0,0,0,0,0,0,0,0,0,0,0,0,0,0,0,0,0,0,0,0.00215983,0,0,0,0.00161987,0.00161987,0,0.00539957,0.00161987,0.00107991,0.0037797,0,0,0.00863931,0.00269978,0.0102592,0,0,0.117171,0,0.00431965,0.00809935,0,0,0,0.0178186,0,0.00809935,0.00917927,0,0.0188985,0,0.0340173,0,0.0448164,0.00539957,0,0.088013,0.0912527,0.0415767,0.103672,0,0.00593952,0,0,0.00323974,0.265659,0,0,0.0188985,0,0,0,0,0,0,0,0,0,0,0,0,0,0,0,0.075054,0,0
45800,0,0,0,0,0,0,0,0,0,0,0,0,0,0,0,0,0,0,0,0,0,0,0,0,0,0,0,0,0,0,0,0,0.00220143,0,0,0,0.000550358,0.00605394,0,0.00165107,0,0.00220143,0.0038525,0,0,0.00110072,0.00330215,0.00880572,0,0,0.133187,0.000550358,0.00495322,0.00880572,0.00165107,0,0.00220143,0,0.000550358,0.0528343,0.00220143,0,0.00440286,0,0.0440286,0,0.0913594,0.0242157,0,0.0682444,0.0610897,0.0495322,0.0709961,0,0.00825537,0,0,0.000550358,0.24546,0,0,0.0148597,0,0,0,0,0,0,0,0,0,0,0,0,0,0,0,0.0787012,0,0.00165107
45850,0,0,0,0,0,0,0,0,0,0,0,0,0,0,0,0,0,0,0,0,0,0,0,0,0,0,0,0,0,0,0,0,0.00165472,0,0,0,0.00110314,0.00606729,0,0.000551572,0.00220629,0,0,0,0,0.0104799,0.00551572,0.00882515,0,0,0.123552,0,0.003861,0.0209597,0,0,0.000551572,0.00330943,0,0.00551572,0.00220629,0,0.00441258,0,0.0568119,0,0.0639823,0.011583,0,0.0788748,0.0562603,0.0248207,0.165472,0.000551572,0.00110314,0,0,0,0.241589,0,0,0.00220629,0,0,0,0,0,0,0,0.00110314,0,0,0,0,0,0,0,0.0926641,0,0.00220629
45900,0,0,0,0,0,0,0,0,0,0,0,0,0,0,0,0,0,0,0,0,0,0,0,0,0,0,0,0,0,0,0,0,0,0,0,0,0,0.0114577,0,0.0050923,0.00190961,0,0.000636537,0,0,0.0159134,0.00127307,0,0,0,0.159771,0.00127307,0,0,0,0,0.00190961,0.00572884,0,0.00127307,0.00891152,0,0.00827498,0,0.0579249,0,0.0280076,0.00127307,0,0.0700191,0.0515595,0.0356461,0.169955,0,0,0.00190961,0,0.00127307,0.246976,0,0,0.00763845,0,0,0,0,0,0,0,0,0,0,0,0,0,0,0,0.104392,0,0
45950,0,0,0,0,0,0,0,0,0,0,0,0,0,0,0,0,0,0,0,0,0,0,0,0,0,0,0,0,0,0,0,0,0,0,0,0,0.00100452,0.00803616,0,0.00703164,0.00100452,0,0,0,0,0.0180814,0.00150678,0.00050226,0,0,0.123054,0.00351582,0.00200904,0,0,0,0,0.00552486,0,0.00150678,0.00351582,0,0.0150678,0,0.0582622,0,0.0241085,0,0,0.0989453,0.0527373,0.0441989,0.07333,0.00150678,0,0,0,0.00904068,0.32446,0,0.0025113,0.00904068,0,0,0,0,0,0,0,0,0,0,0,0,0,0,0,0.105977,0,0.00452034
46000,0,0,0,0,0,0,0,0,0,0,0,0,0,0,0,0,0,0,0,0,0,0,0,0,0,0,0,0,0,0,0,0.0017311,0,0,0,0,0.000577034,0.00692441,0.00692441,0.00288517,0.00115407,0,0,0,0.000577034,0.0138488,0,0.00230814,0.000577034,0,0.175995,0,0.00230814,0,0.000577034,0,0,0.0109636,0.00115407,0,0.000577034,0,0.0121177,0,0.0305828,0,0.0178881,0,0.000577034,0.115984,0.0738604,0.033468,0.0750144,0.00288517,0,0,0,0.00634737,0.203693,0,0.000577034,0.0323139,0.0017311,0,0,0,0,0,0,0,0,0,0,0.000577034,0,0,0,0.158684,0,0.00461627
46050,0,0,0,0,0,0,0,0,0,0,0,0,0,0,0,0,0,0,0,0,0,0,0,0,0,0,0,0,0,0,0,0,0,0,0,0,0.00058548,0.0058548,0,0.00819672,0,0,0.00234192,0.00058548,0,0.0140515,0.00351288,0.015808,0,0,0.173888,0,0.00409836,0,0.00058548,0,0.00234192,0.00644028,0.00175644,0,0.00175644,0,0.00761124,0,0.0603044,0.00058548,0.00526932,0,0,0.110656,0.0942623,0.0638173,0.101288,0.00761124,0,0,0.00058548,0,0.216628,0,0,0.0298595,0.00409836,0.00234192,0,0,0,0,0,0,0,0,0,0,0,0,0,0.0409836,0,0.0122951
46100,0,0,0,0,0,0,0,0,0,0,0,0,0,0,0,0,0,0,0,0,0,0,0,0,0,0,0,0,0,0,0,0,0,0,0,0,0.000553403,0.0110681,0,0.0154953,0.00166021,0,0.00166021,0,0,0.0160487,0.00442723,0.00885445,0,0,0.143885,0,0.00553403,0.00221361,0.000553403,0,0.00276702,0,0.00110681,0.00442723,0,0,0.0199225,0,0.0459325,0,0.00110681,0,0,0.123409,0.0752629,0.0691754,0.10736,0.00719424,0,0,0,0,0.263973,0,0.00276702,0.0304372,0,0.00276702,0,0,0,0,0,0,0,0,0,0,0,0,0,0.0304372,0,0
46150,0,0,0,0,0,0,0,0,0,0,0,0,0,0,0,0,0,0,0,0,0,0,0,0,0,0,0,0,0,0,0,0,0,0,0,0,0.00107875,0.00377562,0,0.0102481,0.00107875,0,0.00107875,0,0,0.0544768,0.0134844,0.00269687,0,0,0.13808,0,0.00485437,0,0.00107875,0,0.000539374,0.0021575,0,0.00323625,0,0,0.0113269,0,0.0372168,0,0.00107875,0,0,0.105717,0.0377562,0.0593312,0.10356,0.00701187,0,0.000539374,0,0,0.312298,0,0.0102481,0.030205,0,0.00161812,0,0,0,0,0,0,0,0,0,0,0,0,0,0.0442287,0,0
46200,0,0,0,0,0,0,0,0,0,0,0,0,0,0,0,0,0,0,0,0,0,0,0,0,0,0,0,0,0,0,0,0,0,0,0,0,0.00189155,0.00630517,0,0.0075662,0,0.000630517,0,0,0,0.0239596,0.00252207,0.00630517,0,0,0.0788146,0,0.00189155,0,0,0.00252207,0,0.00126103,0,0.0037831,0.000630517,0.000630517,0,0,0.0542245,0,0.00630517,0,0,0.0825977,0.0668348,0.0403531,0.107818,0.00882724,0,0,0,0,0.389029,0,0.00504414,0.0308953,0,0,0,0,0,0,0,0,0,0,0,0,0.000630517,0,0,0.0687264,0,0
46250,0,0,0,0,0,0,0,0,0,0,0,0,0,0,0,0,0,0,0,0,0,0,0,0,0,0,0,0,0,0,0,0,0,0,0,0,0.000671592,0.00268637,0,0.0100739,0.00671592,0.00268637,0,0,0,0.00402955,0.00470114,0.00402955,0,0,0.0671592,0,0,0.00134318,0,0,0,0.00402955,0,0.00201478,0,0,0.00201478,0.000671592,0.0671592,0,0.0597717,0,0,0.0866353,0.0779046,0.0235057,0.103425,0.00268637,0,0,0.000671592,0.000671592,0.374748,0,0.0208193,0.0322364,0,0,0,0,0,0,0,0,0,0,0,0,0,0,0,0.0369375,0,0
46300,0,0,0,0,0,0,0,0,0,0,0,0,0,0,0,0,0,0,0,0,0,0,0,0,0,0,0,0,0,0,0,0,0,0,0,0,0,0.012894,0,0.00931232,0.002149,0.00501433,0,0,0,0.000716332,0.00286533,0.000716332,0,0,0.112464,0,0,0,0.00358166,0,0,0,0,0,0,0,0,0,0.036533,0,0.0408309,0,0,0.0709169,0.0945559,0.025788,0.19341,0.02149,0,0,0,0,0.308023,0.00143266,0.015043,0.0114613,0,0,0,0,0,0,0,0,0,0,0,0,0,0,0,0.0308023,0,0
46350,0,0,0,0,0,0,0,0,0,0,0,0,0,0,0,0,0,0,0,0,0,0,0,0,0,0,0,0,0,0,0,0,0,0,0,0,0.00923645,0.00862069,0,0.00369458,0.00246305,0.00123153,0,0,0,0.00246305,0.0123153,0.00307882,0,0,0.158867,0,0,0,0.000615764,0,0,0,0,0.000615764,0,0,0,0,0.0227833,0,0.0671182,0.000615764,0,0.0899015,0.10468,0.00862069,0.165025,0.00738916,0,0,0,0,0.225985,0.00738916,0.010468,0.0535714,0,0,0,0,0.00554187,0,0,0,0,0,0,0,0,0,0,0.0277094,0,0
46400,0,0,0,0,0,0,0,0,0,0,0,0,0,0,0,0,0,0,0,0,0,0,0,0,0,0,0,0,0,0,0,0,0.000652742,0,0,0.000652742,0.00261097,0.00261097,0,0.00130548,0.0078329,0.00195822,0,0,0,0.00913838,0.00391645,0.017624,0,0,0.1547,0,0,0,0,0,0,0,0.0104439,0.0117493,0,0,0,0,0.0182768,0,0.0828982,0.000652742,0,0.0842037,0.111619,0.0078329,0.100522,0.0110966,0,0,0,0,0.261097,0.00652742,0.00979112,0.058094,0,0,0,0,0.00130548,0,0,0,0.000652742,0,0,0.00391645,0,0,0,0.0163185,0,0
46450,0,0,0,0,0,0,0,0,0,0,0,0,0,0,0,0,0,0,0,0,0,0,0,0,0,0,0,0,0,0,0,0,0,0,0,0,0,0,0,0.000618812,0.0247525,0,0,0,0,0.0136139,0,0.0507426,0,0,0.173267,0.00371287,0,0,0,0.00309406,0,0.000618812,0.0173267,0,0,0,0,0,0.0266089,0,0.0408416,0,0,0.0860149,0.130569,0.0123762,0.0996287,0.0253713,0,0,0,0,0.196782,0.00185644,0.00185644,0.0637376,0,0,0,0,0.00433168,0,0,0,0,0,0,0,0,0,0,0.0222772,0,0
46500,0,0,0,0,0,0,0,0,0,0,0,0,0,0,0,0,0,0,0,0,0,0,0,0,0,0,0,0,0,0,0,0,0,0,0,0,0,0.00470114,0,0.00873069,0.00402955,0,0,0,0,0.00873069,0,0.0409671,0,0,0.150437,0,0,0,0.00201478,0,0,0,0.0080591,0,0,0,0.000671592,0,0.0141034,0,0.047683,0,0,0.0913365,0.117529,0.0167898,0.10141,0.0369375,0,0,0,0,0.238415,0.000671592,0.00268637,0.0100739,0,0,0,0,0.00134318,0,0,0,0,0,0,0,0,0,0,0.0926797,0,0
46550,0,0,0,0,0,0,0,0,0,0,0,0,0,0,0,0,0,0,0,0,0,0,0,0,0,0,0,0,0,0,0,0,0,0,0,0,0,0.00443213,0,0.00221607,0.00498615,0,0,0,0.000554017,0.0199446,0,0.0271468,0,0,0.152355,0,0,0.00166205,0.00110803,0,0,0,0.0166205,0.00775623,0,0,0.00554017,0,0.0249307,0,0.0243767,0,0,0.099723,0.102493,0.00720222,0.115235,0.0232687,0,0,0,0,0.257618,0,0.00277008,0.0304709,0,0,0.00775623,0,0,0,0,0,0,0,0,0,0,0,0,0.0598338,0,0
46600,0,0,0,0,0,0,0,0,0,0,0,0,0,0,0,0,0,0,0,0,0,0,0,0,0,0,0,0,0,0,0,0,0,0,0,0,0,0.0123381,0,0,0,0,0.00185071,0,0,0.00925355,0,0.0209747,0,0,0.114127,0,0,0.00370142,0.00185071,0,0,0,0.0104874,0.00863664,0,0,0.00555213,0,0.0351635,0,0.0172733,0,0,0.115361,0.089451,0.0178902,0.13942,0.0623072,0,0,0,0,0.246144,0,0.00616903,0.038248,0,0,0.00370142,0,0,0,0,0,0,0,0,0,0,0,0,0.0400987,0,0
46650,0,0,0,0,0,0,0,0,0,0,0,0,0,0,0,0,0,0,0,0,0,0,0,0,0,0,0,0,0,0,0,0,0,0,0,0.0012012,0.0024024,0.0036036,0,0,0,0.00600601,0,0,0,0.0156156,0.00780781,0.027027,0,0,0.153754,0,0,0.000600601,0,0,0,0.000600601,0.0216216,0.0204204,0,0,0,0,0.0246246,0,0.00840841,0,0,0.100901,0.114114,0.0540541,0.115916,0.0372372,0,0,0,0,0.186186,0,0.000600601,0.0234234,0.0036036,0,0.0222222,0,0,0,0,0,0.0018018,0,0,0,0,0,0,0.0462462,0,0
46700,0,0,0,0,0,0,0,0,0,0,0,0,0,0,0,0,0,0,0,0,0,0,0,0,0,0,0,0,0,0,0,0,0,0,0,0,0,0.00260586,0,0.00651466,0,0.00130293,0.00130293,0.000651466,0,0.0149837,0.00390879,0.0410423,0,0,0.212378,0,0,0,0,0.00130293,0,0.0117264,0,0.0436482,0,0,0,0,0.037785,0,0.00977199,0,0,0.0749186,0.134202,0.0319218,0.0631922,0.0325733,0,0,0,0,0.171336,0,0,0.0403909,0.00651466,0,0.0149837,0,0,0,0,0,0,0,0,0,0,0,0,0.0410423,0,0
46750,0,0,0,0,0,0,0,0,0,0,0,0,0,0,0,0,0,0,0,0,0,0,0,0,0,0,0,0,0,0,0,0,0,0,0,0,0.0010352,0,0,0.00414079,0,0,0.0010352,0,0,0.00310559,0.00414079,0.0212215,0,0,0.169255,0,0,0.0010352,0,0.00207039,0,0.00517598,0,0.010352,0,0,0,0,0.0408903,0,0.0217391,0,0.000517598,0.0719462,0.14648,0.0491718,0.055383,0.0408903,0,0,0,0,0.268634,0,0.000517598,0.0279503,0.0186335,0,0.00621118,0,0,0,0,0,0,0,0,0,0,0,0,0.0284679,0,0
46800,0,0,0,0,0,0,0,0,0,0,0,0,0,0,0,0,0,0,0,0,0,0,0,0,0,0,0,0,0,0,0,0,0,0,0,0,0.00113186,0.00169779,0,0,0.00169779,0,0.00113186,0,0,0,0.00565931,0.00396152,0,0,0.144878,0,0,0.0130164,0,0.00113186,0,0.00226372,0.00282965,0.0203735,0,0,0,0,0.0299943,0,0.00282965,0,0,0.0962083,0.0956423,0.0707414,0.164686,0.0175439,0,0,0,0.00169779,0.222977,0,0,0.032824,0.00396152,0,0.0158461,0,0,0,0,0,0,0,0,0,0,0,0,0.0452745,0,0
46850,0,0,0,0,0,0,0,0,0,0,0,0,0,0,0,0,0,0,0,0,0,0,0,0,0,0,0,0,0,0,0,0,0,0,0,0,0,0.00203252,0,0.00474255,0.00948509,0,0,0,0,0,0.00880759,0.0135501,0,0,0.125339,0,0,0.0101626,0,0,0,0.000677507,0.00745257,0.0128726,0,0,0.000677507,0,0.0257453,0,0.050813,0,0,0.118564,0.0616531,0.046748,0.147696,0.0372629,0,0,0,0.00338753,0.243225,0,0,0.0264228,0,0,0.00609756,0,0,0,0,0,0,0,0,0,0,0,0,0.0365854,0,0
46900,0,0,0,0,0,0,0,0,0,0,0,0,0,0,0,0,0,0,0,0,0,0,0,0,0,0,0,0,0,0,0,0,0,0,0,0,0,0.00127065,0,0,0.00635324,0,0.00889454,0,0,0.000635324,0.0184244,0.019695,0,0,0.209022,0.000635324,0,0,0,0,0,0.000635324,0.00317662,0.0203304,0,0,0.00508259,0,0.023507,0,0.0438374,0,0,0.117535,0.0711563,0.0578145,0.120712,0.00889454,0.00190597,0,0,0.0260483,0.180432,0,0,0.0114358,0,0,0.0025413,0,0,0,0,0,0,0,0,0,0,0,0,0.0400254,0,0
46950,0,0,0,0,0,0,0,0,0,0,0,0,0,0,0,0,0,0,0,0,0,0,0.000716332,0,0,0,0,0,0,0,0,0,0,0,0,0.00143266,0.00573066,0,0,0,0.00286533,0,0.00429799,0,0,0.00859599,0.0186246,0.0179083,0,0,0.180516,0.012894,0,0,0,0.00143266,0,0,0.017192,0.00859599,0,0,0,0,0.0308023,0,0.0164756,0,0,0.0988539,0.110315,0.027937,0.102436,0.000716332,0.00787966,0,0,0.0272206,0.255731,0,0,0.00787966,0,0,0,0,0,0,0,0,0,0,0,0,0,0,0,0.0329513,0,0
47000,0,0,0,0,0,0,0,0,0,0,0,0,0,0,0,0,0,0,0,0,0,0,0,0,0,0,0,0,0,0,0,0,0,0,0,0.0089779,0,0,0,0,0.00552486,0,0.00276243,0,0,0.0179558,0.0207182,0.00345304,0,0,0.145028,0,0,0,0,0.000690608,0,0.00690608,0.0448895,0.00552486,0,0,0,0,0.0372928,0.0145028,0.038674,0,0,0.0780387,0.0635359,0.0497238,0.0752762,0.0131215,0,0,0,0.0165746,0.27279,0,0.000690608,0.0089779,0,0,0,0,0,0,0,0,0,0,0,0,0,0,0,0.0683702,0,0
47050,0,0,0,0,0,0,0,0,0,0,0,0,0,0,0,0,0,0,0,0,0,0,0,0,0,0,0,0,0,0,0,0,0,0,0,0.000693481,0.00138696,0,0,0,0.00832178,0.000693481,0.000693481,0,0,0.0104022,0.0214979,0.017337,0.00416089,0,0.203883,0,0,0,0,0,0,0.0104022,0.0221914,0.00416089,0,0,0,0.000693481,0.0464632,0.00693481,0.0381415,0,0,0.105409,0.0825243,0.0554785,0.0686546,0.00693481,0,0.00277393,0,0.0138696,0.192094,0,0.020111,0.0312067,0,0,0,0,0,0,0,0,0,0,0,0,0,0,0,0.0228849,0,0
47100,0,0,0,0,0,0,0,0,0,0,0,0,0,0,0,0,0,0,0,0,0,0,0,0,0,0,0,0,0,0,0,0,0,0,0,0,0,0,0,0,0.00140252,0,0,0,0,0.00981767,0,0.0126227,0,0,0.179523,0,0,0,0,0.000701262,0,0.0147265,0.0196353,0.0203366,0,0,0,0,0.0175316,0,0.0273492,0,0.000701262,0.110799,0.0659187,0.0539972,0.122721,0.00701262,0,0.0196353,0,0.0056101,0.242637,0,0.00350631,0.026648,0,0,0,0.00210379,0,0,0,0,0,0,0,0,0,0,0,0.0350631,0,0
47150,0,0,0,0,0,0,0,0,0,0,0,0,0,0,0,0,0,0,0,0,0,0,0,0,0,0,0,0,0,0,0,0,0,0,0,0,0,0,0,0.00273038,0,0,0.000682594,0,0,0.00409556,0.00204778,0.0286689,0,0,0.206826,0.00273038,0,0.00477816,0,0.000682594,0,0.00887372,0.00273038,0.01843,0,0,0,0,0.0430034,0,0.0368601,0,0,0.166553,0.0361775,0.0518771,0.0976109,0.00341297,0,0.0122867,0,0.00477816,0.195904,0,0.00477816,0.0395904,0,0,0,0.00273038,0,0,0,0,0,0,0,0,0,0,0,0.0211604,0,0
47200,0,0,0,0,0,0,0,0,0,0,0,0,0,0,0,0,0,0,0,0,0,0,0,0,0,0,0,0,0,0,0,0.000614628,0.00122926,0,0,0,0,0,0,0.0043024,0,0,0,0,0,0.0202827,0,0.0497849,0,0,0.139521,0.0043024,0,0.0043024,0,0.00245851,0,0.0153657,0,0.000614628,0,0,0,0,0.0921942,0,0.047941,0,0,0.117394,0.0682237,0.0460971,0.0829748,0.00491703,0,0.00983405,0,0,0.219422,0,0.016595,0.0202827,0,0,0,0.00983405,0,0,0.000614628,0,0,0,0,0,0,0,0,0.0208974,0,0
47250,0,0,0,0,0,0,0,0,0,0,0,0,0,0,0,0,0,0,0,0,0,0,0,0,0,0,0,0,0,0,0,0.00166113,0,0,0,0,0,0.00166113,0,0.00830565,0.00055371,0,0,0,0,0.013289,0.00609081,0.0232558,0,0,0.10742,0.00110742,0,0,0.00055371,0,0,0.00664452,0,0.00276855,0,0,0,0,0.112403,0,0.0293466,0,0,0.110742,0.0808416,0.0365449,0.101329,0.0188261,0,0.0116279,0.00110742,0,0.253045,0,0.0116279,0.00442968,0,0,0,0.0393134,0,0,0,0,0,0,0,0,0,0,0,0.0155039,0,0
47300,0,0,0,0,0,0,0,0,0,0,0,0,0,0,0,0,0,0,0,0,0,0,0,0,0,0,0,0,0,0,0,0,0.00466356,0,0,0,0,0,0,0.005996,0,0,0,0,0,0.00866089,0.0146569,0.0113258,0,0,0.0926049,0,0,0,0,0.000666223,0,0.0139907,0,0.000666223,0,0,0,0,0.047968,0.00266489,0.0632911,0,0,0.143238,0.0826116,0.0612925,0.101932,0.0253165,0,0.00199867,0.0173218,0,0.243837,0,0.023984,0.00532978,0,0,0.00133245,0.0206529,0,0,0,0,0,0,0,0,0,0,0,0.00399734,0,0
47350,0,0,0,0,0,0,0,0,0,0,0,0,0,0,0,0,0,0,0,0,0,0,0,0,0,0,0,0,0,0,0,0,0.00353149,0,0,0,0,0,0,0.00412007,0,0,0,0,0.00176574,0,0.00294291,0.00588582,0,0,0.0918187,0,0,0.00824014,0,0.00176574,0.000588582,0.00882872,0.00235433,0,0,0,0,0.00117716,0.0535609,0.00294291,0.0258976,0,0.00117716,0.151265,0.108888,0.0382578,0.103002,0.00470865,0,0.00529723,0.0570924,0,0.25721,0,0.00117716,0.0264862,0,0.000588582,0,0.018246,0,0,0,0,0,0,0,0,0,0,0,0.011183,0,0
47400,0,0,0,0,0,0,0,0,0,0,0,0,0,0,0,0,0,0,0,0,0,0,0,0,0,0,0,0,0,0,0,0,0.000728863,0,0,0,0,0,0,0.00728863,0,0,0,0,0,0,0.00218659,0.00510204,0,0,0.0932945,0,0,0.00801749,0,0.000728863,0,0.00364431,0.0058309,0,0,0.000728863,0,0,0.0728863,0.00145773,0.0430029,0.00218659,0,0.074344,0.119534,0.0524781,0.150875,0.00218659,0,0,0.0109329,0.00218659,0.26312,0,0,0.00655977,0,0.00801749,0,0.0298834,0,0,0,0,0,0,0,0,0,0,0,0.0327988,0,0
47450,0,0,0,0,0,0,0,0,0,0,0,0,0,0,0,0,0,0,0,0,0,0,0,0,0,0,0,0,0,0,0,0,0,0,0,0,0,0,0,0.0215909,0.00227273,0,0,0,0,0,0.00511364,0.025,0,0,0.122727,0,0,0.00681818,0,0.00113636,0.00170455,0.0107955,0.00681818,0.00284091,0,0,0,0,0.0528409,0,0.0380682,0,0,0.0505682,0.0625,0.0380682,0.207386,0.00454545,0,0.000568182,0.0142045,0,0.242614,0,0.00227273,0,0,0.000568182,0,0.0181818,0,0,0,0,0,0,0,0,0,0,0,0.0607955,0,0
47500,0,0,0,0,0,0,0,0,0,0,0,0,0,0,0,0,0,0,0,0,0,0,0.00207147,0,0,0,0,0,0,0,0,0,0,0,0,0,0.00258933,0,0,0.00828586,0.00414293,0,0.000517866,0,0,0,0.0062144,0.0269291,0,0,0.170378,0,0,0.00517866,0,0.000517866,0,0.0031072,0.0139824,0.0217504,0,0,0,0,0.0585189,0,0.0372864,0,0,0.0512688,0.050233,0.0761264,0.121181,0.00828586,0,0,0.0150181,0,0.248058,0,0,0.00725013,0,0,0,0.0170896,0,0,0,0,0,0,0,0,0,0.00103573,0,0.0429829,0,0
47550,0,0,0,0,0,0,0,0,0,0,0,0,0,0,0,0,0,0,0,0,0,0,0,0,0,0,0,0,0,0,0,0,0,0,0,0,0.00555864,0,0,0.00277932,0.00277932,0,0,0,0,0.00277932,0.0077821,0.0194553,0,0,0.198999,0.00111173,0,0.0200111,0,0.00333519,0,0.00111173,0.00667037,0.00944969,0,0,0,0,0.0372429,0,0.0383546,0,0,0.0177877,0.0700389,0.0483602,0.18677,0.00389105,0,0,0.0161201,0,0.23791,0,0.000555864,0.0150083,0,0,0,0.0250139,0,0,0,0,0,0,0,0,0,0,0,0.0211228,0,0
47600,0,0,0,0,0,0,0,0,0,0,0,0,0,0,0,0,0,0,0,0,0,0,0,0,0,0,0,0,0,0,0,0,0,0,0,0,0.0232997,0.00251889,0,0.00125945,0,0.000629723,0,0,0,0.00566751,0.0138539,0.00440806,0,0,0.129723,0.00503778,0,0.0188917,0,0.0119647,0,0,0.00503778,0.0163728,0,0,0,0,0.0440806,0.000629723,0.0352645,0.00629723,0,0.0251889,0.0510076,0.0459698,0.15806,0.00125945,0,0.00188917,0.0151134,0,0.330605,0,0,0.0220403,0,0,0,0.0188917,0,0,0,0,0,0,0,0,0,0,0,0.00503778,0,0
47650,0,0,0,0,0,0,0,0,0,0,0,0,0,0,0,0,0,0,0,0,0,0,0,0,0,0,0,0,0,0,0,0,0,0,0,0,0.00426829,0,0,0.00853659,0.00304878,0,0,0,0.000609756,0.00426829,0.0054878,0.00304878,0,0,0.120122,0,0,0.0213415,0,0.0115854,0,0,0.000609756,0.0103659,0.00243902,0,0,0,0.0408537,0,0.0329268,0,0,0.00792683,0.0231707,0.0957317,0.220122,0.0182927,0,0.00365854,0.000609756,0,0.283537,0,0,0.0213415,0,0,0,0.0323171,0,0,0,0,0,0,0,0,0,0,0,0.0237805,0,0
47700,0,0,0,0,0,0,0,0,0,0,0,0,0,0,0,0,0,0,0,0,0,0,0,0,0,0,0,0,0,0,0,0,0,0,0,0,0.010665,0,0,0.0112923,0.00564617,0,0,0,0,0,0.0119197,0.02133,0,0,0.119197,0,0,0.0250941,0,0,0,0,0,0.00250941,0.000627353,0,0,0,0.0501882,0,0.0395232,0,0,0.0207026,0.0301129,0.110414,0.237139,0.00564617,0,0.00815558,0,0,0.206399,0,0,0.0282309,0,0,0,0.0125471,0,0,0,0,0,0,0,0,0,0,0,0.04266,0,0
47750,0,0,0,0,0,0,0,0,0,0,0,0,0,0,0,0,0,0,0,0,0,0,0,0,0,0,0,0,0,0,0,0,0,0,0,0,0.00463269,0.00198544,0,0.0225017,0.00198544,0,0,0,0,0.00264725,0.0152217,0.00926539,0,0,0.0622105,0,0,0.0119126,0,0,0,0,0,0,0.00132363,0,0.000661813,0,0.0456651,0,0.0337525,0,0,0.0119126,0.0615486,0.122435,0.307081,0.0119126,0,0.00330907,0,0,0.19325,0,0.00132363,0.0251489,0,0,0,0.0297816,0,0,0,0,0,0,0,0,0,0.00132363,0,0.0172071,0,0
47800,0,0,0,0,0,0,0,0,0,0,0,0,0,0,0,0,0,0,0,0,0,0,0,0,0,0,0,0,0,0,0,0,0,0,0,0,0.0041543,0.000593472,0,0.00593472,0.00178042,0,0,0,0,0.00771513,0.00237389,0.00890208,0,0,0.104451,0,0,0.00356083,0,0,0,0.00356083,0.00296736,0,0.00237389,0,0,0,0.0575668,0,0.0700297,0.00356083,0,0.0373887,0.0747774,0.0759644,0.349555,0.00356083,0,0,0,0,0.132344,0,0.0148368,0.00830861,0.00118694,0,0,0.0154303,0,0,0,0,0,0,0,0,0,0.00118694,0,0.00593472,0,0
47850,0,0,0,0,0,0,0,0,0,0,0,0,0,0,0,0,0,0,0,0,0,0,0,0,0,0,0,0,0,0,0,0,0.0026455,0,0,0,0,0,0,0.00330688,0,0,0,0,0,0.00198413,0.00661376,0.015873,0.000661376,0,0.151455,0,0,0.0125661,0,0.000661376,0,0.0205026,0,0.0026455,0.00132275,0,0,0,0.0535714,0,0.0383598,0,0,0.0555556,0.082672,0.107804,0.160714,0.00661376,0,0,0,0,0.172619,0,0.0410053,0.0304233,0.00793651,0,0,0.0191799,0,0,0,0,0,0,0,0,0,0,0,0.00330688,0,0
47900,0,0,0,0,0,0,0,0,0,0,0,0,0,0,0,0,0,0,0,0,0,0,0,0,0,0,0,0,0,0,0,0,0,0,0,0,0,0,0,0,0.00205479,0,0,0,0,0.000684932,0,0.00821918,0,0,0.19726,0,0,0.0226027,0,0,0,0.00342466,0,0.00616438,0.00410959,0,0,0,0.0623288,0,0.0349315,0,0.00616438,0.059589,0.040411,0.123288,0.0986301,0.0328767,0,0.00753425,0.00273973,0,0.133562,0,0.0719178,0.0657534,0.00342466,0,0.000684932,0.0116438,0,0,0,0,0,0,0,0,0,0,0,0,0,0
47950,0,0,0,0,0,0,0,0,0,0,0,0,0,0,0,0,0,0,0,0,0,0,0,0,0,0,0,0,0,0,0,0.00313234,0,0,0,0,0,0.00391543,0,0.00626468,0.00469851,0,0,0,0,0,0.0109632,0.0211433,0,0,0.196554,0,0,0.018794,0,0,0,0.00783085,0.000783085,0.00861394,0,0,0,0,0.0689115,0,0.101018,0,0.00234926,0.0790916,0.0485513,0.120595,0.0501175,0.00704777,0,0.00234926,0,0.000783085,0.117463,0,0.0203602,0.0375881,0.018794,0,0,0.0422866,0,0,0,0,0,0,0,0,0,0,0,0,0,0
48000,0,0,0,0,0,0,0,0,0,0,0,0,0,0,0,0,0,0,0,0,0,0,0,0,0,0,0,0,0,0,0,0.0106157,0,0,0,0,0.00566171,0,0,0.00141543,0,0,0,0,0,0.000707714,0.00636943,0.0106157,0,0,0.191083,0,0,0.00141543,0,0.000707714,0,0.0403397,0,0.0106157,0,0,0,0,0.019816,0,0.134466,0,0,0.120311,0.0736023,0.0679406,0.039632,0.00424628,0,0.00566171,0,0.004954,0.130219,0.000707714,0.039632,0.0502477,0.0162774,0,0,0.009908,0,0,0,0,0,0,0,0,0,0,0,0.00283086,0,0
48050,0,0,0,0,0,0,0,0,0,0,0,0,0,0,0,0,0,0,0,0,0,0,0,0,0,0,0,0,0,0,0,0.00209205,0,0,0,0,0,0,0,0.0041841,0,0,0,0,0,0.0027894,0.0104603,0.0195258,0,0,0.163877,0,0,0,0,0,0,0.027894,0.0013947,0.0181311,0,0,0.00069735,0,0.0271967,0,0.117155,0,0,0.097629,0.0327755,0.08159,0.162483,0.00767085,0,0.0153417,0.0013947,0.0069735,0.108089,0,0.0195258,0.0509066,0.00767085,0,0,0.00348675,0,0,0,0,0,0,0,0,0,0,0,0.00906555,0,0
48100,0,0,0,0,0,0,0,0,0,0,0,0,0,0,0,0,0,0,0,0,0,0,0,0,0,0,0,0,0,0,0,0,0.00198675,0,0,0,0,0,0,0.00198675,0,0,0,0,0,0.00198675,0.00993377,0.0258278,0,0,0.151656,0,0,0,0,0.00264901,0,0,0.00264901,0.00794702,0,0.000662252,0,0.000662252,0.0172185,0,0.12649,0,0,0.15894,0.0192053,0.0834437,0.13245,0.00860927,0,0.0231788,0.0013245,0,0.094702,0,0.0145695,0.0788079,0.0258278,0,0,0.00463576,0.00264901,0,0,0,0,0,0,0,0,0,0,0,0,0
48150,0,0,0,0,0,0,0,0,0,0,0,0,0,0,0,0,0,0,0,0,0,0,0,0,0,0,0,0,0,0,0,0.000607533,0,0,0,0.000607533,0,0,0,0.00607533,0.0054678,0.00425273,0,0,0,0.0072904,0.0279465,0.009113,0,0,0.133657,0,0,0,0,0,0,0,0.0018226,0.0212637,0,0,0,0,0.045565,0,0.0565006,0,0,0.123937,0.0315917,0.147023,0.13548,0.0176185,0,0.0224787,0,0,0.0832321,0,0.0236938,0.0516403,0.00789793,0,0,0.0255164,0.00972053,0,0,0,0,0,0,0,0,0,0,0,0,0
48200,0,0,0,0,0,0,0,0,0,0,0,0,0,0,0,0,0,0,0,0,0,0,0,0,0,0,0,0,0,0,0,0,0,0,0,0.0021978,0,0,0,0.00164835,0.0021978,0.0010989,0,0,0,0.00604396,0.00769231,0.0120879,0,0,0.114286,0,0,0,0,0,0,0,0,0.0153846,0,0,0,0,0.0582418,0,0.0532967,0,0,0.128571,0.0241758,0.137363,0.113736,0.0164835,0.0021978,0.0472527,0,0,0.123626,0,0.028022,0.0263736,0.0021978,0,0,0.067033,0.0032967,0,0,0,0,0,0,0,0,0,0,0.00549451,0,0
48250,0,0,0,0,0,0,0,0,0,0,0,0,0,0,0,0,0,0,0,0,0,0,0,0,0,0,0,0,0,0,0,0,0.00123993,0,0,0,0,0,0,0.00247985,0,0,0,0,0,0.00123993,0.0229386,0.00681959,0,0,0.124613,0,0,0,0,0.00123993,0,0,0,0.00433974,0,0,0,0.000619963,0.0247985,0,0.0520769,0,0,0.134532,0.0762554,0.176069,0.0898946,0.0142591,0,0.0235586,0.00123993,0,0.154371,0,0.00805952,0.0322381,0,0,0,0.032858,0,0,0,0,0,0.00309981,0,0,0,0,0,0.00557967,0,0.00557967
48300,0,0,0,0,0,0,0,0,0,0,0,0,0,0,0,0,0,0,0,0,0,0,0,0,0,0,0,0,0,0,0,0,0.0071475,0,0,0,0,0.00519818,0,0,0,0,0,0,0,0.0116959,0.0123457,0.0181936,0.00129955,0,0.153346,0,0,0,0,0,0.00584795,0,0.00454841,0.0116959,0,0,0,0.000649773,0.0272904,0,0.0402859,0.00129955,0,0.120858,0.0578298,0.08577,0.105263,0.0890188,0,0.0181936,0,0,0.146849,0,0.0071475,0.0415854,0.000649773,0,0.000649773,0.0253411,0,0,0,0,0,0,0,0,0,0,0,0,0,0
48350,0,0,0,0,0,0,0,0,0,0,0,0,0,0,0,0,0,0,0,0,0,0,0,0,0,0,0,0,0,0,0,0,0.000588928,0,0,0.00117786,0,0,0,0,0.00117786,0,0,0,0,0.0123675,0.00765607,0.0100118,0,0,0.159011,0,0,0,0,0.00294464,0,0,0.00824499,0.0217903,0,0,0,0.000588928,0.0341578,0,0.0153121,0,0,0.166078,0.0624264,0.112485,0.0965842,0.0223793,0,0.0170789,0.0135453,0.000588928,0.166078,0,0.00647821,0.0353357,0.0117786,0,0,0.0141343,0,0,0,0,0,0,0,0,0,0,0,0,0,0
48400,0,0,0,0,0,0,0,0,0,0,0,0,0,0,0,0,0,0,0,0,0,0,0,0,0,0,0,0,0,0,0,0,0,0,0,0,0,0,0,0,0,0,0,0,0,0.0247059,0.0117647,0.00470588,0,0,0.14,0,0,0,0,0.01,0.00235294,0.00176471,0.00294118,0.0223529,0,0,0,0,0.0258824,0,0.0123529,0,0,0.104706,0.09,0.0976471,0.147647,0.0211765,0,0.0288235,0.000588235,0,0.152941,0,0,0.0288235,0.0135294,0,0,0.0547059,0,0.000588235,0,0,0,0,0,0,0,0,0,0,0,0
48450,0,0,0,0,0,0,0,0,0,0,0,0,0,0,0,0,0,0,0,0,0,0,0,0,0,0,0,0,0,0,0,0,0,0,0,0,0,0,0,0,0.00278396,0,0,0,0,0.00278396,0.0200445,0.00668151,0,0,0.154232,0,0,0.00222717,0,0.00612472,0,0.00167038,0,0.0206013,0,0,0,0,0.0233853,0,0.0306236,0,0,0.0762806,0.091314,0.0957684,0.14755,0.00556793,0.000556793,0.0306236,0.00111359,0,0.201559,0,0,0.0417595,0.0200445,0,0,0.0167038,0,0,0,0,0,0,0,0,0,0,0,0,0,0
48500,0,0,0,0,0,0,0,0,0,0,0,0,0,0,0,0,0,0,0,0,0,0,0,0,0.000564653,0,0,0,0,0,0,0,0,0,0,0,0,0,0,0,0.00790514,0,0,0,0,0.00169396,0.014681,0.00564653,0,0,0.129305,0,0,0.00112931,0,0,0.00169396,0.00621118,0.00451722,0.0271033,0,0,0,0,0.0158103,0.000564653,0.0350085,0,0,0.128176,0.100508,0.079616,0.118577,0.00395257,0.00790514,0.0434783,0,0,0.155844,0,0.000564653,0.0513834,0.0502541,0,0.000564653,0.00621118,0,0,0,0,0,0,0,0,0,0,0,0.00112931,0,0
48550,0,0,0,0,0,0,0,0,0,0,0,0,0,0,0,0,0,0,0,0,0,0,0,0,0,0,0,0,0,0,0,0,0,0,0,0,0.000558347,0,0,0,0.00223339,0,0,0,0,0.00502513,0.0563931,0.0134003,0,0,0.162479,0,0,0,0,0,0.000558347,0.00223339,0,0.0279174,0,0,0,0,0.0167504,0.00390843,0.0195422,0,0,0.126745,0.0586265,0.109994,0.129537,0.00167504,0.00558347,0.00893356,0,0.000558347,0.192071,0.000558347,0.00111669,0.0502513,0,0.000558347,0,0.00167504,0,0,0,0,0,0,0,0,0,0,0,0.00111669,0,0
48600,0,0,0,0,0,0,0,0,0,0,0,0,0,0,0,0,0,0,0,0,0,0,0,0,0,0,0,0,0,0.00214362,0,0,0,0,0,0,0,0,0,0,0.00267953,0,0,0,0,0.00428725,0.0466238,0.0176849,0.00160772,0,0.144695,0,0,0,0,0.000535906,0.00214362,0.00482315,0,0.0578778,0,0,0,0,0.017149,0.0128617,0.0530547,0,0,0.103966,0.0444802,0.056806,0.0916399,0,0.00482315,0.00750268,0,0,0.268489,0,0.0123258,0.0305466,0,0,0.00589496,0.00535906,0,0,0,0,0,0,0,0,0,0,0,0,0,0
48650,0,0,0,0,0,0,0,0,0,0,0,0,0,0,0,0,0,0,0,0,0,0,0,0,0,0,0,0,0,0.00376547,0,0,0,0,0,0,0,0,0,0.00107585,0.00322754,0.00215169,0,0,0,0.00322754,0.0392684,0.0107585,0.00537924,0,0.15815,0,0,0,0,0.00161377,0.00699301,0.0123722,0,0.0462614,0,0,0,0,0.00537924,0.00645508,0.0376547,0.00430339,0,0.0839161,0.0710059,0.0398063,0.100054,0,0.00430339,0.00753093,0,0,0.25659,0,0.0236686,0.034965,0.000537924,0,0,0.0220549,0,0,0,0,0,0,0,0,0,0,0,0.00753093,0,0
48700,0,0,0,0,0,0,0,0,0,0,0,0,0,0,0,0,0,0,0,0,0,0,0,0,0,0,0,0,0,0.00199302,0,0,0,0,0,0,0,0.000996512,0,0.0129547,0.00996512,0,0,0,0.000996512,0.0109616,0.0219233,0.0129547,0.00847035,0,0.119581,0,0,0,0,0,0.00847035,0.017439,0,0.0298954,0,0,0,0,0.0079721,0.0259093,0.0229198,0.000996512,0,0.0513204,0.044843,0.0358744,0.111111,0,0.000498256,0.00348779,0,0,0.279522,0,0.0154459,0.0378675,0,0,0,0.0847035,0,0.00298954,0,0,0,0,0,0,0,0.000498256,0,0.0154459,0,0.00199302
48750,0,0,0,0,0,0,0,0,0,0,0,0,0,0,0,0,0,0,0,0,0,0,0,0,0,0,0,0,0,0,0,0,0,0,0,0,0,0,0,0.0174531,0,0,0,0,0.000646412,0.010989,0.0148675,0.0135747,0.000646412,0,0.149968,0,0,0,0,0,0.0116354,0.0129282,0,0.0743374,0,0,0,0,0.00840336,0.0116354,0.0355527,0,0,0.0400776,0.0161603,0.0387847,0.128636,0,0,0.000646412,0,0,0.27925,0,0.0116354,0.0542986,0,0,0.000646412,0.043956,0,0,0,0,0,0,0,0,0,0.000646412,0,0.0155139,0,0.00711054
48800,0,0,0,0,0,0,0,0,0,0,0,0,0,0,0,0,0,0,0,0,0,0,0,0,0,0,0,0,0,0,0,0,0,0,0,0.000704722,0,0,0,0.0295983,0,0,0,0,0,0.00493305,0.0183228,0.0119803,0,0,0.123326,0,0,0,0,0.000704722,0.00775194,0.0105708,0,0.0443975,0,0.00352361,0.00493305,0,0.0535588,0.0105708,0.038055,0.00493305,0,0.0352361,0.0147992,0.0591966,0.107822,0,0.00493305,0,0,0,0.296688,0,0.012685,0.0366455,0,0,0,0.030303,0,0,0,0,0,0,0,0.00211416,0,0,0,0.0317125,0,0
48850,0,0,0,0,0,0,0,0,0,0,0,0,0,0,0,0,0,0,0,0,0,0,0,0,0,0,0,0,0,0,0,0,0,0,0,0.00120337,0,0,0,0.00361011,0.00240674,0,0,0,0,0.0078219,0.0150421,0.00842359,0,0,0.0818291,0,0,0,0,0.00180505,0.00421179,0.00180505,0,0.0312876,0,0.00240674,0.000601685,0,0.0276775,0.0156438,0.034296,0.0240674,0,0.0619735,0.0174489,0.0800241,0.11071,0,0,0,0,0.00180505,0.270758,0,0.0379061,0.0541516,0.00120337,0,0,0.0216606,0,0,0,0,0,0.000601685,0,0.00842359,0,0,0,0.0691937,0,0
48900,0,0,0,0,0,0,0,0,0,0,0,0,0,0,0,0,0,0,0,0,0,0,0,0,0,0,0,0,0,0,0,0,0,0,0,0,0,0,0,0.00138026,0.000690131,0,0,0,0,0.00690131,0.00207039,0.00690131,0,0,0.0862664,0.000690131,0,0.00414079,0,0,0.00483092,0,0,0.0345066,0,0,0,0,0.0234645,0.0213941,0.0220842,0.00966184,0,0.0952381,0.0310559,0.0779848,0.0917874,0,0,0,0,0,0.241546,0,0.0407177,0.089717,0.00276052,0,0,0.0117322,0,0,0.000690131,0,0,0,0,0.0207039,0,0,0,0.0710835,0,0
48950,0,0,0,0,0,0,0,0,0,0,0,0,0,0,0,0,0,0,0,0,0,0,0,0,0,0,0,0,0,0,0,0,0,0,0,0.000565291,0,0,0,0.00339175,0,0,0,0,0,0.0113058,0,0.0243075,0,0,0.10684,0,0,0.00169587,0,0.000565291,0.00960995,0,0,0.0423968,0,0,0,0,0.0248728,0.0141323,0.0293951,0.00339175,0,0.00678349,0.0684002,0.105144,0.148672,0,0,0,0,0,0.159412,0,0.0474845,0.0684002,0,0,0,0.00791408,0,0,0,0,0,0,0,0.00678349,0,0,0,0.108536,0,0
49000,0,0,0,0,0,0,0,0,0,0,0,0,0,0,0,0,0,0,0,0,0,0,0,0,0,0,0,0,0,0.00063857,0,0,0,0,0,0.00510856,0,0,0,0.00766284,0.00127714,0.00063857,0,0,0,0.00957854,0,0.0249042,0,0,0.103448,0,0,0,0,0.00063857,0.00255428,0,0.00127714,0.0440613,0.00063857,0,0,0,0.0127714,0.0338442,0.00957854,0.00702427,0.00127714,0.00191571,0.0925926,0.120051,0.121967,0,0,0.00063857,0,0,0.235632,0.00063857,0.0197957,0.105364,0,0,0,0,0,0,0,0,0,0,0,0.00319285,0,0,0,0.0312899,0,0
49050,0,0,0,0,0,0,0,0,0,0,0,0,0,0,0,0,0,0,0,0,0,0,0,0,0,0,0,0,0,0,0,0,0,0,0,0.001853,0,0,0,0.00555899,0.00555899,0,0,0,0,0.00988264,0.000617665,0.0210006,0,0,0.102532,0,0,0,0,0,0.01853,0.000617665,0,0.0197653,0,0,0,0,0.0339716,0.00679432,0.011118,0.001853,0.00494132,0.0216183,0.0660902,0.14824,0.0889438,0,0.001853,0.000617665,0,0,0.262508,0,0.0302656,0.0920321,0,0,0,0,0,0,0,0,0,0,0,0,0,0,0,0.0432366,0,0
49100,0,0,0,0,0,0,0,0,0,0,0,0,0,0,0,0,0,0,0,0,0,0,0,0,0,0,0,0,0,0.000662252,0,0,0,0,0,0,0,0,0,0.00728477,0.00529801,0,0,0,0,0.00331126,0,0.0317881,0,0,0.133113,0,0,0,0,0.00264901,0.00860927,0.0013245,0,0.0205298,0,0,0,0,0.0245033,0.00331126,0.0125828,0.00596026,0.00662252,0.0364238,0.0516556,0.116556,0.11457,0,0.0013245,0.00264901,0,0,0.248344,0,0.0410596,0.0735099,0,0,0,0,0,0,0,0,0,0,0,0,0,0,0,0.0463576,0,0
49150,0,0,0,0,0,0,0,0,0,0,0,0,0,0,0,0,0,0,0,0,0,0,0,0,0,0,0,0,0,0,0,0,0,0,0,0,0,0,0,0.00647249,0,0,0,0,0,0.002589,0,0.0110032,0,0,0.0744337,0,0,0.00970874,0,0,0,0.00323625,0,0.031068,0,0,0,0,0.018123,0,0.0174757,0.0627832,0.00970874,0.0569579,0.0789644,0.0744337,0.150809,0,0,0.012945,0,0,0.286731,0,0.018123,0.0446602,0,0,0,0.00711974,0,0,0,0,0,0,0,0,0,0,0,0.0226537,0,0
49200,0,0,0,0,0,0,0,0,0,0,0,0,0,0,0,0,0,0,0,0,0,0,0,0,0,0,0,0,0,0,0,0,0,0,0,0,0,0,0,0.00214133,0,0,0,0,0,0,0.00142755,0,0,0,0.0635261,0,0,0.0028551,0,0,0.00142755,0,0,0.0242684,0,0,0,0,0.041399,0,0.0221271,0.0406852,0.00713776,0.12848,0.0214133,0.0706638,0.10778,0.00428266,0.00713776,0.00927909,0.00214133,0.00713776,0.302641,0,0.0271235,0.0792291,0,0,0,0.0107066,0,0,0,0,0,0,0,0,0,0,0,0.0149893,0,0
49250,0,0,0,0,0,0,0,0,0,0,0,0,0,0,0,0,0,0,0,0,0,0,0,0,0,0,0,0,0,0.00285307,0,0,0,0,0,0,0,0,0,0.0128388,0.0021398,0,0,0,0,0.00142653,0.00570613,0,0,0,0.0912981,0,0,0.00356633,0,0,0,0,0,0.0199715,0,0,0,0.00356633,0.0477889,0,0.0114123,0.00927247,0.0042796,0.0741797,0.0328103,0.0977175,0.124108,0.00285307,0.00499287,0.00142653,0,0.0192582,0.256776,0,0.0135521,0.0848787,0,0,0,0.0192582,0,0,0,0,0,0,0.000713267,0.000713267,0,0,0,0.0506419,0,0
49300,0,0,0,0,0,0,0,0,0,0,0,0,0,0,0,0,0,0,0,0,0,0,0,0,0,0,0.000661813,0,0,0,0,0,0,0,0,0,0,0,0,0.00794176,0,0,0,0,0,0.00330907,0,0.00397088,0,0,0.0688286,0,0,0.00926539,0,0.0172071,0,0,0,0.0350761,0,0,0,0.00926539,0.0430179,0,0.00330907,0.00794176,0.00132363,0.0582396,0.039047,0.0926539,0.0820649,0.00264725,0.000661813,0,0.00132363,0.0165453,0.256784,0,0.0311052,0.0734613,0,0,0,0.0264725,0.000661813,0,0,0,0,0,0,0,0,0,0,0.107214,0,0
49350,0,0,0,0,0,0,0,0,0,0,0,0,0,0,0,0,0,0,0,0,0,0,0,0,0,0,0,0,0,0,0,0,0,0,0,0.00403226,0,0,0,0.0110887,0,0,0,0.000504032,0,0.0146169,0.00655242,0.00957661,0,0.000504032,0.0826613,0,0,0.0141129,0,0.0131048,0.00352823,0.0015121,0,0.0287298,0,0,0,0.00252016,0.0564516,0,0.00252016,0.00705645,0.00403226,0.0428427,0.0216734,0.169355,0.0332661,0.00856855,0.000504032,0,0.000504032,0.0267137,0.1875,0,0.0539315,0.0892137,0.00352823,0,0,0.0282258,0,0,0,0,0,0,0,0,0,0,0,0.0710685,0,0
49400,0,0,0,0,0,0,0,0,0,0,0,0,0,0,0,0,0,0,0,0,0,0,0,0,0,0,0,0,0,0,0,0,0.000519481,0,0,0.00727273,0,0,0,0.00935065,0.000519481,0,0,0,0,0.0155844,0.00155844,0.0109091,0,0,0.0581818,0,0,0,0,0.00571429,0.0025974,0.00311688,0,0.0197403,0,0,0,0.00467532,0.0701299,0,0.00207792,0.00363636,0.0171429,0.0623377,0.00467532,0.0903896,0.0462338,0.0348052,0,0.00363636,0.00155844,0.0207792,0.33974,0,0.0202597,0.0644156,0.000519481,0,0,0.0119481,0,0,0,0,0,0,0,0,0,0,0,0.065974,0,0
49450,0,0,0,0,0,0,0,0,0,0,0,0,0,0,0,0,0,0,0,0,0,0,0,0,0,0,0,0,0,0,0,0,0,0,0,0.000652316,0,0,0,0,0,0,0,0,0,0.0195695,0.00587084,0.00913242,0,0,0.0626223,0,0,0,0,0.00195695,0.00260926,0.0221787,0,0.0300065,0,0,0,0.0189172,0.0580561,0,0.00195695,0.00260926,0.00456621,0.0456621,0.000652316,0.0639269,0.0456621,0.00652316,0,0.0163079,0.0084801,0.0130463,0.414873,0.000652316,0.0358774,0.0717547,0,0,0,0.000652316,0,0,0,0,0,0,0.000652316,0,0,0,0,0.0345727,0,0
49500,0,0,0,0,0,0,0,0,0,0,0,0,0,0,0,0,0,0,0,0,0,0,0,0,0,0,0,0,0,0,0,0.00371195,0,0,0,0,0,0,0,0.00445434,0,0,0,0,0,0.0155902,0.0326652,0.00890869,0,0,0.129176,0,0,0,0,0,0.00890869,0.0081663,0,0.0259837,0,0,0,0.00593912,0.0690423,0,0.00222717,0,0,0.0682999,0,0.0467706,0.091314,0.00668151,0.00074239,0.0141054,0.0074239,0.00593912,0.365999,0,0.0326652,0.0282108,0,0,0,0,0,0,0,0,0,0,0,0,0,0,0,0.017075,0,0
49550,0,0,0,0,0,0,0,0,0,0,0,0,0,0,0,0,0,0,0,0,0,0,0,0,0,0,0,0,0,0,0,0.00163265,0,0,0,0,0,0,0,0,0,0,0,0,0,0.0171429,0.00653061,0.0138776,0,0,0.0995918,0,0,0,0,0,0.0236735,0,0,0.0171429,0,0,0,0.000816327,0.044898,0,0.0130612,0.00326531,0,0.084898,0.0106122,0.0391837,0.084898,0.0138776,0.00244898,0.0138776,0.000816327,0.00326531,0.408163,0,0.0685714,0.0171429,0.00408163,0,0,0.00163265,0,0,0,0,0,0,0,0,0,0,0,0.00489796,0,0
49600,0,0,0,0,0,0,0,0,0,0,0,0,0,0,0,0,0,0,0,0,0,0,0,0,0,0,0,0,0,0,0,0,0,0,0,0,0,0,0,0,0.000670241,0,0,0,0.000670241,0.0288204,0.0100536,0.0261394,0,0,0.107239,0.00469169,0,0,0,0.00134048,0.00603217,0,0,0,0,0,0,0,0.0321716,0,0.0127346,0.0127346,0,0.0951743,0.00536193,0.0428954,0.0489276,0.00402145,0.0127346,0.0113941,0.0120643,0.00268097,0.384048,0,0.0643432,0.0475871,0.0127346,0,0,0.00737265,0,0,0,0,0,0,0,0.00402145,0,0,0,0.00134048,0,0
49650,0,0,0,0,0,0,0,0,0,0,0,0,0,0,0,0,0,0,0,0,0,0,0,0,0,0,0,0,0,0,0,0,0,0,0,0.000743494,0,0,0,0,0.00520446,0,0,0,0,0.0297398,0.0118959,0.0156134,0,0,0.107063,0.00297398,0,0,0,0.00594796,0.00371747,0,0,0.00148699,0,0,0,0,0.0379182,0,0.0223048,0,0,0.0832714,0.0349442,0.0171004,0.0728625,0.00223048,0.00371747,0.0475836,0.0223048,0,0.325651,0,0.06171,0.0215613,0.00520446,0,0,0.0505576,0,0,0,0,0.000743494,0,0,0,0,0,0,0.00594796,0,0
49700,0,0,0,0,0,0,0,0,0,0,0,0,0,0,0,0,0,0,0,0,0,0,0,0,0,0,0,0,0,0,0,0,0,0,0,0,0,0,0,0,0.00974314,0.00088574,0,0,0,0.0566873,0,0.0124004,0,0,0.128432,0,0,0,0,0.0230292,0,0.00620018,0.00265722,0.0177148,0,0,0,0,0.0186005,0,0.0398583,0,0,0.0699734,0.064659,0.0301151,0.0859167,0.00265722,0.00088574,0.0177148,0,0,0.310895,0,0.020372,0.040744,0.0044287,0.00088574,0,0.0345438,0,0,0,0,0,0,0,0,0,0,0,0,0,0
49750,0,0,0,0,0,0,0,0,0,0,0,0,0,0,0,0,0,0,0,0,0,0,0,0,0,0,0,0,0,0,0,0,0,0,0,0,0,0,0,0,0.000672495,0,0.000672495,0,0,0.0316073,0.00470746,0.00537996,0,0,0.121049,0,0,0,0,0.00605245,0.000672495,0.0107599,0.0121049,0.0248823,0,0,0,0,0,0,0.0107599,0,0,0.0887693,0.0793544,0.0342972,0.0524546,0.0322798,0,0.0369872,0,0,0.322798,0,0.0215198,0.0827169,0.00941493,0,0.000672495,0.00941493,0,0,0,0,0,0,0,0,0,0,0,0,0,0
49800,0,0,0,0,0,0,0,0,0,0,0,0,0,0,0,0,0,0,0,0,0,0,0,0,0,0,0,0,0,0,0,0.00135685,0,0,0,0,0,0,0,0.000678426,0,0,0,0,0,0.00949796,0.00203528,0.00949796,0,0,0.0793758,0,0,0.000678426,0,0,0,0,0.0135685,0.00746269,0,0,0,0,0,0.00203528,0.0196744,0.000678426,0,0.103799,0.104478,0.07327,0.0128901,0.0183175,0,0.0698779,0,0.00814111,0.398236,0,0.0264586,0.0237449,0.00678426,0,0,0.00746269,0,0,0,0,0,0,0,0,0,0,0,0,0,0
49850,0,0,0,0,0,0,0,0,0,0,0,0,0,0,0,0,0,0,0,0,0,0,0,0,0,0,0,0,0,0,0,0,0,0,0,0,0,0,0,0.000653168,0.0019595,0.00849118,0,0,0,0.0267799,0,0,0,0,0.0424559,0,0,0,0,0,0,0,0.0202482,0.0287394,0,0,0.000653168,0,0.00587851,0,0.0287394,0,0,0.0744611,0.141084,0.077727,0.011757,0.0529066,0,0.089484,0,0.0182887,0.234487,0.00391901,0.0516003,0.0666231,0,0,0.00130634,0.0104507,0.00130634,0,0,0,0,0,0,0,0,0,0,0,0,0
49900,0,0,0,0,0,0,0,0,0,0,0,0,0,0,0,0,0,0,0,0,0,0,0,0,0,0,0,0,0,0,0,0.000831255,0,0,0,0,0,0,0,0,0.00249377,0.0191189,0,0,0,0.00831255,0,0.00249377,0,0,0.0232751,0,0,0,0,0,0,0.00498753,0.0332502,0.00581879,0,0,0,0,0.0307564,0,0.0149626,0,0,0.0723192,0.142976,0.122195,0.0116376,0.0407315,0,0.0365752,0,0.0232751,0.280133,0.00332502,0.0606816,0.032419,0,0,0,0.0216126,0.000831255,0,0.00498753,0,0,0,0,0,0,0,0,0,0,0
49950,0,0,0,0,0,0,0,0,0,0,0,0,0,0,0,0,0,0,0,0,0,0,0,0,0,0,0,0,0,0,0,0,0,0,0,0,0,0,0,0,0,0.000770416,0,0,0,0.00231125,0,0,0,0,0.050077,0,0,0,0,0,0,0.01849,0.0100154,0.0200308,0,0,0,0,0.0446841,0,0.0377504,0.00616333,0,0.0416025,0.127889,0.103236,0.0238829,0.0400616,0,0.0423729,0.00847458,0.00154083,0.220339,0.00924499,0.0670262,0.0932203,0,0,0,0.0308166,0,0,0,0,0,0,0,0,0,0,0,0,0,0
50000,0,0,0,0,0,0,0,0,0,0,0,0,0,0,0,0,0,0,0,0,0,0,0,0,0,0,0,0,0,0,0,0,0,0,0,0,0,0,0,0.0102881,0,0,0,0,0,0.00342936,0,0,0,0,0.0432099,0,0,0,0,0,0,0.0281207,0.0390947,0.0397805,0,0,0,0,0.00891632,0,0.00823045,0.0123457,0,0.058299,0.0486968,0.079561,0.0308642,0.058299,0,0.0432099,0,0.00617284,0.266118,0.00754458,0.0342936,0.135117,0,0,0,0.0356653,0,0,0,0,0,0,0,0,0,0,0,0.00274348,0,0
50050,0,0,0,0,0,0,0,0,0,0,0,0,0,0,0,0,0,0,0,0,0,0,0,0,0,0,0,0,0,0,0,0,0,0,0,0,0,0,0,0.00704225,0,0,0,0,0,0,0.00352113,0,0,0,0.0830986,0,0,0,0,0,0,0.0161972,0.0359155,0.0316901,0,0,0,0,0,0,0.021831,0.0084507,0,0.0352113,0.0690141,0.0640845,0.021831,0.0823944,0,0.0852113,0,0.00352113,0.221127,0.0105634,0.0239437,0.121831,0,0,0,0.0429577,0,0,0,0,0,0,0,0,0,0,0,0.0105634,0,0
50100,0,0,0,0,0,0,0,0,0,0,0,0,0,0,0,0,0,0,0,0,0,0,0,0,0,0,0,0,0,0,0,0.00149589,0,0,0,0,0,0.000747943,0,0.00598355,0,0,0,0,0,0.00299177,0.0119671,0,0,0,0.114435,0,0,0,0,0,0,0.0239342,0.0224383,0.0194465,0,0,0,0,0,0,0.00373972,0.0186986,0,0.0628272,0.0867614,0.0478684,0.026926,0.0710546,0,0.0157068,0,0.00149589,0.219895,0.00598355,0.0590875,0.0673149,0,0,0,0.0905011,0,0,0,0,0,0,0,0,0,0,0.00598355,0.012715,0,0
50150,0,0,0,0,0,0,0,0,0,0,0,0,0,0,0,0,0,0,0,0,0,0,0,0,0,0,0,0,0,0,0,0.00408163,0,0,0,0.000680272,0,0,0,0,0,0,0,0,0,0.0047619,0.00340136,0,0,0,0.117007,0,0,0,0,0,0,0.00408163,0.0244898,0.029932,0,0,0,0,0,0,0.0136054,0.00204082,0,0.0639456,0.0306122,0.0340136,0.0190476,0.110884,0.00136054,0.0129252,0,0.00272109,0.278231,0.0285714,0.0489796,0.0714286,0.0047619,0,0,0.0680272,0,0,0,0,0,0,0,0,0,0,0,0.0204082,0,0
50200,0,0,0,0,0,0,0,0,0,0,0,0,0,0,0,0,0,0,0,0,0,0,0,0,0,0,0,0,0,0,0,0,0,0,0,0.0023622,0,0,0,0,0,0,0,0,0,0.00472441,0.00314961,0.00393701,0,0,0.115748,0,0,0,0,0,0,0.0015748,0.0133858,0.0188976,0,0,0,0,0,0,0.00944882,0,0,0.0732283,0.0338583,0.0716535,0.0299213,0.108661,0,0.0110236,0,0,0.25748,0.0496063,0.015748,0.0661417,0.000787402,0,0,0.0937008,0,0,0,0,0,0,0,0,0,0,0,0.0149606,0,0
50250,0,0,0,0,0,0,0,0,0,0,0,0,0,0,0,0,0,0,0,0,0,0,0,0,0,0,0,0,0,0,0,0,0,0,0,0.000687285,0,0,0,0.00137457,0,0,0,0,0,0.00274914,0.00687285,0.00274914,0,0,0.121649,0,0,0.000687285,0,0,0,0,0.004811,0.00549828,0,0,0,0,0,0.00343643,0.0261168,0.00206186,0,0.115464,0.0769759,0.0859107,0.0769759,0.0268041,0,0.00962199,0.000687285,0,0.204124,0.0261168,0,0.0886598,0.000687285,0,0,0.0783505,0,0,0,0,0,0,0,0,0,0,0,0.0309278,0,0
50300,0,0,0,0,0,0,0,0,0,0,0,0,0,0,0,0,0,0,0,0,0,0,0,0,0,0,0,0,0,0,0,0,0,0,0,0,0,0,0,0.0132841,0,0,0,0,0,0.00885609,0.0324723,0.0228782,0,0,0.095941,0,0,0,0,0,0,0,0,0.00516605,0,0,0,0,0,0.00811808,0.0317343,0,0,0.124723,0.0538745,0.118819,0.0553506,0.0339483,0,0.00295203,0.00147601,0,0.242804,0.0221402,0,0.0531365,0,0,0,0.0435424,0,0,0,0,0,0,0,0,0,0,0,0.0287823,0,0
50350,0,0,0,0,0,0,0,0,0,0,0,0,0,0,0,0,0,0,0,0,0,0,0,0,0,0,0,0,0,0,0,0,0,0,0,0.0012837,0,0,0,0,0.000641849,0,0,0,0,0.0012837,0.0584082,0.00898588,0,0,0.0468549,0,0,0,0,0,0,0.000641849,0,0.0198973,0,0,0,0,0,0.0186136,0.00706033,0,0,0.0853659,0.0288832,0.129012,0.0571245,0.0275995,0.0012837,0.0173299,0,0,0.339538,0.0166881,0.0115533,0.0885751,0.00449294,0,0,0.0256739,0,0.0012837,0,0,0,0,0,0,0,0,0,0.00192555,0,0
50400,0,0,0,0,0,0,0,0,0,0,0,0,0,0,0,0,0,0,0,0,0,0,0,0,0,0,0,0,0,0,0,0,0,0,0,0.00337382,0,0,0,0.00269906,0,0.0121457,0,0,0,0.0074224,0.00539811,0.00674764,0,0,0.060054,0,0,0,0,0,0,0.00472335,0,0.060054,0,0,0,0,0.00202429,0.000674764,0.0202429,0,0,0.118084,0.0128205,0.0985155,0.0917679,0.0607287,0,0.0107962,0,0.00134953,0.257085,0.0215924,0.0134953,0.0917679,0.00269906,0,0,0.0222672,0,0.000674764,0,0,0,0,0,0,0,0,0,0.0107962,0,0
50450,0,0,0,0,0,0,0,0,0,0,0,0,0,0,0,0,0,0,0,0,0,0,0,0,0,0,0,0,0,0,0,0,0,0,0,0.000613121,0,0,0,0.00183936,0,0.0030656,0,0,0,0.00735745,0.00122624,0.00797057,0,0,0.0374004,0,0,0,0,0,0.00674433,0,0,0.0318823,0,0,0,0.000613121,0.0104231,0,0.0459841,0,0,0.165543,0.015328,0.076027,0.0852238,0.106683,0,0.0116493,0,0.00613121,0.225015,0.0171674,0.0196199,0.0968731,0.00613121,0,0,0.0122624,0,0,0,0,0,0,0,0,0,0,0,0.00122624,0,0
50500,0,0,0,0,0,0,0,0,0,0,0,0,0,0,0,0,0,0,0,0,0,0,0,0,0,0,0,0,0,0,0,0,0,0,0,0,0,0,0,0.00119261,0,0,0,0,0,0.013715,0.00357782,0.00477042,0,0,0.0375671,0,0,0,0,0,0.000596303,0,0,0.0524747,0,0,0,0,0.0101371,0,0.045319,0.00357782,0,0.16458,0.0107335,0.0799046,0.0840787,0.0793083,0,0,0.000596303,0.019678,0.214073,0.0113298,0.0429338,0.100179,0.00178891,0,0,0.0178891,0,0,0,0,0,0,0,0,0,0,0,0,0,0
50550,0,0,0,0,0,0,0,0,0,0,0,0,0,0,0,0,0,0,0,0,0,0,0,0,0,0,0,0,0,0,0,0,0,0,0,0,0,0,0,0.00530152,0.00530152,0,0,0,0,0.0205434,0.00265076,0.00265076,0,0,0.0629556,0,0,0.00132538,0,0,0,0,0,0.0669317,0,0,0,0,0.0072896,0,0.0265076,0.00265076,0,0.0861498,0.00397614,0.0954274,0.0675944,0.0609675,0,0,0.00132538,0.0212061,0.299536,0,0.0397614,0.0583168,0.00265076,0,0,0.0477137,0.0112657,0,0,0,0,0,0,0,0,0,0,0,0,0
50600,0,0,0,0,0,0,0,0,0,0,0,0,0,0,0,0,0,0,0,0,0,0,0,0,0,0,0,0,0,0,0,0,0,0,0,0.0012945,0,0,0,0,0.002589,0,0,0,0,0.02589,0.00647249,0.0012945,0,0,0.0459547,0,0,0.0012945,0,0,0,0,0,0.0860841,0,0,0,0,0,0,0.0239482,0.0012945,0,0.0718447,0.000647249,0.0860841,0.115858,0.0601942,0,0,0.000647249,0.00776699,0.311327,0,0.0168285,0.0705502,0.002589,0,0,0.0530744,0.00647249,0,0,0,0,0,0,0,0,0,0,0,0,0
50650,0,0,0,0,0,0,0,0,0,0,0,0,0,0,0,0,0,0,0,0,0,0,0,0,0,0,0,0,0,0,0,0,0,0,0,0,0,0,0,0,0,0,0,0,0,0.0285016,0.0130293,0.00162866,0,0,0.036645,0,0,0.002443,0,0.000814332,0,0,0,0.031759,0,0,0,0,0,0,0.0301303,0.00325733,0,0.0871336,0.00651466,0.101792,0.110749,0.0879479,0,0.000814332,0,0.014658,0.254072,0,0.00407166,0.109121,0.0211726,0,0,0.0480456,0.00570033,0,0,0,0,0,0,0,0,0,0,0,0,0
50700,0,0,0,0,0,0,0,0,0,0,0,0,0,0,0,0,0,0,0,0,0,0,0,0,0,0,0,0,0,0,0,0,0,0,0,0,0,0,0,0,0,0,0,0,0.00120627,0.0150784,0.0120627,0,0,0,0.0597105,0,0,0,0,0,0,0,0,0.0283474,0,0,0,0.000603136,0.0102533,0,0.0705669,0.00241255,0,0.0934861,0.0271411,0.104343,0.154403,0.0386007,0,0.00120627,0,0.00844391,0.235223,0,0.00723764,0.0651387,0.013269,0,0,0.0379976,0.0108565,0,0,0,0,0,0.000603136,0,0,0,0,0.00180941,0,0
50750,0,0,0,0,0,0,0,0,0,0,0,0,0,0,0,0,0,0,0,0,0,0,0,0,0,0,0,0,0,0,0,0,0.000686342,0,0,0,0,0,0,0,0,0,0,0,0.00686342,0.00617708,0.00754976,0.000686342,0,0,0.054221,0,0,0,0,0,0,0.00411805,0.000686342,0.00480439,0,0,0,0.00137268,0.0199039,0,0.0391215,0,0,0.172958,0.00754976,0.08442,0.0809883,0.0507893,0,0.00892244,0.000686342,0.0082361,0.223747,0,0.0102951,0.167467,0.00549073,0,0,0.02814,0,0,0,0,0,0,0.00137268,0.00137268,0,0,0,0.00137268,0,0
50800,0,0,0,0,0,0,0,0,0,0,0,0,0,0,0,0,0,0,0,0,0,0,0,0,0,0,0,0,0,0,0,0,0,0,0,0,0,0,0,0,0,0.00131752,0,0,0,0.0151515,0.00395257,0.000658762,0,0,0.041502,0,0,0,0,0,0,0.00329381,0,0.0105402,0,0,0,0.0085639,0.016469,0,0.00988142,0,0,0.174572,0.00988142,0.0566535,0.113307,0.0408432,0,0.0230567,0.00592885,0.00724638,0.285903,0,0.00988142,0.0909091,0.00329381,0,0,0.0474308,0,0,0.00461133,0,0,0,0,0.00790514,0,0,0,0.00724638,0,0
50850,0,0,0,0,0,0,0,0,0,0,0,0,0,0,0,0,0,0,0,0,0,0,0,0,0,0,0,0,0,0,0,0,0,0,0,0,0,0.00287522,0,0.0120759,0,0.00230017,0.000575043,0,0.00172513,0.0379528,0,0.00172513,0.00172513,0,0.0592294,0,0,0,0,0,0,0.00115009,0,0.0235768,0,0,0.000575043,0.0080506,0.0201265,0,0.0080506,0,0,0.125359,0.0172513,0.0345026,0.152961,0.0500288,0.00172513,0.0258769,0.00632547,0.0189764,0.216216,0.00115009,0.0080506,0.0879816,0,0,0,0.0477286,0,0,0.00115009,0,0,0,0.00172513,0.00115009,0,0,0,0.0195515,0,0.000575043
50900,0,0,0,0,0,0,0,0,0,0,0,0,0,0,0,0,0,0,0,0,0,0,0,0,0,0,0.00129366,0,0,0,0,0,0,0,0,0,0,0,0,0,0,0,0,0,0,0.0258732,0,0.00323415,0,0,0.0523933,0,0,0,0,0,0,0.0181113,0,0.0582147,0,0,0.000646831,0.000646831,0.0129366,0,0.0219922,0,0,0.100906,0.0213454,0.0465718,0.0284605,0.0924968,0.0258732,0.0349288,0.00970246,0.00517464,0.295602,0.00452781,0.00452781,0.0504528,0,0,0,0.0491591,0,0,0,0,0,0,0.000646831,0.000646831,0,0,0,0.0336352,0,0
50950,0,0,0,0,0,0,0,0,0,0,0,0,0,0,0,0,0,0,0,0,0,0,0,0,0,0,0,0,0,0,0,0,0,0,0,0,0,0,0,0,0,0,0,0,0,0.0181582,0,0.000648508,0,0,0.0415045,0,0,0,0,0.00129702,0,0.00324254,0,0.0252918,0.00259403,0,0,0,0.0188067,0.00324254,0.0220493,0,0,0.101816,0.0194553,0.0635538,0.038262,0.0881971,0.00324254,0.0350195,0.0188067,0.0110246,0.383268,0.00583658,0.00259403,0.0758755,0.000648508,0,0,0.00907912,0,0,0,0,0,0,0,0.000648508,0,0,0,0.00583658,0,0
51000,0,0,0,0,0,0,0,0,0,0,0,0,0,0,0,0,0,0,0,0,0,0,0,0,0,0,0,0,0,0,0,0,0,0,0,0,0,0,0,0,0,0,0,0,0,0.0123457,0,0,0,0,0.0720165,0,0,0,0,0.00891632,0.0102881,0.0048011,0.00205761,0.0288066,0,0,0,0,0.00960219,0.00205761,0.0130316,0,0,0.13786,0.00411523,0.0514403,0.0308642,0.113855,0.00205761,0.00754458,0.0240055,0.0171468,0.290123,0.00754458,0,0.139918,0,0,0,0.00754458,0,0,0.00137174,0,0,0,0,0.000685871,0,0,0,0,0,0
51050,0,0,0,0,0,0,0,0,0,0,0,0,0,0,0,0,0,0,0,0,0,0,0,0,0,0,0,0,0,0,0,0,0,0,0,0,0,0.00125628,0,0.000628141,0,0,0,0,0,0.0238693,0.0031407,0.0106784,0,0,0.0295226,0,0,0,0,0,0.0226131,0.00628141,0.00753769,0.0232412,0,0,0,0,0.00816583,0.00188442,0.0244975,0.00251256,0,0.11495,0.00502513,0.106784,0.00816583,0.048995,0,0.0100503,0.0307789,0.0119347,0.264447,0.00376884,0,0.202261,0.00753769,0,0,0.0188442,0,0,0,0,0,0,0,0.000628141,0,0,0,0,0,0
51100,0,0,0,0,0,0,0,0,0,0,0,0,0,0,0,0,0,0,0,0,0,0,0,0,0,0,0,0,0,0,0,0,0,0,0,0,0,0.000581734,0,0,0,0,0,0,0,0.00290867,0.0162885,0.00639907,0,0,0.0447935,0,0,0,0,0.00116347,0.0139616,0.0104712,0.0226876,0.0343223,0,0,0,0,0.0034904,0,0.0069808,0.0127981,0,0.130308,0,0.0948226,0.0354857,0.0354857,0,0.00465387,0.0424666,0.0127981,0.249564,0.00290867,0.000581734,0.173357,0.0127981,0,0,0.0191972,0,0,0.00756254,0,0,0,0,0,0,0,0,0.00116347,0,0
51150,0,0,0,0,0,0,0,0,0,0,0,0,0,0,0,0,0,0,0,0,0,0,0,0,0,0,0,0,0,0,0,0,0,0,0,0,0.00582411,0.00291206,0,0.000582411,0,0,0,0,0,0,0.0192196,0.0116482,0,0,0.0663949,0.00349447,0,0,0,0.00291206,0.0104834,0.00349447,0.00349447,0.0372743,0,0,0,0,0,0.00232964,0.00465929,0.00698893,0,0.103087,0.00174723,0.125218,0.0605708,0.0349447,0,0.00698893,0.00757135,0.022714,0.302271,0,0,0.0955154,0.0186372,0.00232964,0,0.0122306,0,0.00232964,0.0052417,0,0,0,0,0,0,0,0,0.0168899,0,0
51200,0,0,0,0,0,0,0,0,0,0,0,0,0,0,0,0,0,0,0,0,0,0,0,0,0,0,0,0,0,0,0,0,0,0,0,0,0.00361446,0.00301205,0,0.00361446,0,0,0,0,0,0.00903614,0.00963855,0.00180723,0,0,0.0578313,0.00120482,0,0,0,0,0.00722892,0.00361446,0.00120482,0.00783133,0.00060241,0,0,0,0,0,0.0144578,0,0,0.101205,0.0120482,0.0909639,0.0542169,0.0301205,0,0.00783133,0.00662651,0.0373494,0.344578,0,0,0.101205,0.0259036,0,0,0.026506,0,0.00481928,0,0,0,0,0,0,0,0,0,0.0319277,0,0
51250,0,0,0,0,0,0,0,0,0,0,0,0,0,0,0,0,0,0,0,0,0,0,0,0,0,0,0,0,0,0,0,0,0,0,0,0,0.00110072,0.000550358,0,0.00220143,0,0,0,0,0,0.0132086,0.0187122,0,0,0,0.0236654,0,0,0,0,0,0.00110072,0.000550358,0,0.0121079,0.00165107,0,0,0,0,0,0.0302697,0,0,0.103467,0.0286186,0.109521,0.0357733,0.0412768,0,0.00605394,0,0.00935608,0.313154,0,0.00330215,0.127683,0.00660429,0,0,0.0478811,0,0.00165107,0.00165107,0,0,0,0,0,0,0,0,0.0588883,0,0
51300,0,0,0,0,0,0,0,0,0,0,0,0,0,0,0,0,0,0,0,0,0,0,0,0,0,0,0,0,0,0,0,0,0,0,0,0,0,0,0,0.00170455,0,0,0,0,0,0.00681818,0.00909091,0,0,0,0.0357955,0,0,0,0,0,0.00170455,0,0,0.0159091,0.00227273,0,0,0,0,0,0.0420455,0,0,0.153977,0.00738636,0.141477,0.0613636,0.00852273,0,0.0181818,0,0.0272727,0.292614,0,0,0.0857955,0.0164773,0,0,0.0414773,0.000568182,0,0,0,0,0,0,0,0,0,0,0.0295455,0,0
51350,0,0,0,0,0,0,0,0,0,0,0,0,0,0,0,0,0,0,0,0,0,0,0,0,0,0,0,0,0,0,0,0,0,0,0,0.00210305,0,0,0,0.00157729,0,0,0,0,0,0.0126183,0.0120925,0,0,0,0.0478444,0,0,0,0,0,0.00525762,0.000525762,0,0.0141956,0.00473186,0,0,0,0,0,0.0189274,0.00105152,0,0.0725552,0.0325973,0.146688,0.0814932,0.0162986,0,0.00315457,0,0.044164,0.257098,0,0.000525762,0.0767613,0.044164,0,0,0.0499474,0,0,0,0,0,0,0,0.000525762,0,0,0,0.053102,0,0
51400,0,0,0,0,0,0,0,0,0,0,0,0,0,0,0,0,0,0,0,0,0,0,0,0,0,0,0,0,0,0,0,0,0.00113314,0,0,0,0,0.00906516,0,0,0.00169972,0,0,0,0,0.00679887,0.00226629,0,0,0,0.0804533,0,0,0,0,0,0.00339943,0.00226629,0,0.00509915,0.0130312,0,0,0,0.000566572,0,0.0373938,0.00339943,0,0.121246,0.0300283,0.094051,0.0878187,0.00566572,0,0.00566572,0.00113314,0.0220963,0.273088,0,0.00226629,0.0566572,0.0175637,0,0,0.0934844,0,0,0,0.00226629,0,0,0,0,0,0,0,0.0203966,0,0
51450,0,0,0,0,0,0,0,0,0,0,0,0,0,0,0,0,0,0,0,0,0,0,0,0,0,0,0,0,0,0,0,0,0,0,0,0,0,0.0127991,0,0,0,0,0,0,0,0.00222593,0.00556483,0.00500835,0,0,0.109071,0,0,0,0,0,0,0.00779076,0,0.00556483,0.00278242,0,0,0,0.000556483,0,0.0211464,0.015025,0,0.15025,0.0194769,0.0573178,0.102393,0.0389538,0,0,0.0144686,0.00500835,0.232053,0,0,0.0461881,0.015025,0,0,0.117974,0,0.000556483,0.00222593,0.00166945,0,0,0.00222593,0,0.00389538,0,0,0.00278242,0,0
51500,0,0,0,0,0,0,0,0,0,0,0,0,0,0,0,0,0,0,0,0,0,0,0,0,0,0,0,0,0,0,0,0,0,0,0,0,0,0.00559701,0,0,0.000621891,0,0,0,0,0.0118159,0.00870647,0.0068408,0,0,0.0988806,0.00124378,0,0,0,0,0,0.0149254,0,0.0155473,0,0,0,0,0,0,0.0199005,0.0192786,0,0.125,0.0236318,0.120025,0.147388,0.0385572,0,0,0.00435323,0.0186567,0.17102,0,0,0.0652985,0.00559701,0,0,0.0758706,0,0,0,0,0,0,0,0,0,0,0,0.00124378,0,0
51550,0,0,0,0,0,0,0,0,0,0,0,0,0,0,0,0,0,0,0,0,0,0,0,0,0,0,0,0,0,0,0,0,0,0,0,0,0,0.00110193,0,0.00550964,0,0,0,0,0,0.0126722,0.0286501,0.00550964,0,0,0.0809917,0,0,0.00550964,0,0,0.00330579,0.015978,0,0.00606061,0.00165289,0,0,0,0.0110193,0,0.0236915,0.00881543,0,0.112948,0.030854,0.111295,0.0876033,0.0732782,0,0,0.0126722,0.0495868,0.149862,0,0,0.0837466,0,0,0.00165289,0.0721763,0,0,0,0,0,0,0,0,0,0,0,0.00385675,0,0
51600,0,0,0,0,0,0,0,0,0,0,0,0,0,0,0,0,0,0,0,0,0,0,0,0,0,0,0,0,0,0,0,0,0,0,0,0,0,0.00185529,0,0.00185529,0.004329,0,0,0,0,0.0204082,0.0136054,0.00309215,0,0,0.0377242,0,0,0,0,0,0,0.0197897,0.00185529,0.00927644,0.00185529,0,0,0,0.0111317,0,0.0315399,0.000618429,0,0.152134,0.017316,0.0630798,0.110699,0.0142239,0,0,0.0204082,0.0117502,0.217069,0,0,0.128015,0.00494743,0,0,0.0940012,0.00247372,0,0,0,0,0,0,0,0,0,0,0.00494743,0,0
51650,0,0,0,0,0,0,0,0,0,0,0,0,0,0,0,0,0,0,0,0,0,0,0,0,0,0,0,0,0,0,0,0,0,0,0,0,0,0.0083709,0,0.00128783,0.00386349,0.00193175,0,0,0,0.00515132,0.0238249,0.00450741,0,0,0.0611719,0,0,0,0,0,0,0.00772698,0,0.0257566,0,0,0,0.000643915,0.00579524,0,0.0270444,0.00257566,0,0.108178,0.00450741,0.0489375,0.132003,0.0199614,0,0,0.037991,0.0115905,0.229878,0,0,0.0959433,0,0,0,0.112685,0.00257566,0,0,0,0,0,0,0,0,0,0,0.0160979,0,0
51700,0,0,0,0,0,0,0,0,0,0,0,0,0,0,0,0,0,0,0,0,0,0,0,0,0,0,0,0,0,0,0,0,0,0,0,0.000581734,0,0.0308319,0,0,0,0,0,0,0,0.00465387,0.0197789,0.0116347,0,0,0.0273415,0,0,0,0,0.00290867,0,0.00407213,0,0.0343223,0,0,0,0.000581734,0.00407213,0,0.0145433,0.000581734,0,0.122164,0.00407213,0.0814427,0.0901687,0.034904,0,0.000581734,0.0244328,0.000581734,0.260035,0,0.000581734,0.153578,0,0,0,0.0645724,0.00116347,0.000581734,0,0,0,0,0,0,0,0,0,0.0052356,0,0
51750,0,0,0,0,0,0,0,0,0,0,0,0,0,0,0,0,0,0,0,0,0,0,0,0,0,0,0,0,0,0,0,0,0,0,0,0,0,0.0185185,0,0.0035035,0,0,0,0,0,0,0.0165165,0.002002,0,0,0.0530531,0,0,0,0,0.003003,0,0.0105105,0,0.00900901,0,0,0,0,0.000500501,0,0.012012,0.0025025,0,0.152653,0.000500501,0.0840841,0.117618,0.0305305,0,0,0.027027,0.000500501,0.278779,0.000500501,0.000500501,0.0930931,0.00650651,0,0,0.0725726,0,0,0,0,0,0,0,0,0,0,0,0.004004,0,0
51800,0,0,0,0,0,0,0,0,0,0,0,0,0,0,0,0,0,0,0,0,0,0,0,0,0,0,0,0,0,0,0,0,0,0,0,0,0,0.00513084,0,0.00102617,0,0,0,0,0,0.00102617,0.0266803,0.00667009,0,0,0.0400205,0.000513084,0,0,0,0,0,0.0205233,0,0.00205233,0,0,0,0,0.0030785,0,0.0179579,0.00359159,0,0.097999,0.00102617,0.108261,0.140072,0.0425859,0,0,0.0179579,0.006157,0.238071,0,0,0.144177,0.0189841,0,0,0.0559261,0,0,0,0,0,0,0,0,0,0,0,0.000513084,0,0
51850,0,0,0,0,0,0,0,0,0,0,0,0,0,0,0,0,0,0,0,0,0,0,0,0,0,0,0,0,0,0,0,0,0,0,0,0.000877963,0,0.00219491,0,0.000877963,0.000877963,0,0,0,0,0.00658472,0.0175593,0.0114135,0,0,0.0324846,0,0,0,0,0.000438982,0.000438982,0.0324846,0,0.0144864,0,0,0,0,0.00790167,0.000438982,0.0131694,0,0,0.115452,0.00131694,0.100527,0.119403,0.0359965,0,0,0.023705,0.00746269,0.249781,0,0,0.147937,0.0162423,0,0,0.0395083,0,0,0,0,0.000438982,0,0,0,0,0,0,0,0,0
51900,0,0,0,0,0,0,0,0,0,0,0,0,0,0,0,0,0,0,0,0,0,0,0,0,0,0,0,0,0,0,0,0,0,0,0,0.000489476,0,0.00342633,0,0,0.00244738,0.00146843,0,0,0,0.0083211,0.00930005,0.0234949,0,0,0.0122369,0,0,0,0,0.0146843,0.00293686,0.0347528,0,0.0146843,0,0,0,0,0.00342633,0.00146843,0.0146843,0,0,0.143906,0.00244738,0.0714635,0.144885,0.0234949,0,0.00195791,0,0,0.265786,0,0,0.13999,0.00244738,0,0,0.0558003,0,0,0,0,0,0,0,0,0,0,0,0,0,0
51950,0,0,0,0,0,0,0,0,0,0,0,0,0,0,0,0,0,0,0,0,0,0,0,0,0,0,0,0,0,0,0,0,0,0,0,0.00347222,0,0.00462963,0,0,0,0.00868056,0,0,0,0.00173611,0.00405093,0.00983796,0,0,0.0144676,0,0,0,0,0.0162037,0.00173611,0.015625,0,0.0179398,0,0,0,0,0.00115741,0.000578704,0.0335648,0,0,0.144097,0.00752315,0.0833333,0.189815,0.0202546,0,0.0208333,0,0,0.255787,0,0,0.101852,0,0,0.00231481,0.0405093,0,0,0,0,0,0,0,0,0,0,0,0,0,0
52000,0,0,0,0,0,0,0,0,0,0,0,0,0,0,0,0,0,0,0,0,0,0,0,0,0,0,0,0,0,0,0,0,0,0,0,0.00317662,0,0.00190597,0,0.00317662,0,0.00508259,0,0,0,0.000635324,0.0120712,0.00444727,0,0,0.0393901,0,0,0,0,0.0190597,0.00508259,0.0298602,0,0.025413,0,0.00127065,0,0,0.00190597,0.000635324,0.0228717,0,0.000635324,0.155654,0.0025413,0.0660737,0.141042,0.00190597,0,0.00571792,0,0,0.315756,0,0,0.0794155,0,0,0,0.0552732,0,0,0,0,0,0,0,0,0,0,0,0,0,0
52050,0,0,0,0,0,0,0,0,0,0,0,0,0,0,0,0,0,0,0,0,0,0,0,0,0,0,0,0,0,0,0,0,0,0,0,0.00131406,0.00131406,0.00394218,0,0,0,0.00065703,0,0,0,0,0.021025,0,0,0,0.0716163,0,0,0,0,0.0118265,0.0144547,0.0262812,0.00328515,0.0269382,0,0,0,0,0.0111695,0,0.0249671,0,0.00065703,0.174113,0.00131406,0.0505913,0.15703,0.00525624,0,0,0.00131406,0,0.216163,0,0,0.0854139,0.00065703,0,0,0.0886991,0,0,0,0,0,0,0,0,0,0,0,0,0,0
52100,0,0,0,0,0,0,0,0,0,0,0,0,0,0,0,0,0,0,0,0,0,0,0,0,0,0,0,0,0,0,0,0,0.000534759,0,0,0,0.00320856,0.00374332,0,0,0.000534759,0.000534759,0,0,0,0,0.00588235,0.00160428,0,0,0.0518717,0,0,0,0,0.00160428,0.0160428,0.0219251,0.000534759,0.0171123,0,0,0,0,0.00641711,0,0.0262032,0,0,0.168449,0.00213904,0.026738,0.160428,0.0192513,0,0,0.0101604,0.00106952,0.237968,0,0,0.106417,0,0,0,0.109626,0,0,0,0,0,0,0,0,0,0,0,0,0,0
52150,0,0,0,0,0,0,0,0,0,0,0,0,0,0,0,0,0,0,0,0,0,0,0,0,0,0,0,0,0,0,0,0,0,0,0,0,0.00150981,0,0,0.00754907,0,0,0,0,0,0.000503271,0.00251636,0.00301963,0,0,0.0503271,0,0,0,0,0.00905888,0.00905888,0.0145949,0,0.00754907,0,0,0,0,0.0216407,0,0.016608,0,0,0.151988,0.00603926,0.018621,0.128334,0.0201309,0,0,0.00553598,0.00251636,0.236034,0.000503271,0,0.165576,0,0,0,0.120785,0,0,0,0,0,0,0,0,0,0,0,0,0,0
52200,0,0,0,0,0,0,0,0,0,0,0,0,0,0,0,0,0,0,0,0,0,0,0,0,0,0,0,0,0,0,0,0,0,0,0,0,0,0.0004914,0,0.0014742,0,0.0014742,0,0,0,0,0.00835381,0.00835381,0,0,0.0624079,0,0,0,0,0,0.0103194,0.0142506,0,0.0137592,0,0,0,0,0.0132678,0,0.019656,0,0,0.180344,0.00982801,0.019656,0.112039,0.0309582,0,0,0.002457,0.014742,0.221622,0,0,0.116462,0.0019656,0,0,0.135135,0.000982801,0,0,0,0,0,0,0,0,0,0,0,0,0
52250,0,0,0,0,0,0,0,0,0,0,0,0,0,0,0,0,0,0,0,0,0,0,0,0,0,0,0,0,0,0,0,0,0,0,0,0,0,0.00109111,0,0.00272777,0,0.00600109,0,0,0,0.00272777,0.00272777,0.00436443,0,0,0.0376432,0,0,0.00436443,0,0,0.00381888,0.01473,0,0.0321877,0,0,0,0,0.0261866,0,0.0250955,0,0,0.183852,0.00327332,0.020731,0.126568,0.0229133,0,0,0,0.0120022,0.286961,0.000545554,0.000545554,0.0872886,0.00600109,0,0,0.0791053,0.00218221,0,0,0,0,0,0.00436443,0,0,0,0,0,0,0
52300,0,0,0,0,0,0,0,0,0,0,0,0,0,0,0,0,0,0,0,0,0,0,0,0,0,0,0,0,0,0,0,0,0,0,0,0,0,0.00929692,0,0,0,0.00174317,0,0,0,0.00581058,0.00755375,0,0,0,0.0563626,0,0,0.00639163,0,0,0,0.0191749,0,0.00929692,0,0,0,0,0.040674,0,0.0238234,0,0,0.220802,0.00522952,0.0296339,0.0813481,0.0418361,0,0,0.00116212,0.00871586,0.240558,0,0,0.0987798,0.0162696,0,0,0.0679837,0,0,0,0,0.00116212,0,0.00639163,0,0,0,0,0,0,0
52350,0,0,0,0,0,0,0,0,0,0,0,0,0,0,0,0,0,0,0,0,0,0,0,0,0,0,0,0,0,0,0,0,0,0,0,0,0,0.00930997,0,0.00273823,0,0,0,0,0,0.00766703,0.00657174,0,0,0,0.0558598,0,0,0.00766703,0,0,0,0.0503834,0,0.00547645,0,0,0,0,0.00985761,0,0.00876232,0,0.00219058,0.156627,0.0240964,0.0273823,0.21851,0.0388828,0,0,0.00438116,0,0.180723,0,0,0.118839,0.0060241,0,0,0.0569551,0,0,0,0,0,0,0.00109529,0,0,0,0,0,0,0
52400,0,0,0,0,0,0,0,0,0,0,0,0,0,0,0,0,0,0,0,0,0,0,0,0,0,0,0,0,0,0,0,0,0,0,0,0,0,0.00266809,0,0.00480256,0,0,0,0,0,0.00320171,0.00426894,0.00213447,0,0,0.0485592,0,0,0.0133404,0,0,0,0.0373533,0,0.00266809,0,0,0,0,0.00960512,0,0.0202775,0.000533618,0,0.118997,0.0186766,0.0320171,0.115795,0.0202775,0,0,0.0133404,0,0.261473,0,0.00533618,0.126467,0.00426894,0,0,0.133938,0,0,0,0,0,0,0,0,0,0,0,0,0,0
52450,0,0,0,0,0,0,0,0,0,0,0,0,0,0,0,0,0,0,0,0,0,0,0,0,0,0,0,0,0,0,0,0,0,0,0,0,0,0.0022007,0,0.00440141,0,0.000880282,0,0,0,0.0022007,0.0132042,0.00836268,0,0,0.065581,0,0,0.00572183,0,0,0.000440141,0.0321303,0.00132042,0.00176056,0,0,0,0,0.00660211,0,0.0233275,0,0,0.179137,0.0167254,0.0506162,0.12544,0.025088,0,0.000880282,0.0110035,0,0.213908,0,0.0272887,0.0721831,0.0110035,0,0,0.0985915,0,0,0,0,0,0,0,0,0,0,0,0,0,0
52500,0,0,0,0,0,0,0,0,0,0,0,0,0,0,0,0,0,0,0,0,0,0,0,0,0,0,0,0,0,0,0,0.000460405,0,0,0,0,0,0.00552486,0,0.0161142,0,0.000460405,0,0,0,0.00276243,0.0409761,0.0151934,0,0,0.058011,0,0,0,0,0,0,0.0207182,0.00092081,0.0105893,0,0,0,0,0.00782689,0,0.051105,0,0,0.173112,0.0188766,0.085175,0.132136,0.0303867,0,0.00368324,0.0165746,0,0.167587,0.000460405,0.00368324,0.0414365,0.00368324,0,0,0.0911602,0,0,0,0,0,0,0,0,0.00138122,0,0,0,0,0
52550,0,0,0,0,0,0,0,0,0,0,0,0,0,0,0,0,0,0,0,0,0,0,0,0,0,0,0,0,0,0,0,0,0,0,0,0,0,0,0,0.0016835,0,0.000841751,0,0,0,0.00673401,0.0214646,0.00715488,0,0,0.0324074,0,0.00294613,0,0,0,0,0.00841751,0.00252525,0.00883838,0.0016835,0,0,0,0.00294613,0,0.0454545,0,0,0.183923,0.0218855,0.0597643,0.132997,0.0673401,0.000420875,0.0016835,0.0155724,0,0.181818,0.00210438,0.0155724,0.0366162,0.003367,0.00252525,0,0.130471,0.000841751,0,0,0,0,0,0,0,0,0,0,0,0,0
52600,0,0,0,0,0,0,0,0,0,0,0,0,0,0,0,0,0,0,0,0,0,0,0,0,0,0,0,0,0,0,0,0,0,0,0,0,0,0.00139211,0,0.00324826,0,0.00185615,0,0,0,0.00185615,0.0116009,0.012065,0.000464037,0,0.0389791,0,0.00278422,0.00232019,0,0,0,0.0222738,0,0.0116009,0,0,0,0,0.00696056,0,0.0737819,0,0,0.232947,0.00974478,0.112761,0.134571,0.0603248,0,0,0.00835267,0,0.128074,0,0.012065,0.0301624,0.000464037,0.0037123,0,0.075174,0,0,0,0,0,0,0,0,0,0,0,0.000464037,0,0
52650,0,0,0,0,0,0,0,0,0,0,0,0,0,0,0,0,0,0,0,0,0,0,0,0,0,0,0,0,0,0,0,0,0,0,0,0.000434783,0,0.000434783,0,0.00347826,0.00173913,0.000434783,0,0,0,0.0073913,0.00826087,0.0147826,0,0,0.0465217,0,0.0026087,0,0,0,0,0.00869565,0,0.00652174,0.000869565,0,0,0,0.0169565,0,0.106957,0,0.000434783,0.228696,0.0104348,0.0786957,0.150435,0.0586957,0,0,0.0143478,0,0.106522,0,0.0182609,0.0295652,0,0.000869565,0,0.0769565,0,0,0,0,0,0,0,0,0,0,0,0,0,0
52700,0,0,0,0,0,0,0,0,0,0,0,0,0,0,0,0,0,0,0,0,0,0,0,0,0,0,0,0,0,0,0,0,0,0,0,0.001544,0,0,0,0.00874936,0,0,0,0,0,0.00257334,0.010808,0.0133814,0,0,0.0386001,0,0,0,0,0,0,0.00926402,0.00205867,0.00617602,0,0,0,0,0.0324241,0,0.0550695,0,0,0.184251,0.0303654,0.0653628,0.176016,0.0133814,0,0,0.00566135,0,0.113742,0,0.0329388,0.0844056,0,0,0,0.103963,0,0,0,0,0,0,0,0,0,0,0,0.00926402,0,0
52750,0,0,0,0,0,0,0,0,0,0,0,0,0,0,0,0,0,0,0,0,0,0,0,0,0,0,0,0,0,0,0,0,0,0,0,0.000543478,0,0.00380435,0,0.00652174,0.00217391,0.00108696,0,0,0,0.00815217,0.0108696,0.000543478,0,0,0.0711957,0,0,0,0,0,0,0.00597826,0,0.00923913,0.00217391,0,0,0,0.0146739,0,0.0293478,0,0,0.154891,0.026087,0.116304,0.135326,0.0396739,0,0,0.0076087,0,0.143478,0,0.036413,0.048913,0,0.000543478,0,0.120652,0,0,0.00108696,0,0,0,0,0,0,0,0,0.00271739,0,0
52800,0,0,0,0,0,0,0,0,0,0,0,0,0,0,0,0,0,0,0,0,0,0,0,0,0,0,0,0,0,0,0,0,0,0,0,0,0,0,0,0.00911528,0,0.000536193,0,0,0,0.00375335,0.00697051,0,0,0,0.0477212,0,0,0,0,0,0.000536193,0.00428954,0,0.0134048,0,0,0,0,0.0155496,0,0.0321716,0,0,0.186595,0.00857909,0.10134,0.115282,0.0664879,0,0,0.00375335,0,0.155496,0.000536193,0.0214477,0.0396783,0,0.00321716,0,0.157105,0,0,0,0,0,0,0,0,0,0,0,0.00643432,0,0
52850,0,0,0,0,0,0,0,0,0,0,0,0,0,0,0,0,0,0,0,0,0,0,0,0,0,0,0,0,0,0,0,0,0,0,0,0,0,0,0,0.00633641,0.00230415,0,0,0,0,0.00172811,0.0126728,0.00230415,0,0,0.0506912,0,0,0,0,0,0,0.00806452,0,0.00576037,0,0,0,0,0.0103687,0,0.0172811,0,0,0.179147,0.0120968,0.111175,0.123848,0.0697005,0,0,0.00518433,0,0.160138,0.00230415,0.0138249,0.0679724,0.0132488,0.00172811,0,0.112327,0,0,0,0,0,0,0.000576037,0,0,0,0,0.00921659,0,0
52900,0,0,0,0,0,0,0,0,0,0,0,0,0,0,0,0,0,0,0,0,0,0,0,0,0,0,0,0,0,0,0,0,0.00111359,0,0,0,0,0,0,0.0128062,0.00668151,0,0,0,0,0.0122494,0.00668151,0.00278396,0,0,0.0551225,0,0,0.00111359,0,0,0,0.0150334,0,0.00389755,0,0,0,0,0.013363,0,0.00556793,0,0,0.182628,0.0100223,0.0634744,0.178174,0.0690423,0,0,0.00389755,0,0.14755,0.00556793,0.0172606,0.0417595,0.0139198,0,0,0.127506,0,0,0,0,0,0,0.00111359,0,0,0,0,0.00167038,0,0
52950,0,0,0,0,0,0,0,0,0,0,0,0,0,0,0,0,0,0,0,0,0,0,0,0,0,0,0,0,0,0,0,0,0.0014985,0,0,0,0,0,0,0.0024975,0,0,0,0,0,0.004995,0.000999001,0.016983,0,0,0.0594406,0,0,0.0004995,0,0,0,0.0124875,0,0.00599401,0,0,0,0,0.00999001,0,0.017982,0,0,0.128372,0.0164835,0.0779221,0.115385,0.0779221,0,0,0.00749251,0.00599401,0.212288,0.001998,0.003996,0.042957,0.020979,0,0,0.154346,0,0,0.0004995,0,0,0,0,0,0,0,0,0,0,0
53000,0,0,0,0,0,0,0,0,0,0,0,0,0,0,0,0,0,0,0,0,0,0,0,0,0,0,0,0,0,0,0,0,0,0,0,0,0,0,0,0.00645482,0,0,0,0,0,0.00148957,0,0.0129096,0,0,0.0561072,0,0,0.00347567,0,0,0.00496524,0.00844091,0,0.0114201,0,0,0,0,0.0143992,0.000496524,0.0129096,0,0.00248262,0.132572,0.0337637,0.0531281,0.100794,0.0983118,0,0,0.00347567,0,0.188183,0.00297915,0.00695134,0.0392254,0.00695134,0,0,0.198113,0,0,0,0,0,0,0,0,0,0,0,0,0,0
53050,0,0,0,0,0,0,0,0,0,0,0,0,0,0,0,0,0,0,0,0,0,0,0,0,0,0,0,0,0,0,0,0,0,0,0,0,0,0,0,0.00278164,0,0.000463607,0,0,0,0,0,0.0222531,0,0,0.0431154,0,0,0.00185443,0,0.000463607,0.010663,0.0162262,0.00324525,0.0115902,0,0,0,0,0.0120538,0.00139082,0.00556328,0.00185443,0,0.100139,0.010663,0.0718591,0.0704682,0.0523876,0,0,0.0213259,0.00139082,0.262401,0.0213259,0.00788132,0.0324525,0.00139082,0,0,0.208159,0,0,0.000463607,0,0.000927214,0,0,0,0,0,0,0,0,0.00324525
53100,0,0,0,0,0,0,0,0,0,0,0,0,0,0,0,0,0,0,0,0,0,0,0,0,0,0,0,0,0,0,0,0,0,0,0,0,0,0,0,0.000416493,0,0.000416493,0,0,0,0.000832986,0,0.00458142,0,0,0.029571,0,0,0.00541441,0,0,0.00832986,0.00999584,0.00333195,0.00166597,0,0,0,0,0.0124948,0,0.0145773,0.0058309,0,0.107455,0.0229071,0.0720533,0.0787172,0.0674719,0,0,0.0416493,0.0133278,0.206581,0.00541441,0.00458142,0.0882965,0.0116618,0,0.000416493,0.17701,0,0,0.00208247,0,0.00249896,0,0,0,0,0,0,0,0,0.000416493
53150,0,0,0,0,0,0,0,0,0,0,0,0,0,0,0,0,0,0,0,0,0,0,0,0,0,0,0,0,0,0,0,0,0,0,0,0,0,0,0,0.000770119,0,0,0,0,0,0,0,0.0057759,0,0,0.0242588,0,0,0.00423566,0,0.00115518,0.00115518,0.0157874,0.00539084,0.00038506,0,0,0,0,0.00847131,0.00038506,0.0100116,0.00115518,0,0.156719,0.0473623,0.0789372,0.0985753,0.0458221,0,0,0.038891,0.0103966,0.212938,0.00500578,0.0115518,0.057759,0.0115518,0,0,0.145168,0,0,0,0,0,0,0,0,0,0,0,0.00038506,0,0
53200,0,0,0,0,0,0,0,0,0,0,0,0,0,0,0,0,0,0,0,0,0,0,0,0,0,0,0,0,0,0,0,0,0,0,0,0,0,0.00168919,0.000844595,0.00295608,0,0,0,0,0,0,0,0.00886824,0,0,0.03125,0,0,0.00844595,0,0,0.00464527,0.00717905,0.00337838,0,0,0,0,0.00211149,0.00971284,0,0.00591216,0,0,0.168074,0.0143581,0.11951,0.0891047,0.0658784,0.00168919,0,0.0304054,0.00380068,0.195946,0,0.00971284,0.0548986,0.00126689,0,0,0.158361,0,0,0,0,0,0,0,0,0,0,0,0,0,0
53250,0,0,0,0,0,0,0,0,0,0,0,0,0,0,0,0,0,0,0,0,0,0,0,0,0,0,0,0,0,0,0,0,0,0,0,0,0,0.000433839,0,0.00173536,0.000433839,0,0,0,0,0.00347072,0,0,0,0,0.0503254,0,0,0.00911063,0,0,0.00130152,0.00997831,0.0212581,0,0,0,0,0,0.0143167,0,0.0312364,0,0,0.193926,0.0494577,0.072885,0.0546638,0.0650759,0.000433839,0.000433839,0.0264642,0.00260304,0.180911,0,0.0260304,0.0303688,0.0121475,0,0,0.140564,0,0,0,0,0,0,0,0,0,0,0,0.000433839,0,0
53300,0,0,0,0,0,0,0,0,0,0,0,0,0,0,0,0,0,0,0,0,0,0,0,0,0,0,0,0,0,0,0,0,0,0,0,0,0,0.00102459,0,0,0,0,0,0,0,0.00409836,0,0,0,0,0.0650615,0,0,0.00204918,0,0,0,0.0163934,0.022541,0.000512295,0,0,0,0,0.03125,0,0.0122951,0,0,0.113217,0.0440574,0.108607,0.0522541,0.0660861,0,0,0.0343238,0.000512295,0.212602,0,0.0143443,0.0389344,0.00358607,0,0.00204918,0.153689,0,0,0,0,0.000512295,0,0,0,0,0,0,0,0,0
53350,0,0,0,0,0,0,0,0,0,0,0,0,0,0,0,0,0,0,0,0,0,0,0,0,0,0,0,0,0,0,0,0,0,0,0,0,0.000477783,0,0,0.00191113,0,0.000477783,0,0,0,0.00334448,0.00238892,0.00191113,0,0,0.0305781,0,0.000477783,0,0,0.000477783,0,0.0100334,0.0296226,0.00668896,0,0,0,0,0.0535117,0,0.00238892,0,0,0.128046,0.0348782,0.0979455,0.0879121,0.0291448,0,0,0.0415671,0.000477783,0.215958,0,0.00477783,0.0267559,0.00191113,0,0,0.178691,0,0,0,0,0.00764453,0,0,0,0,0,0,0,0,0
53400,0,0,0,0,0,0,0,0,0,0,0,0,0,0,0,0,0,0,0,0,0,0,0,0,0,0,0,0,0,0,0,0,0,0,0,0,0,0,0,0,0,0,0,0,0,0,0.00097371,0.00486855,0.000486855,0,0.0296981,0,0,0,0,0,0,0.0126582,0.0111977,0.0292113,0,0,0,0,0.037001,0,0.010224,0,0,0.178676,0.033593,0.106621,0.0457644,0.0321324,0,0,0.0486855,0,0.139241,0.00486855,0.0107108,0.0311587,0.00584226,0,0,0.225414,0,0,0,0,0.00097371,0,0,0,0,0,0,0,0,0
53450,0,0,0,0,0,0,0,0,0,0,0,0,0,0,0,0,0,0,0,0,0,0,0,0,0,0,0,0,0,0,0,0,0,0,0,0,0,0,0,0.004719,0,0.00900901,0,0,0,0,0.003003,0.003861,0,0,0.0531961,0,0,0,0,0,0,0.018447,0.028743,0.014157,0,0,0,0,0.029601,0,0.017589,0,0,0.121407,0.048477,0.0995281,0.0780781,0.042471,0,0,0.037752,0,0.190047,0.003003,0.00514801,0.012012,0.00514801,0,0,0.169455,0,0,0.000429,0,0,0,0.000429,0,0,0,0,0.000429,0.003861,0
53500,0,0,0,0,0,0,0,0,0,0,0,0,0,0,0,0,0,0,0,0,0,0,0,0,0,0,0,0,0,0,0,0.000436491,0,0,0,0,0,0,0,0.00872981,0,0.0122217,0,0,0,0.000872981,0.000436491,0.0139677,0,0,0.046268,0,0,0,0,0,0,0.00174596,0.0178961,0.00611087,0,0,0,0,0.0109123,0,0.00523789,0,0,0.0803143,0.0663466,0.105194,0.0571803,0.103012,0,0,0.0183326,0,0.189437,0,0.00436491,0.0122217,0.00960279,0,0.000436491,0.224356,0,0,0,0,0,0,0,0,0,0,0,0,0.00436491,0
53550,0,0,0,0,0,0,0,0,0,0,0,0,0,0,0,0,0,0,0,0,0,0,0,0,0,0,0,0,0,0,0,0,0,0,0,0,0,0,0,0.0136054,0,0,0,0,0,0.00874636,0,0.0165209,0,0,0.0466472,0,0,0.00194363,0,0,0,0.00485909,0.0111759,0.00388727,0,0,0,0,0.00826045,0,0.0223518,0.000971817,0,0.151603,0.05345,0.11759,0.0646259,0.0728863,0,0,0.0301263,0,0.175899,0,0.00388727,0.026725,0.0208941,0,0,0.143343,0,0,0,0,0,0,0,0,0,0,0,0,0,0
53600,0,0,0,0,0,0,0,0,0,0,0,0,0,0,0,0,0,0,0,0,0,0,0,0,0,0,0,0,0,0,0,0,0,0,0,0,0,0.00367985,0,0.0110396,0,0,0,0,0,0.000459982,0,0.00643974,0,0,0.0611776,0,0,0.000459982,0,0,0,0.0110396,0.0179393,0,0,0,0,0,0.0193192,0,0.0234591,0,0,0.167433,0.0363385,0.0869365,0.0818767,0.0432383,0,0,0.0409384,0,0.185373,0,0.00183993,0.0165593,0.00229991,0,0,0.178013,0,0,0,0,0,0,0,0,0,0,0,0,0.00413983,0
53650,0,0,0,0,0,0,0,0,0,0,0,0,0,0,0,0,0,0,0,0,0,0,0,0,0,0,0,0,0,0,0,0,0,0,0,0,0,0.00712695,0,0.00489978,0,0,0,0,0,0,0,0.00445434,0,0,0.044098,0,0,0.00400891,0,0.000445434,0,0.0155902,0.00178174,0,0,0,0,0,0.0142539,0,0.0454343,0,0,0.12294,0.0351893,0.0752784,0.128285,0.0619154,0,0,0.0191537,0,0.173274,0.00178174,0,0.0138085,0.00534521,0,0,0.219599,0.000445434,0,0,0,0,0,0,0,0,0,0,0.000890869,0,0
53700,0,0,0,0,0,0,0,0,0,0,0,0,0,0,0,0,0,0,0,0,0,0,0,0,0,0,0,0,0,0,0,0,0,0,0,0.00144578,0,0.00481928,0,0.000481928,0,0.000481928,0.000481928,0,0,0,0,0.00240964,0,0,0.0342169,0,0.00144578,0.00385542,0,0,0,0.0139759,0.00144578,0,0,0,0,0,0.0178313,0,0.0424096,0.000481928,0,0.112289,0.053012,0.0804819,0.125783,0.0925301,0.00240964,0,0.0207229,0,0.223133,0.00578313,0,0.00674699,0.00240964,0,0,0.148434,0,0,0,0.000481928,0,0,0,0,0,0,0,0,0,0
53750,0,0,0,0,0,0,0,0,0,0,0,0,0,0,0,0,0,0,0,0,0,0,0,0,0,0,0,0,0,0,0,0.000465983,0,0,0,0,0,0.0055918,0,0.00605778,0,0,0,0,0,0,0.000465983,0.00186393,0,0,0.100652,0,0,0.0111836,0,0,0,0.0153774,0,0.00186393,0,0,0,0,0.00326188,0,0.0195713,0.000931966,0,0.178006,0.0153774,0.0801491,0.0675676,0.0493942,0,0,0.0316869,0,0.252563,0.000465983,0,0.0144455,0.00745573,0,0.00232992,0.131407,0,0,0,0.000931966,0,0,0,0,0,0,0,0.000931966,0,0
53800,0,0,0,0,0,0,0,0,0,0,0,0,0,0,0,0,0,0,0,0,0,0,0,0,0,0,0,0,0,0,0,0,0.000959693,0,0,0,0,0.00191939,0,0.00671785,0,0,0,0,0,0,0,0.00911708,0,0,0.0834933,0,0,0.00911708,0,0,0.00239923,0.00671785,0,0.00143954,0,0,0,0,0.0143954,0,0.0143954,0,0,0.141075,0.0278311,0.0887716,0.0614203,0.0355086,0,0,0.0321497,0,0.266795,0,0,0.0196737,0.0465451,0,0.00191939,0.120921,0,0,0,0,0,0,0,0,0,0,0,0.00671785,0,0
53850,0,0,0,0,0,0,0,0,0,0,0,0,0,0,0,0,0,0,0,0,0,0,0,0,0,0,0,0,0,0,0,0,0.00165769,0,0,0,0,0.000828844,0,0.00497306,0,0,0,0,0,0,0,0.00621633,0,0,0.0600912,0,0,0.0149192,0,0,0,0.00787402,0,0.00663075,0,0,0,0.000828844,0.0145048,0,0.0174057,0.000414422,0,0.090344,0.0281807,0.0899295,0.121011,0.0538748,0,0,0.0223788,0,0.213842,0,0,0.037298,0.0505595,0,0.00248653,0.14712,0,0,0,0,0,0,0,0,0,0,0,0.00663075,0,0
53900,0,0,0,0,0,0,0,0,0,0,0,0,0,0,0,0,0,0,0,0,0,0,0,0,0,0,0,0,0,0,0,0,0,0,0,0,0,0.00158165,0,0.00988533,0,0,0,0,0,0.00316331,0,0.00474496,0,0,0.0470542,0,0,0.00751285,0,0,0.000790826,0.00395413,0.000395413,0,0,0,0,0,0.0213523,0,0.00948992,0,0,0.0862001,0.0427046,0.0921313,0.0782918,0.0743377,0,0,0.0355872,0,0.236062,0.000790826,0.000790826,0.0173982,0.0209569,0,0.00276789,0.192962,0,0.00355872,0,0,0,0,0,0,0,0,0,0.00553578,0,0
53950,0,0,0,0,0,0,0,0,0,0,0,0,0,0,0,0,0,0,0,0,0,0,0,0,0,0,0,0,0,0,0,0,0,0,0,0,0,0,0,0.0107817,0,0,0,0,0,0,0,0,0,0,0.0354897,0,0,0.00808625,0,0,0,0.00404313,0.00224618,0.00449236,0,0,0,0,0.0143756,0,0.0188679,0,0,0.0867026,0.0134771,0.111411,0.115004,0.0637916,0,0,0.015274,0,0.262803,0,0,0.0175202,0.0202156,0,0,0.173854,0,0.0107817,0,0,0,0,0,0,0,0,0,0.0107817,0,0
54000,0,0,0,0,0,0,0,0,0,0,0,0,0,0,0,0,0,0,0,0,0,0,0,0,0,0,0,0,0,0,0,0.000964785,0,0,0,0,0,0,0,0.0226725,0.000964785,0,0,0,0,0.00241196,0,0,0,0,0.0646406,0,0,0.00385914,0,0,0,0,0.000482393,0.00723589,0,0,0,0,0.0154366,0,0.0164014,0,0,0.0935842,0.0260492,0.108056,0.0882779,0.0733237,0,0,0.00868307,0,0.234925,0,0.000482393,0.0472745,0.00337675,0,0,0.156295,0,0.0130246,0,0,0,0,0,0,0,0,0.00144718,0.0101302,0,0
54050,0,0,0,0,0,0,0,0,0,0,0,0,0,0,0,0,0,0,0,0,0,0,0,0,0,0,0,0,0,0,0,0,0,0,0,0,0,0,0,0.0117073,0,0,0,0,0,0.00243902,0.00097561,0,0,0,0.0312195,0,0,0.00390244,0,0,0,0,0,0.017561,0,0,0,0,0.00146341,0,0.00780488,0.00097561,0,0.125854,0.0468293,0.0868293,0.113659,0.122439,0,0,0.00536585,0,0.227805,0,0.00536585,0.0229268,0.0102439,0,0,0.147805,0,0.00682927,0,0,0,0,0,0,0,0,0,0,0,0
54100,0,0,0,0,0,0,0,0,0,0,0,0,0,0,0,0,0,0,0,0,0,0,0,0,0,0,0,0,0,0,0,0,0,0,0,0,0,0,0,0.00771675,0,0,0,0,0,0,0,0,0,0,0.0744439,0,0,0.000907853,0,0,0,0,0.000453926,0.0172492,0,0,0,0,0.00272356,0,0.00726282,0,0,0.143895,0.0526555,0.0767136,0.0880617,0.113482,0,0,0.00363141,0,0.200182,0,0.00590104,0.0258738,0.0104403,0,0,0.165229,0,0.00317749,0,0,0,0,0,0,0,0,0,0,0,0
54150,0,0,0,0,0,0,0,0,0,0,0,0,0,0,0,0,0,0,0,0,0,0,0,0,0,0,0,0,0,0,0,0,0,0,0,0,0,0.000884956,0,0.00707965,0,0,0,0,0,0.000442478,0,0,0,0,0.0433628,0,0,0,0,0.000884956,0,0,0.00176991,0.0039823,0,0,0,0,0,0,0.00619469,0.000442478,0,0.133628,0.0553097,0.0610619,0.099115,0.0977876,0,0,0.00265487,0,0.203097,0,0.00840708,0.0415929,0.0106195,0,0,0.217699,0,0.00309735,0,0,0,0,0,0,0,0,0,0,0,0.000884956
54200,0,0,0,0,0,0,0,0,0,0,0,0,0,0,0,0,0,0,0,0,0,0,0,0,0,0,0,0,0,0,0,0,0,0,0,0,0,0,0,0.00836636,0,0,0,0,0,0,0,0,0,0,0.0607662,0,0,0.000440335,0,0,0,0,0,0.00660502,0,0,0,0,0,0,0.0215764,0,0,0.11801,0.0691325,0.0911493,0.107882,0.094672,0,0.00220167,0.000440335,0,0.188904,0,0.0101277,0.0418318,0.00880669,0,0,0.161162,0,0.00176134,0,0,0,0,0,0,0,0,0,0,0,0.00616469
54250,0,0,0,0,0,0,0,0,0,0,0,0,0,0,0,0,0,0,0,0,0,0,0,0,0,0,0,0,0,0,0,0,0,0,0,0,0,0.001221,0,0.000814001,0.002849,0,0,0,0,0.002035,0.000814001,0,0,0,0.030932,0,0,0.000407,0,0,0.000407,0,0,0.016687,0,0,0,0,0.002442,0,0.013838,0,0,0.171347,0.0541311,0.0870981,0.140008,0.0651201,0.000814001,0,0,0,0.196174,0,0.00610501,0.0520961,0.003256,0,0,0.14652,0,0.004884,0,0,0,0,0,0,0,0,0,0,0,0
54300,0,0,0,0,0,0,0,0,0,0,0,0,0,0,0,0,0,0,0,0,0,0,0,0,0,0,0,0,0,0,0,0,0,0,0,0,0,0.00245098,0,0,0,0,0,0,0,0.00408497,0.00204248,0.00245098,0,0,0.0661765,0,0,0,0,0,0,0.00122549,0,0.0122549,0,0,0,0.00204248,0.00408497,0,0.0191993,0,0,0.129085,0.101716,0.0906863,0.131536,0.057598,0.000408497,0,0.00122549,0,0.186683,0,0.00776144,0.0265523,0.0130719,0,0,0.129902,0.00204248,0.00531046,0,0,0.000408497,0,0,0,0,0,0,0,0,0
54350,0,0,0,0,0,0,0,0,0,0,0,0,0,0,0,0,0,0,0,0,0,0,0,0,0,0,0,0,0,0,0,0,0,0,0,0,0,0,0,0.00199045,0,0.00159236,0,0,0,0.00716561,0.00199045,0.00238854,0,0,0.0366242,0,0,0,0,0,0.00119427,0.0035828,0.00119427,0.00477707,0,0,0,0.00199045,0.0115446,0,0.0214968,0,0,0.164809,0.0808121,0.0493631,0.130175,0.0497611,0,0,0,0,0.205414,0,0.0226911,0.0457803,0.0115446,0,0.00199045,0.138137,0.000398089,0.000398089,0,0,0,0,0,0,0,0,0.00119427,0,0,0
54400,0,0,0,0,0,0,0,0,0,0,0,0,0,0,0,0,0,0,0,0,0,0,0,0,0,0,0,0,0,0,0,0,0,0,0,0.000367512,0,0.000735024,0,0.00183756,0,0,0,0,0,0.0106578,0,0.000367512,0,0,0.030136,0,0,0,0,0,0,0,0.00367512,0.00220507,0,0,0,0.00110254,0.016538,0,0.0169055,0,0,0.118339,0.0540243,0.0514517,0.153988,0.105476,0,0.000367512,0.00147005,0,0.217935,0,0.0198456,0.0323411,0.0106578,0,0,0.13892,0,0,0,0,0,0,0,0,0,0,0,0.0106578,0,0
54450,0,0,0,0,0,0,0,0,0,0,0,0,0,0,0,0,0,0,0,0,0,0,0,0,0,0,0,0,0,0,0,0,0,0,0,0,0,0.00297619,0,0.00382653,0,0,0,0,0,0.00510204,0,0.00042517,0,0,0.0310374,0,0,0,0,0,0,0,0.00212585,0.00722789,0,0,0,0.00382653,0.0357143,0,0.00722789,0,0,0.153912,0.0986395,0.0471939,0.129252,0.0556973,0,0,0,0,0.212585,0,0.0178571,0.0361395,0.00212585,0,0,0.136054,0,0,0,0,0,0,0,0,0,0,0,0.0110544,0,0
54500,0,0,0,0,0,0,0,0,0,0,0,0,0,0,0,0,0,0,0,0,0,0,0,0,0,0,0,0,0,0,0,0,0,0,0,0,0,0.00514851,0,0.0150495,0,0,0,0,0,0.00356436,0,0.000792079,0,0,0.0534653,0,0,0,0,0,0,0.000792079,0,0.00752475,0,0,0,0.00158416,0.0336634,0.00039604,0.0285149,0,0,0.110891,0.100198,0.0574257,0.110495,0.0586139,0,0.00039604,0,0,0.188515,0,0.00594059,0.060198,0,0.00871287,0,0.143762,0,0,0,0,0,0,0,0,0,0,0,0.00435644,0,0
54550,0,0,0,0,0,0,0,0,0,0,0,0,0,0,0,0,0,0,0,0,0,0,0,0,0,0.000880669,0,0,0,0,0,0.000440335,0,0,0,0,0,0.000880669,0,0.00308234,0,0,0,0,0,0.00836636,0,0.000440335,0,0,0.0396301,0,0,0,0,0,0,0,0,0.000880669,0,0,0,0,0.00528402,0,0.0466755,0,0,0.109643,0.0598855,0.0361074,0.142668,0.0691325,0,0,0,0,0.226772,0,0.00616469,0.0616469,0,0.00792602,0,0.169529,0,0,0,0,0,0,0,0,0,0,0,0.00396301,0,0
54600,0,0,0,0,0,0,0,0,0,0,0,0,0,0,0,0,0,0,0,0,0,0,0,0,0,0.00256082,0,0,0,0,0,0,0,0,0,0,0,0.00469484,0,0.00597525,0,0,0,0,0,0.00640205,0,0,0,0,0.0115237,0,0,0.00384123,0,0,0.00682885,0,0.000426803,0.00341443,0,0,0,0,0.00853606,0,0.0456679,0,0.000426803,0.161758,0.0298762,0.0529236,0.0879215,0.0571916,0,0.00128041,0,0,0.26163,0,0.0166453,0.047802,0.00469484,0.00725566,0,0.1656,0,0,0,0,0,0,0,0,0,0,0,0.00512164,0,0
54650,0,0,0,0,0,0,0,0,0,0,0,0,0,0,0,0,0,0,0,0,0,0,0,0,0,0.00287947,0,0,0,0,0,0,0,0,0,0,0,0.000411353,0,0.00287947,0.000411353,0,0,0,0,0.000822707,0,0,0,0,0.0246812,0,0,0.000411353,0,0,0.00534759,0.000411353,0.00370218,0.00370218,0.000411353,0,0,0,0.0061703,0.000822707,0.0526532,0,0,0.111477,0.00822707,0.0781571,0.0983135,0.0649938,0,0,0,0,0.243521,0,0.0427807,0.0584122,0.00287947,0.0061703,0,0.172768,0.000411353,0,0,0,0,0,0,0,0,0,0,0.0061703,0,0
54700,0,0,0,0,0,0,0,0,0,0,0,0,0,0,0,0,0,0,0,0,0,0,0,0,0,0.000695652,0,0,0,0,0,0,0,0,0,0,0,0.00417391,0,0.013913,0,0,0,0,0,0.00104348,0,0.00313043,0,0,0.0153043,0,0,0,0,0,0,0.00313043,0.0163478,0.00486957,0,0,0.000347826,0,0.00313043,0.00278261,0.0504348,0,0,0.102609,0.010087,0.0772174,0.0921739,0.0626087,0.0013913,0,0.00173913,0,0.256696,0,0.0107826,0.0706087,0.00243478,0.00347826,0,0.179478,0.00243478,0,0,0,0,0,0,0,0,0,0,0.00695652,0,0
54750,0,0,0,0,0,0,0,0,0,0,0,0,0,0,0,0,0,0,0,0,0,0,0,0,0,0.00302229,0,0,0,0,0,0,0,0,0,0,0,0.00717794,0,0.017756,0,0,0,0,0,0,0,0.000755572,0,0,0.0332452,0,0,0.00302229,0,0,0,0.00604458,0.00717794,0.00982244,0,0,0,0,0.00680015,0.00113336,0.0294673,0,0,0.108425,0.0260672,0.0744239,0.127314,0.0691349,0,0,0.0154892,0,0.216471,0,0.000377786,0.0510011,0.00755572,0.00113336,0,0.151114,0.00566679,0,0,0,0,0,0,0.000377786,0,0,0.000377786,0.0196449,0,0
54800,0,0,0,0,0,0,0,0,0,0,0,0,0,0,0,0,0,0,0,0,0,0,0,0,0,0.00462963,0,0,0,0,0,0,0,0,0,0,0,0.00356125,0,0.00641026,0,0,0,0,0,0.00106838,0,0.000356125,0,0,0.0441595,0,0,0,0,0,0,0.002849,0.00356125,0.00249288,0,0,0,0,0.0174501,0,0.0249288,0,0,0.085114,0.0320513,0.0683761,0.135328,0.0997151,0,0,0.00747863,0,0.155271,0.000356125,0.000356125,0.100427,0.0174501,0,0,0.172009,0.00712251,0,0,0,0,0,0,0,0,0,0,0.00747863,0,0
54850,0,0,0,0,0,0,0,0,0,0,0,0,0,0,0,0,0,0,0,0,0,0,0,0,0,0.00204082,0,0,0,0,0,0,0,0,0,0,0,0.000680272,0,0.00952381,0,0,0,0,0,0.00544218,0,0.00136054,0,0,0.0469388,0,0,0.00340136,0,0,0,0.000680272,0.00408163,0.00204082,0,0,0,0,0.0102041,0,0.0112245,0,0,0.115646,0.0139456,0.147959,0.087415,0.0914966,0,0,0.00748299,0,0.179592,0,0.00272109,0.0459184,0.014966,0,0,0.185374,0.00510204,0,0,0,0,0,0.00136054,0,0,0,0,0.00340136,0,0
54900,0,0,0,0,0,0,0,0,0,0,0,0,0,0,0,0,0,0,0,0,0,0,0,0,0,0.00316122,0,0,0,0,0,0,0,0,0,0,0,0.00632244,0,0.00667369,0,0.00210748,0,0,0,0.00667369,0,0.000351247,0,0,0.029856,0,0,0.00456621,0,0,0.000702494,0,0,0,0,0,0,0.000351247,0.00351247,0,0.0288022,0,0.00105374,0.0976466,0.0158061,0.136284,0.090973,0.0755181,0,0.00140499,0.00561995,0,0.220232,0,0.0105374,0.0916754,0.0168599,0,0.000351247,0.127503,0.00140499,0,0,0,0,0,0.00351247,0,0,0,0,0.0105374,0,0
54950,0,0,0,0,0,0,0,0,0,0,0,0,0,0,0,0,0,0,0,0,0,0,0,0,0,0.000410341,0,0,0,0,0,0,0,0,0,0,0,0.00246204,0,0.00861715,0,0,0,0,0,0.00902749,0,0,0,0,0.0689372,0,0,0,0,0,0.00410341,0,0.000410341,0.00164136,0,0,0,0,0.0020517,0,0.0135412,0,0,0.0874025,0.0147723,0.129257,0.0705786,0.0796061,0,0,0.00861715,0,0.292162,0.000410341,0.0114895,0.0393927,0.0143619,0.00164136,0.00123102,0.13295,0.00369307,0,0,0,0,0,0.000410341,0,0.000410341,0,0,0.000410341,0,0
55000,0,0,0,0,0,0,0,0,0,0,0,0,0,0,0,0,0,0,0,0,0,0,0,0,0,0,0,0,0,0,0,0,0,0,0,0,0,0.00508011,0,0.007034,0,0,0,0,0,0.00234467,0,0,0.000781555,0,0.0468933,0,0,0.000390778,0,0,0,0.00234467,0.00625244,0.00742478,0,0,0,0,0.00273544,0,0.0179758,0,0,0.137554,0.0136772,0.0996483,0.0429855,0.105901,0,0,0.0250098,0,0.196952,0.000390778,0.0148496,0.0629152,0.0226651,0,0,0.161391,0.010551,0,0,0,0,0,0,0,0,0,0,0.00586166,0,0.000390778
55050,0,0,0,0,0,0,0,0,0,0,0,0,0,0,0,0,0,0,0,0,0,0,0,0,0,0,0,0,0,0,0,0,0,0,0,0,0,0.000670466,0,0.00804559,0,0,0,0,0,0.00435803,0,0,0,0,0.0415689,0,0,0,0,0,0,0.00268186,0.00335233,0,0,0,0,0,0.00368756,0,0.0348642,0,0,0.145156,0.0241368,0.146832,0.0241368,0.104257,0,0.00167616,0.0211197,0,0.167281,0.000335233,0.0278243,0.0170969,0.0177673,0,0,0.181026,0.00838082,0,0,0,0,0,0,0,0,0,0,0.0137446,0,0
55100,0,0,0,0,0,0,0,0,0,0,0,0,0,0,0,0,0,0,0,0,0,0,0,0,0,0,0,0,0,0,0,0,0,0,0,0,0,0,0,0.00913061,0,0,0,0,0,0,0,0,0,0,0.0452561,0,0,0.000396983,0,0,0,0.00793966,0.000793966,0,0,0.00119095,0,0,0.0194522,0,0.0293767,0,0,0.127035,0.0504168,0.114331,0.0381104,0.125447,0,0.00317586,0.0166733,0,0.175069,0.000396983,0.0258039,0.0357285,0.0123065,0.000793966,0,0.156411,0.000396983,0,0,0,0,0,0,0,0,0,0,0.00436681,0,0
55150,0,0,0,0,0,0,0,0,0,0,0,0,0,0,0,0,0,0,0,0,0,0,0,0,0,0,0,0,0,0,0,0,0,0,0,0,0,0.00968703,0,0.00186289,0.000372578,0,0,0,0,0,0.000372578,0,0,0,0.0149031,0,0,0,0,0,0,0.00260805,0.0052161,0.00186289,0,0,0,0.000745156,0.0283159,0,0.021237,0,0,0.151267,0.0387481,0.0905365,0.0398659,0.0938897,0,0,0.0160209,0,0.244784,0,0.0402385,0.057377,0.0331595,0,0,0.10544,0,0,0,0,0,0,0.000372578,0,0,0,0,0,0,0.00111773
55200,0,0,0,0,0,0,0,0,0,0,0,0,0,0,0,0,0,0,0,0,0,0,0,0,0,0,0,0,0,0,0,0,0,0,0,0,0,0.0137504,0,0.00343761,0,0,0,0,0,0.000687521,0,0,0,0,0.0147817,0,0,0,0.0079065,0,0,0.00584393,0.00550017,0.0017188,0.000343761,0,0,0,0.0333448,0,0.0233757,0,0,0.12341,0.0412513,0.0625645,0.0893778,0.114816,0,0.000343761,0.00240633,0,0.191818,0,0.0642833,0.047439,0.0381574,0,0,0.113097,0,0,0.000343761,0,0,0,0,0,0,0,0,0,0,0
55250,0,0,0,0,0,0,0,0,0,0,0,0,0,0,0,0,0,0,0,0,0,0,0,0,0,0,0,0,0,0,0,0,0,0,0,0,0,0.00904295,0,0.0180859,0,0,0,0,0,0.00226074,0,0.00037679,0,0,0.0297664,0,0,0.00150716,0,0,0.00414469,0.00113037,0.00113037,0.0165787,0.00263753,0,0,0,0.0226074,0,0.0131876,0,0,0.134891,0.016202,0.108139,0.0557649,0.0975885,0,0,0.00414469,0,0.219668,0.0139412,0.0395629,0.0399397,0.0463451,0,0,0.10098,0,0,0,0,0,0.00037679,0,0,0,0,0,0,0,0
55300,0,0,0,0,0,0,0,0,0,0,0,0,0,0,0,0,0,0,0,0,0,0,0,0,0,0,0,0,0,0,0,0,0,0,0,0,0,0.00518975,0,0.00778463,0,0,0,0.000648719,0,0.00356795,0,0,0,0,0.0256244,0,0,0.00129744,0,0,0.00746027,0.00227052,0.000973078,0.0100551,0,0,0,0,0.036977,0,0.0100551,0.000324359,0,0.136231,0.00973078,0.0840091,0.054168,0.121635,0,0,0.000648719,0,0.201103,0.0132987,0.0480052,0.0651962,0.0366526,0,0,0.111904,0,0.00129744,0,0,0.000324359,0.00356795,0,0,0,0,0,0,0,0
55350,0,0,0,0,0,0,0,0,0,0,0,0,0,0,0,0,0,0,0,0,0,0,0,0,0,0,0,0,0,0,0,0,0,0,0,0,0,0.0169383,0,0.00862895,0,0,0,0,0,0.000319591,0,0,0,0,0.00894855,0,0,0.00415468,0,0.000319591,0.0105465,0.00415468,0.000958773,0.00798977,0,0,0,0,0.0364334,0,0.0108661,0,0,0.102908,0.00894855,0.0805369,0.0955577,0.1403,0,0,0,0.000319591,0.178971,0.00511345,0.043784,0.0338766,0.107702,0,0,0.0917226,0,0,0,0,0,0,0,0,0,0,0,0,0,0
55400,0,0,0,0,0,0,0,0,0,0,0,0,0,0,0,0,0,0,0,0,0,0,0,0,0,0,0,0,0,0,0,0,0,0,0,0,0,0.024945,0,0.00183419,0,0,0,0,0,0.000366838,0,0,0,0,0.0139398,0,0,0.00330154,0,0,0.0245781,0.00110051,0.00183419,0.00917095,0,0,0,0,0.0333822,0,0.0179751,0,0,0.0964784,0.0212766,0.0983125,0.0821717,0.0711665,0,0,0,0,0.238811,0.00623624,0.027146,0.0641966,0.0374175,0,0,0.122524,0,0,0,0,0,0.00183419,0,0,0,0,0,0,0,0
55450,0,0,0,0,0,0,0,0,0,0,0,0,0,0,0,0,0,0,0,0,0,0,0,0,0,0,0,0,0,0,0,0,0,0,0,0,0,0.0310452,0,0.00103484,0.00137979,0,0,0,0,0.000344947,0,0,0,0,0.0137979,0,0,0.0051742,0,0,0.0272508,0,0,0.0220766,0,0,0,0,0.00310452,0,0.019317,0,0,0.128665,0.0334598,0.0679545,0.090031,0.0945154,0,0,0.00275957,0,0.179027,0.00379441,0.0289755,0.0648499,0.0334598,0.00413936,0.00275957,0.134184,0.00103484,0,0,0,0.00206968,0.00379441,0,0,0,0,0,0,0,0
55500,0,0,0,0,0,0,0,0,0,0,0,0,0,0,0,0,0,0,0,0,0,0,0,0,0,0,0,0,0,0,0,0,0,0,0,0,0,0.0115067,0,0.0183387,0,0,0,0,0,0.000719166,0,0,0,0,0.00898957,0,0,0.00395541,0,0.00107875,0.0183387,0.00179791,0,0.00395541,0,0,0,0,0.00431499,0,0.0183387,0,0,0.143833,0.028407,0.084502,0.0693995,0.0970874,0,0,0.0021575,0,0.160014,0.00862999,0.0359583,0.0553758,0.0539374,0.000719166,0,0.165768,0.000719166,0,0,0,0,0.0021575,0,0,0,0,0,0,0,0
55550,0,0,0,0,0,0,0,0,0,0,0,0,0,0,0,0,0,0,0,0,0,0,0,0,0,0,0,0,0,0,0,0,0,0,0,0,0,0.00972272,0,0.00900252,0,0,0,0,0,0.000720202,0,0,0,0,0.0370904,0,0,0.0021606,0,0.0014404,0.0140439,0.0151242,0,0.0021606,0,0,0,0,0.00900252,0,0.0190853,0,0,0.0914656,0.032049,0.0723803,0.0561757,0.0680591,0,0,0.0018005,0,0.160245,0.00252071,0.0442924,0.0698596,0.042852,0,0,0.233705,0.000720202,0,0,0,0.00396111,0,0,0,0,0,0,0,0.000360101,0
55600,0,0,0,0,0,0,0,0,0,0,0,0,0,0,0,0,0,0,0,0,0,0,0,0,0,0,0,0,0,0,0,0,0,0,0,0,0,0.00432744,0,0.0129823,0,0.00468806,0,0,0,0.00036062,0,0.00288496,0,0,0.031374,0.00144248,0,0.00108186,0,0.00108186,0.00288496,0.00865489,0,0.00144248,0,0,0,0,0.0108186,0.00108186,0.031374,0,0,0.111432,0.0522899,0.0962856,0.0508475,0.0667147,0,0,0.0108186,0,0.128381,0.00504868,0.036062,0.04652,0.0450775,0,0,0.218536,0.00144248,0,0,0,0.0140642,0,0,0,0,0,0,0,0,0
55650,0,0,0,0,0,0,0,0,0,0,0,0,0,0,0,0,0,0,0,0,0,0,0,0,0,0,0,0,0,0,0,0,0,0,0,0,0,0.0083668,0,0.0107095,0,0,0,0,0,0,0,0.00200803,0,0,0.0371486,0.000334672,0,0,0,0,0.00100402,0.00937082,0,0.000334672,0,0,0,0,0.0150602,0,0.0401606,0,0,0.111111,0.0324632,0.125837,0.0706158,0.0572289,0,0,0.00702811,0,0.116801,0.00702811,0.0665997,0.0475234,0.0441767,0,0,0.187416,0,0,0.00100402,0,0.000334672,0.000334672,0,0,0,0,0,0,0,0
55700,0,0,0,0,0,0,0,0,0,0,0,0,0,0,0,0,0,0,0,0,0,0,0,0,0,0,0,0,0,0,0,0,0,0,0,0,0.00093985,0.00313283,0,0.00689223,0.00407268,0,0,0,0,0,0,0.00250627,0,0,0.0567043,0,0,0,0,0,0.00219298,0.00407268,0,0,0,0,0,0,0.0131579,0.000313283,0.0162907,0,0.000626566,0.142544,0.0485589,0.10307,0.0786341,0.0382206,0,0,0.00469925,0,0.14411,0.00501253,0.0416667,0.0482456,0.0288221,0,0,0.203321,0.000626566,0,0,0,0.00156642,0,0,0,0,0,0,0,0,0
55750,0,0,0,0,0,0,0,0,0,0,0,0,0,0,0,0,0,0,0,0,0,0,0,0,0,0,0,0,0,0,0,0,0,0,0,0,0,0.000668673,0,0.0120361,0.000334336,0,0,0,0,0,0,0,0,0,0.040789,0,0,0.00167168,0,0,0.00300903,0.00334336,0,0,0,0,0,0,0.0287529,0,0.0143765,0.00100301,0.00133735,0.150786,0.0163825,0.126045,0.0976262,0.0193915,0,0,0.000668673,0,0.155466,0.0127048,0.0508191,0.0237379,0.0558342,0,0,0.18121,0.00167168,0,0.000334336,0,0,0,0,0,0,0,0,0,0,0
55800,0,0,0,0,0,0,0,0,0,0,0,0,0,0,0,0,0,0,0,0,0,0,0,0,0,0,0,0,0,0,0,0,0,0,0,0,0,0.000338295,0,0.00169147,0,0,0,0,0,0,0,0,0,0,0.0679973,0,0,0.00135318,0,0,0.00473613,0.00541272,0.0142084,0,0,0,0.00169147,0,0.0236806,0,0.0280785,0,0,0.158322,0.0223275,0.100812,0.0987821,0.0169147,0,0,0,0,0.164073,0,0.0125169,0.0500677,0.0280785,0.000338295,0,0.196211,0.00202977,0,0,0,0.000338295,0,0,0,0,0,0,0,0,0
55850,0,0,0,0,0,0,0,0,0,0,0,0,0,0,0,0,0,0,0,0,0,0,0,0,0,0,0,0,0,0,0,0,0,0,0,0,0,0.000643915,0,0.000321958,0.000321958,0,0,0.000643915,0,0,0.000643915,0.000321958,0,0,0.0450741,0,0,0.000321958,0,0,0.00386349,0.00450741,0.00354153,0,0,0,0.000965873,0,0.037669,0,0.0386349,0,0.000643915,0.163554,0.0257566,0.0888603,0.126207,0.0115905,0,0.000321958,0.00450741,0,0.148744,0.000643915,0.00676111,0.0495815,0.0325177,0,0,0.20058,0.000965873,0.000321958,0,0.000965873,0,0,0,0,0,0,0,0,0,0
55900,0,0,0,0,0,0,0,0,0,0,0,0,0,0,0,0,0,0,0,0,0,0,0,0,0,0,0,0,0,0,0,0,0,0,0,0,0,0,0,0.00582465,0,0,0,0,0,0.000613121,0,0,0,0.000613121,0.0410791,0,0,0.00030656,0,0,0.00429185,0.00429185,0.0015328,0,0,0,0,0,0.00827713,0,0.0275904,0,0,0.1542,0.0419988,0.0778663,0.104844,0.00827713,0.0015328,0,0.0165543,0,0.168302,0,0.0134887,0.0370938,0.0416922,0,0,0.231453,0,0.00766401,0,0,0.000613121,0,0,0,0,0,0,0,0,0
55950,0,0,0,0,0,0,0,0,0,0,0,0,0,0,0,0,0,0,0,0,0,0,0,0,0,0,0,0,0,0,0,0,0,0,0,0,0,0.00613676,0,0.0111046,0,0,0.000584454,0,0,0.000292227,0,0,0,0.00087668,0.0397428,0,0,0.00409117,0.00379895,0,0.00116891,0.000292227,0.00789012,0,0,0,0,0,0.0105202,0,0.0274693,0,0,0.168323,0.0248393,0.0856224,0.0955582,0.0263004,0.00672122,0,0.0151958,0,0.131794,0,0.0178258,0.043834,0.0458796,0,0,0.208358,0,0.00789012,0.000292227,0,0.00613676,0.00146113,0,0,0,0,0,0,0,0
56000,0,0,0,0,0,0,0,0,0,0,0,0,0,0,0,0,0,0,0,0,0,0,0,0,0,0,0,0,0,0,0,0,0,0,0,0,0,0.00241182,0,0.0168827,0,0,0,0,0,0.00180886,0,0,0,0.00241182,0.0337655,0,0,0.00572807,0.00211034,0,0.00180886,0.000602954,0.0373832,0,0,0,0,0,0.00602954,0,0.0307507,0,0,0.16129,0.0223093,0.0774797,0.085921,0.00783841,0.000602954,0.00150739,0.0217064,0.000904432,0.150437,0,0.0226108,0.0292433,0.066325,0.000602954,0,0.187217,0.00180886,0.00723545,0,0,0.00994875,0.00331625,0,0,0,0,0,0,0,0
56050,0,0,0,0,0,0,0,0,0,0,0,0,0,0,0,0,0,0,0,0,0,0,0,0,0,0,0,0,0,0,0,0,0,0,0,0,0,0.0100634,0,0.0130451,0,0,0,0,0,0.00111815,0.000372717,0,0,0.00111815,0.0219903,0,0,0.00335445,0.0022363,0,0.000372717,0.000372717,0.0130451,0,0,0,0,0.00186359,0.0227357,0,0.0469624,0,0.000372717,0.190831,0.024972,0.0879612,0.0670891,0.00484532,0.00149087,0,0.022363,0.000372717,0.134551,0.000745434,0.0331718,0.0376444,0.0573984,0,0,0.17555,0.00111815,0.0175177,0,0,0.00298174,0.000372717,0,0,0,0,0,0,0,0
56100,0,0,0,0,0,0,0,0,0,0,0,0,0,0,0,0,0,0,0,0,0,0,0,0,0,0,0,0,0,0,0,0,0,0,0,0,0,0.00974729,0,0.0111913,0,0,0,0,0,0.00252708,0.000361011,0.000361011,0,0.000361011,0.0368231,0,0,0.0032491,0.00108303,0,0.000361011,0.00613718,0.03213,0,0,0,0,0,0.00974729,0,0.0292419,0,0,0.152347,0.0270758,0.0599278,0.0924188,0.00288809,0.00505415,0,0.0133574,0,0.115884,0.0180505,0.0534296,0.0458484,0.0158845,0,0,0.229964,0,0.0187726,0,0,0.00108303,0.00469314,0,0,0,0,0,0,0,0
56150,0,0,0,0,0,0,0,0,0,0,0,0,0,0,0,0,0,0,0,0,0,0,0,0,0,0,0,0,0,0,0,0,0,0,0,0,0,0.00672394,0,0.0127008,0,0,0,0,0,0,0,0,0,0,0.0414643,0,0,0.00186776,0.00112066,0,0,0.00261487,0.0123272,0,0,0,0,0,0.00597684,0,0.0171834,0,0,0.163616,0.0239074,0.0586477,0.0612626,0.010833,0.00373552,0,0.02839,0,0.125514,0.0186776,0.0526709,0.0347404,0.0179305,0,0.000747105,0.254016,0,0.0153157,0,0,0,0.0280164,0,0,0,0,0,0,0,0
56200,0,0,0,0,0,0,0,0,0,0,0,0,0,0,0,0,0,0,0,0,0,0,0,0,0,0,0,0,0,0,0,0,0,0,0,0,0,0.00620636,0,0.0224981,0,0,0,0,0,0,0,0,0,0,0.0480993,0,0,0.000387898,0.000387898,0,0.00232739,0.00232739,0.00853375,0,0.000387898,0,0,0,0.0279286,0,0.0252133,0,0,0.190458,0.0128006,0.0938712,0.0496509,0.00581846,0,0,0.0232739,0,0.127618,0.00737005,0.0356866,0.0585725,0.00271528,0,0.000387898,0.229247,0,0.00465477,0,0,0,0.0128006,0,0,0,0,0,0,0,0.000775795
56250,0,0,0,0,0,0,0,0,0,0,0,0,0,0,0,0,0,0,0,0,0,0,0,0,0,0,0,0,0,0,0,0.00126957,0,0,0,0,0,0.00423191,0,0.0101566,0,0,0,0,0,0,0,0,0,0,0.0347017,0,0,0,0,0,0.00719424,0.000846382,0.00677105,0,0.00423191,0,0,0,0.00634786,0,0.0571308,0,0,0.161659,0.00592467,0.0981803,0.093102,0.0228523,0,0,0.0524757,0,0.0969107,0.00169276,0.0414727,0.0338553,0.0245451,0,0,0.220906,0.00126957,0.00550148,0,0,0,0.00677105,0,0,0,0,0,0,0,0
56300,0,0,0,0,0,0,0,0,0,0,0,0,0,0,0,0,0,0,0,0,0,0,0,0,0,0,0,0,0,0,0,0,0,0,0,0,0,0.008428,0,0.0095273,0,0,0,0,0,0,0,0.00476365,0,0,0.0556981,0,0,0,0,0,0.008428,0.00476365,0.00256504,0,0.0117259,0,0,0,0.00732869,0,0.0549652,0,0,0.169659,0.00916086,0.13155,0.103701,0.0131916,0,0,0.0545988,0,0.0729205,0,0.0135581,0.0186882,0.0230854,0.000366435,0,0.194943,0.000366435,0.025284,0,0,0.000366435,0.000366435,0,0,0,0,0,0,0,0
56350,0,0,0,0,0,0,0,0,0,0,0,0,0,0,0,0,0,0,0,0,0,0,0,0,0,0,0,0,0,0,0,0,0,0,0,0,0,0.0106804,0,0.0090981,0.00039557,0,0,0,0,0,0,0,0,0,0.0245253,0,0,0,0,0,0.00791139,0.00514241,0.00237342,0,0.00593354,0,0,0,0.00593354,0,0.0688291,0,0,0.174446,0.00514241,0.129351,0.109573,0.00751582,0.00039557,0,0.0209652,0,0.108782,0,0.0110759,0.0363924,0.0379747,0,0,0.195807,0,0.0146361,0,0,0.00039557,0.00672468,0,0,0,0,0,0,0,0
56400,0,0,0,0,0,0,0,0,0,0,0,0,0,0,0,0,0,0,0,0,0,0,0,0,0,0,0,0,0,0,0,0,0,0,0,0,0,0.0136577,0,0.00981647,0.00256082,0,0,0,0,0,0,0,0,0,0.0460948,0,0,0,0,0,0.0132309,0,0.00341443,0,0.00853606,0.000426803,0.00170721,0,0.00554844,0,0.0362783,0,0,0.192915,0.0401195,0.131029,0.0896287,0.0204866,0,0,0.0290226,0,0.0977379,0,0.00981647,0.0256082,0.0200598,0.000426803,0,0.172002,0,0.0247546,0,0,0,0.00512164,0,0,0,0,0,0,0,0
56450,0,0,0,0,0,0,0,0,0,0,0,0,0,0,0,0,0,0,0,0,0,0,0,0,0,0,0,0,0,0,0,0,0,0.00081367,0,0,0,0.012205,0,0.0117982,0,0,0,0,0,0,0,0,0,0,0.0626526,0,0,0,0,0,0.00284784,0.000406835,0.00162734,0,0.00895037,0.0134255,0,0,0.0081367,0,0.0158666,0,0,0.179821,0.0142392,0.120016,0.0740439,0.0309194,0,0,0.0231896,0,0.0919447,0,0.0093572,0.0593979,0.0284784,0,0,0.201383,0,0.0126119,0,0,0,0.0154597,0,0,0,0,0,0,0,0.000406835
56500,0,0,0,0,0,0,0,0,0,0,0,0,0,0,0,0,0,0,0,0,0,0,0,0,0,0,0,0,0,0,0,0.00130265,0,0.00564481,0,0,0,0.00825011,0,0.00434216,0,0,0,0.00217108,0,0.0026053,0,0.00607903,0,0,0.0295267,0,0,0,0,0,0.0026053,0.0026053,0,0,0.000434216,0.000434216,0,0,0.0121581,0,0.0117238,0,0,0.216674,0.0026053,0.144594,0.0660009,0.0199739,0,0,0.0438558,0,0.074251,0,0.0186713,0.0521059,0.0182371,0,0,0.227529,0,0.0169344,0,0,0.000434216,0.00825011,0,0,0,0,0,0,0,0
56550,0,0,0,0,0,0,0,0,0,0,0,0,0,0,0,0,0,0,0,0,0,0,0,0,0,0,0,0,0,0,0,0,0,0,0,0,0,0.0144025,0,0.0140132,0.000389257,0,0,0.00194628,0,0.00233554,0,0.0147917,0,0,0.00973141,0,0,0.00116777,0,0,0.00544959,0,0.00583885,0,0.00350331,0,0,0,0.00506033,0,0.0233554,0,0,0.173608,0.00194628,0.119112,0.0856364,0.0112884,0.00194628,0.00350331,0.042429,0,0.0813546,0.000389257,0.0498248,0.0657844,0.0128455,0,0,0.234332,0,0.0108992,0,0,0,0.00311405,0,0,0,0,0,0,0,0
56600,0,0,0,0,0,0,0,0,0,0,0,0,0,0,0,0,0,0,0,0,0,0,0,0,0,0,0,0,0,0,0,0,0,0,0,0,0,0.00197628,0,0.00197628,0.00118577,0,0,0,0,0.0055336,0,0.00988142,0,0,0.012253,0,0,0.00118577,0,0,0.00434783,0,0.0150198,0,0.00237154,0,0,0,0.0245059,0,0.0288538,0,0,0.168379,0.000395257,0.128854,0.128063,0.0142292,0,0.00355731,0.0549407,0,0.0814229,0,0.044664,0.0395257,0.0268775,0,0,0.187747,0,0.00988142,0,0,0.00237154,0,0,0,0,0,0,0,0,0
56650,0,0,0,0,0,0,0,0,0,0,0,0,0,0,0,0,0,0,0,0,0,0,0,0,0,0,0,0,0,0,0,0.00359712,0,0,0,0,0,0.00755396,0,0.000719424,0,0,0,0,0,0.00143885,0,0.00827338,0,0,0.0136691,0,0,0.0028777,0,0,0.00215827,0,0.0241007,0.00107914,0.00647482,0,0,0,0.0352518,0,0.0330935,0,0,0.169424,0.00179856,0.0715827,0.157194,0.0255396,0,0.00539568,0.0309353,0,0.12518,0,0.0381295,0.0571942,0.0122302,0,0.00251799,0.15036,0,0.0122302,0,0,0,0,0,0,0,0,0,0,0,0
56700,0,0,0,0,0,0,0,0,0,0,0,0,0,0,0,0,0,0,0,0,0,0,0,0,0,0,0,0,0,0,0,0,0,0,0,0,0,0.00699545,0,0.0038475,0.000699545,0,0,0,0,0.00139909,0,0.0038475,0,0,0.0164393,0,0,0.0164393,0,0,0.0164393,0.000349773,0.0129416,0.00104932,0.00174886,0,0,0.000349773,0.0206366,0,0.0220357,0,0,0.135362,0.00139909,0.0752011,0.136062,0.0314795,0,0.00664568,0.0279818,0,0.157398,0.00314795,0.0356768,0.0521161,0.0321791,0,0.000699545,0.162644,0,0.0150402,0.000699545,0.000349773,0,0,0,0,0,0,0,0,0.000699545,0
56750,0,0,0,0,0,0,0,0,0,0,0,0,0,0,0,0,0,0,0,0,0,0,0,0,0,0,0,0,0,0,0,0,0,0,0,0,0,0.0032352,0,0.00549984,0,0,0,0,0,0.00194112,0,0.00097056,0,0,0.0265286,0,0.00032352,0.00905856,0,0,0.0126173,0.00129408,0.00420576,0.00452928,0.00744096,0,0,0,0.0268522,0,0.0184406,0.00032352,0,0.12779,0.00064704,0.109673,0.109997,0.0271757,0,0,0.0152054,0,0.148819,0,0.0824976,0.0909091,0.0213523,0,0,0.130379,0.00097056,0.0113232,0,0,0,0,0,0,0,0,0,0,0,0
56800,0,0,0,0,0,0,0,0,0,0,0,0,0,0,0,0,0,0,0,0,0,0,0,0,0,0,0,0,0,0,0,0,0,0,0,0,0,0.00134454,0,0.00605042,0,0,0,0.000336134,0,0.0114286,0,0.00268908,0,0,0.0383193,0,0.0010084,0.000336134,0,0,0.0121008,0.00336134,0.00268908,0.00403361,0.010084,0,0,0,0.032605,0,0.0164706,0.000336134,0,0.128739,0,0.138824,0.120336,0.0359664,0,0,0.0164706,0,0.137479,0.000336134,0.0531092,0.0598319,0.0295798,0,0.00168067,0.134118,0,0.000336134,0,0,0,0,0,0,0,0,0,0,0,0
56850,0,0,0,0,0,0,0,0,0,0,0,0,0,0,0,0,0,0,0,0,0,0,0,0,0,0,0,0,0,0,0,0,0,0,0,0,0,0.00575881,0,0.00711382,0,0,0,0,0,0.00813008,0.00169377,0,0,0,0.0325203,0,0,0,0,0.00169377,0.00135501,0.00575881,0.0050813,0.00203252,0.0118564,0,0,0,0.0267615,0,0.00609756,0,0,0.114837,0.000677507,0.11416,0.0972222,0.053523,0,0,0.00813008,0,0.168699,0.000677507,0.071477,0.0724932,0.0210027,0,0.00643631,0.148035,0.00609756,0.000677507,0,0,0,0,0,0,0,0,0,0,0,0
56900,0,0,0,0,0,0,0,0,0,0,0,0,0,0,0,0,0,0,0,0,0,0,0,0,0,0,0,0,0,0,0,0,0,0,0,0,0,0.00686106,0,0.013036,0,0,0,0,0,0.00274443,0.00686106,0,0,0,0.038422,0,0,0.00137221,0,0.00205832,0.00102916,0.0051458,0.0140652,0.00308748,0.0109777,0,0,0,0.0511149,0,0.013036,0.000343053,0.000343053,0.07753,0.00308748,0.104288,0.0765009,0.0799314,0,0,0.0137221,0,0.1506,0.00411664,0.0785592,0.0696398,0.0140652,0,0,0.13825,0.00445969,0.0147513,0,0,0,0,0,0,0,0,0,0,0,0
56950,0,0,0,0,0,0,0,0,0,0,0,0,0,0,0,0,0,0,0,0,0,0,0,0,0,0,0,0,0,0,0,0,0.000348918,0,0,0,0,0.0104676,0,0.0146546,0,0,0,0,0,0.00523378,0.00174459,0,0,0,0.0247732,0,0,0.00104676,0,0.00593161,0.000697837,0.00244243,0.00837404,0.00453594,0.0076762,0.00139567,0,0.000348918,0.0334962,0,0.017097,0,0,0.113398,0.0118632,0.081298,0.0847872,0.0251221,0,0,0.00872296,0,0.202722,0.0108165,0.0635031,0.0753664,0.0205862,0,0,0.146197,0.000348918,0.0150035,0,0,0,0,0,0,0,0,0,0,0,0
57000,0,0,0,0,0,0,0,0,0,0,0,0,0,0,0,0,0,0,0,0,0,0,0,0,0,0,0,0,0,0,0,0,0,0,0,0,0,0.00824089,0,0.0183835,0,0,0,0,0,0,0.000316957,0,0,0,0.0215531,0,0,0.000316957,0,0.00792393,0,0.000316957,0.000633914,0.00190174,0.000950872,0.000950872,0,0,0.0282092,0,0.00855784,0,0,0.135024,0.014897,0.0770206,0.100158,0.0342314,0,0,0.00950872,0,0.212678,0.00538827,0.0190174,0.100792,0.0399366,0,0,0.147702,0,0.00538827,0,0,0,0,0,0,0,0,0,0,0,0
57050,0,0,0,0,0,0,0,0,0,0,0,0,0,0,0,0,0,0,0,0,0,0,0,0,0,0,0,0,0,0,0,0,0,0,0,0,0,0.00644953,0,0.0103193,0,0,0,0,0,0.00257981,0,0.00193486,0,0,0.0451467,0,0,0,0.000322477,0.00161238,0.00096743,0.000322477,0,0.00096743,0,0,0,0,0.0235408,0,0.00773944,0,0.000322477,0.123831,0.0206385,0.0680426,0.0780393,0.0312802,0,0,0.0325701,0,0.241535,0.0096743,0.0303128,0.0667527,0.054821,0,0,0.134473,0.0041922,0.00096743,0,0,0,0,0,0,0,0,0,0.000644953,0,0
57100,0,0,0,0,0,0,0,0,0,0,0,0,0,0,0,0,0,0,0,0,0,0,0,0,0,0,0,0,0,0,0,0,0.000332116,0,0,0,0,0.00166058,0,0.0199269,0,0,0,0,0,0.00730654,0,0.00332116,0,0,0.0368648,0,0,0.00166058,0,0.000996347,0.00298904,0,0.00232481,0.000664231,0,0,0,0,0.0498173,0,0.0132846,0,0.000332116,0.0846895,0.0189306,0.0860179,0.091996,0.0498173,0,0,0.0371969,0,0.179342,0.0136167,0.0239123,0.0916639,0.0398539,0,0,0.103952,0.0176021,0.0199269,0,0,0,0,0,0,0,0,0,0,0,0
57150,0,0,0,0,0,0,0,0,0,0,0,0,0,0,0,0,0,0,0,0,0,0,0,0,0,0,0,0,0,0,0,0,0,0,0,0,0,0.0123888,0,0.0127065,0,0,0,0,0,0.00317662,0,0.00190597,0,0,0.0384371,0,0,0.00158831,0,0,0.000317662,0,0,0,0.0025413,0,0,0,0.0298602,0,0.019695,0.000317662,0,0.0959339,0.0298602,0.0933926,0.115311,0.0295426,0,0,0.0606734,0,0.159149,0.00127065,0.0352605,0.0898983,0.0501906,0.000317662,0,0.105464,0.00412961,0.0066709,0,0,0,0,0,0,0,0,0,0,0,0
57200,0,0,0,0,0,0,0,0,0,0,0,0,0,0,0,0,0,0,0,0,0,0,0,0,0,0,0,0,0,0,0,0,0,0,0,0,0,0.023494,0,0.00873494,0,0,0,0,0,0.00542169,0,0,0,0,0.0189759,0,0,0,0,0,0,0,0.00271084,0.00271084,0,0,0,0,0.0192771,0,0.0213855,0,0,0.110241,0.0268072,0.0801205,0.168675,0.0162651,0,0,0.0325301,0.000301205,0.153916,0.000301205,0.0527108,0.0659639,0.0650602,0,0.00150602,0.116265,0.00451807,0.00210843,0,0,0,0,0,0,0,0,0,0,0,0
57250,0,0,0,0,0,0,0,0,0,0,0,0,0,0,0,0,0,0,0,0,0,0,0,0,0,0,0,0,0,0,0,0,0,0,0,0,0,0.00916888,0,0.00414079,0,0,0,0,0,0.00354925,0,0.00147885,0,0,0.0499852,0,0,0.00029577,0,0,0,0,0.00473233,0.00473233,0,0,0,0,0.0204082,0.00118308,0.00709849,0,0,0.107365,0.0233659,0.106477,0.225377,0.0130139,0,0.000887311,0.0192251,0,0.156463,0,0.0425909,0.0529429,0.0375629,0,0,0.0979,0.00739426,0,0.00266193,0,0,0,0,0,0,0,0,0,0,0
57300,0,0,0,0,0,0,0,0,0,0,0,0,0,0,0,0,0,0,0,0,0,0,0,0,0,0,0,0,0,0,0,0,0.00064082,0,0,0,0,0.0134572,0,0.0032041,0.00096123,0.00128164,0,0.00160205,0,0.00480615,0,0.00032041,0,0,0.0458186,0,0,0,0.00096123,0,0.00096123,0,0.00448574,0.00448574,0,0,0,0,0.0224287,0,0.00704902,0,0,0.0704902,0.0198654,0.110862,0.198013,0.0253124,0,0,0.0432554,0,0.162448,0,0.0227491,0.0618392,0.0538289,0,0,0.115988,0.00096123,0.00160205,0.00032041,0,0,0,0,0,0,0,0,0,0,0
57350,0,0,0,0,0,0,0,0,0,0,0,0,0,0,0,0,0,0,0,0,0,0,0,0,0,0,0,0,0,0,0,0,0,0,0,0,0,0.00966334,0,0.00218204,0.00187032,0,0,0.000623441,0,0.00311721,0,0,0,0.0015586,0.0514339,0,0,0,0,0,0.00280549,0.000623441,0.00654613,0.00342893,0.000311721,0,0,0,0.0243142,0,0.0221322,0,0,0.0829177,0.00280549,0.114713,0.131234,0.0255611,0,0,0.0433292,0,0.170823,0.000311721,0.0183915,0.0520574,0.0470698,0,0.000311721,0.168953,0.00779302,0.00311721,0,0,0,0,0,0,0,0,0,0,0,0
57400,0,0,0,0,0,0,0,0,0,0,0,0,0,0,0,0,0,0,0,0,0,0,0,0,0,0,0,0,0,0,0,0,0,0,0,0,0,0.00710227,0,0,0.00142045,0,0,0.00106534,0,0.0301847,0,0,0,0,0.034446,0,0,0,0,0,0.00106534,0.00284091,0.00603693,0.00355114,0,0,0,0,0.0230824,0,0.0291193,0,0,0.0472301,0.00177557,0.0649858,0.129972,0.050071,0,0,0.0454545,0,0.201705,0.00674716,0.0511364,0.0536222,0.0323153,0,0,0.173295,0,0.00177557,0,0,0,0,0,0,0,0,0,0,0,0
57450,0,0,0,0,0,0,0,0,0,0,0,0,0,0,0,0,0,0,0,0,0,0,0,0,0,0,0,0,0,0,0,0,0,0,0,0,0,0.00513225,0.000394789,0.00592183,0,0,0,0,0,0.00908014,0,0,0,0,0.0260561,0,0,0.00276352,0,0,0,0.00157916,0.0106593,0.0035531,0.00157916,0,0,0.000394789,0.0343466,0,0.0548756,0,0,0.0572444,0.0122385,0.0777734,0.117647,0.0497434,0,0,0.0465851,0.000394789,0.151599,0.0161863,0.0576392,0.0588235,0.0382945,0,0,0.155942,0,0.00315831,0,0,0,0,0,0.000394789,0,0,0,0,0,0
57500,0,0,0,0,0,0,0,0,0,0,0,0,0,0,0,0,0,0.000609756,0,0,0,0,0,0,0,0,0,0,0,0,0,0,0,0,0,0,0,0.0109756,0,0.00823171,0,0,0,0,0,0.00304878,0,0,0,0,0.0143293,0,0,0,0,0,0,0.00121951,0.00182927,0,0.00121951,0,0,0,0.0237805,0,0.0164634,0,0,0.0670732,0.0106707,0.129573,0.110976,0.0289634,0,0.00152439,0.0301829,0,0.192988,0.0128049,0.0356707,0.0990854,0.0420732,0.000304878,0.00121951,0.15,0.000609756,0.00304878,0,0,0,0,0,0,0.00152439,0,0,0,0,0
57550,0,0,0,0,0,0,0,0,0,0,0,0,0,0,0,0,0,0,0,0,0,0,0,0,0,0,0,0,0,0,0,0,0.000311236,0,0,0,0,0.0043573,0,0.0174292,0,0,0,0,0,0.00186741,0,0,0,0,0.0233427,0,0.000311236,0,0,0,0.00529101,0,0.00155618,0.000933707,0.00155618,0,0,0,0.0177404,0.000311236,0.0248988,0,0,0.0445067,0.0214753,0.0971055,0.134143,0.0255213,0,0.000311236,0.0233427,0,0.215064,0.0236539,0.0336134,0.0703392,0.0292561,0,0.000622471,0.168378,0.00124494,0.000311236,0,0.000311236,0,0.000311236,0,0,0.010582,0,0,0,0,0
57600,0,0,0,0,0,0,0,0,0,0,0,0,0,0,0,0,0,0,0,0,0,0,0,0,0,0,0,0,0,0,0,0,0.00033456,0,0,0,0,0.00200736,0,0.0120442,0,0.00033456,0,0,0,0.0050184,0,0.00267648,0,0,0.0230846,0,0,0.00100368,0,0,0.00970224,0,0.00066912,0.00100368,0.00368016,0,0,0,0.0184008,0.00066912,0.00936768,0,0,0.058548,0.00468384,0.109401,0.131148,0.0327869,0,0.00100368,0.0327869,0,0.155905,0.0291067,0.0525259,0.0612245,0.0625627,0.00066912,0.00133824,0.164938,0.00368016,0.00100368,0.00100368,0,0,0,0,0,0.00568752,0,0,0,0,0
57650,0,0,0,0,0,0,0,0,0,0,0,0,0,0,0,0,0,0,0,0,0,0,0,0,0,0,0,0,0,0,0,0,0.00289762,0,0,0,0,0.00418545,0,0.00418545,0,0.000321958,0,0,0,0.00321958,0,0,0,0,0.0254346,0,0,0.00321958,0,0,0.0177077,0,0,0.0022537,0,0,0,0,0.0119124,0.00998068,0.00354153,0,0,0.0540889,0.00386349,0.0553767,0.175789,0.0566645,0,0,0.0334836,0,0.140373,0.0180296,0.0386349,0.0585963,0.0866066,0.000965873,0.000321958,0.15293,0.0138442,0.00547328,0.00482936,0,0,0,0,0,0.0112685,0,0,0,0,0
57700,0,0,0,0,0,0,0,0,0,0,0,0,0,0,0,0,0,0,0,0,0,0,0,0,0,0,0,0,0.000596303,0,0,0,0.000894454,0,0,0,0,0.00596303,0,0.0104353,0,0,0,0,0,0.00387597,0,0,0,0,0.015802,0,0,0.00357782,0,0.00357782,0.00685748,0,0,0.0178891,0,0,0,0,0.0283244,0.00119261,0.009839,0,0,0.0921288,0.0146094,0.0617174,0.14997,0.0438283,0.000298151,0.000596303,0.0396541,0,0.150268,0.0125224,0.0220632,0.0521765,0.0626118,0.00268336,0,0.175313,0.00506857,0.00298151,0,0,0,0,0,0,0,0,0,0,0,0.00268336
57750,0,0,0,0,0,0,0,0,0,0,0,0,0,0,0,0,0,0,0,0,0,0,0,0,0,0,0,0,0,0,0.000685636,0,0,0,0,0,0,0.00445663,0,0.0133699,0,0,0,0,0,0.00171409,0,0,0,0,0.0308536,0,0,0.00445663,0,0.00102845,0.00308536,0.000342818,0.000685636,0.00102845,0.000685636,0,0,0,0.00788481,0.00274254,0.0140555,0,0,0.0994172,0.00857045,0.0675351,0.165924,0.0805622,0,0,0.0428522,0,0.146383,0.0239973,0.0167981,0.103531,0.0442235,0.00479945,0,0.10216,0.00514227,0.00102845,0,0,0,0,0,0,0,0,0,0,0,0
57800,0,0,0,0,0,0,0,0,0,0,0,0,0,0,0,0,0,0,0,0,0,0,0,0,0,0,0,0,0,0,0,0,0,0,0,0,0,0.00249022,0,0.0259694,0.000355745,0,0,0,0,0.00284596,0,0,0,0,0.039132,0,0,0.0202775,0,0,0,0,0.00249022,0,0.00426894,0,0,0,0.0106724,0.0103166,0.00818214,0,0,0.122021,0.0160085,0.0615439,0.102455,0.0419779,0,0,0.0305941,0,0.133049,0.0213447,0.0142298,0.115261,0.060121,0.00320171,0,0.138741,0.0113838,0.00106724,0,0,0,0,0,0,0,0,0,0,0,0
57850,0,0,0,0,0,0,0,0,0,0,0,0,0,0,0,0,0,0,0,0,0,0,0,0,0,0,0,0,0,0,0,0,0,0,0,0,0,0.00135364,0,0.0071066,0.000338409,0,0,0,0,0.000676819,0,0,0,0,0.0270728,0,0,0.00812183,0,0,0,0.00169205,0.000338409,0.00169205,0.00203046,0,0,0,0.00879865,0.00846024,0.00575296,0,0,0.0639594,0.00575296,0.071066,0.128934,0.0406091,0,0.000676819,0.0253807,0.00101523,0.147547,0.0159052,0.0101523,0.142809,0.093401,0.00744501,0,0.170897,0.000676819,0.000338409,0,0,0,0,0,0,0,0,0,0,0,0
57900,0,0,0,0,0,0,0,0,0,0,0,0,0,0,0,0,0,0,0,0,0,0,0,0,0,0,0,0,0,0,0,0,0,0,0,0,0,0.000650195,0.000650195,0.00552666,0,0,0,0,0,0.00357607,0,0,0,0,0.020156,0,0.000975293,0.00292588,0,0,0.000325098,0.000975293,0.000975293,0.00292588,0.00162549,0,0,0,0.0120286,0.00422627,0.00812744,0.000325098,0,0.0877763,0.0126788,0.0663199,0.142718,0.0487646,0.000975293,0.00195059,0.00877763,0,0.159298,0.0117035,0.0204811,0.122562,0.0458388,0.00942783,0,0.189532,0,0.00520156,0,0,0,0,0,0,0,0,0,0,0,0
57950,0,0,0,0,0,0,0,0,0,0,0,0,0,0,0,0,0,0,0,0,0,0,0,0,0,0,0,0,0,0,0,0,0,0,0,0,0,0,0,0.00605288,0,0,0,0,0,0.00159286,0,0,0,0,0.0398216,0,0,0.0070086,0,0,0,0.0101943,0,0.00159286,0.00796432,0,0,0,0.00796432,0,0.0121058,0,0,0.0802803,0.00860147,0.0748646,0.109589,0.0363173,0.00286716,0.00573431,0.00541574,0,0.189551,0.00318573,0.0165658,0.107359,0.0219815,0.0203887,0,0.220134,0,0.00223001,0,0,0,0,0,0,0,0.000637146,0,0,0,0
58000,0,0,0,0,0,0,0,0,0,0,0,0,0,0,0,0,0,0,0,0,0,0,0,0,0,0,0,0,0,0,0,0,0,0,0,0,0,0,0,0.00510204,0,0,0,0,0,0,0,0,0,0,0.0268707,0,0,0.0037415,0,0,0,0.014966,0.000340136,0,0.00510204,0,0,0,0.00544218,0,0.0244898,0,0,0.085034,0.0214286,0.0738095,0.0952381,0.0534014,0.00272109,0.00102041,0.00136054,0,0.136395,0.000340136,0.0282313,0.120748,0.0367347,0.00782313,0,0.241497,0.00102041,0.00714286,0,0,0,0,0,0,0,0,0,0,0,0
58050,0,0,0,0,0,0,0,0,0,0,0,0,0,0,0,0,0,0,0,0,0,0,0,0,0,0,0,0,0,0,0,0,0,0,0,0,0,0,0,0.0100682,0.00129912,0.000649562,0,0,0,0,0,0,0,0,0.010393,0.000649562,0,0.00487171,0,0,0,0.00357259,0.00779474,0,0,0,0,0,0.00324781,0,0.0155895,0,0,0.0776226,0.0220851,0.101981,0.0954855,0.0373498,0.00324781,0.000324781,0,0,0.19227,0,0.0152647,0.0987334,0.0594349,0.00552127,0,0.212082,0.00259825,0.0178629,0,0,0,0,0,0,0,0,0,0,0,0
58100,0,0,0,0,0,0,0,0,0,0,0,0,0,0,0,0,0,0,0,0,0,0,0,0,0,0,0,0,0,0,0,0,0,0,0,0,0,0.00257143,0,0.00628571,0,0.000857143,0,0,0,0,0,0,0,0,0.00685714,0,0,0.00457143,0,0,0.00257143,0.00114286,0.0105714,0,0.00685714,0,0,0,0.00257143,0,0.0177143,0,0.000857143,0.0768571,0.0294286,0.0762857,0.124571,0.0402857,0.00371429,0,0,0,0.181714,0.000285714,0.018,0.0922857,0.0617143,0.00942857,0,0.182286,0.00828571,0.0308571,0.000571429,0,0,0,0,0,0,0,0,0,0,0
58150,0,0,0,0,0,0,0,0,0,0,0,0,0,0,0,0,0,0,0,0,0,0,0,0,0,0,0,0,0,0,0,0,0,0,0,0,0,0.000294724,0,0.0185676,0,0,0,0,0,0,0,0,0,0,0.00589449,0,0,0.00913646,0,0,0.00147362,0.00147362,0.00648394,0,0.00324197,0,0,0.000294724,0.00736811,0,0.00795756,0,0,0.105217,0.0200413,0.0615974,0.108164,0.071618,0.00913646,0,0.00913646,0.000884173,0.135573,0,0.023578,0.102564,0.0474506,0.0282935,0,0.166519,0.0294724,0.0179782,0,0,0,0,0,0.000589449,0,0,0,0,0,0
58200,0,0,0,0,0,0,0,0,0,0,0,0,0,0,0,0,0,0,0,0,0,0,0,0,0,0,0,0,0,0,0,0,0,0,0,0,0,0.000317259,0,0.0142766,0.000951777,0,0,0,0,0,0,0.000317259,0,0,0.0107868,0,0,0.0120558,0,0,0.000317259,0,0.00666244,0,0.00190355,0,0,0,0.0069797,0,0.00222081,0,0,0.0916878,0.045368,0.0548858,0.0824873,0.0732868,0,0,0.0174492,0,0.158947,0.00126904,0.0250635,0.100888,0.0799492,0.0168147,0.000634518,0.147525,0.0152284,0.0307741,0,0,0,0,0,0.000634518,0.000317259,0,0,0,0,0
58250,0,0,0,0,0,0,0,0,0,0,0,0,0,0,0,0,0,0,0,0,0,0,0,0,0,0,0,0,0,0,0,0,0,0,0,0,0,0.00278724,0,0.0130071,0.00154847,0,0,0,0,0,0,0,0,0,0.0179622,0,0,0.00340663,0,0,0.00092908,0.000309693,0.00867142,0,0.00092908,0,0,0,0.0238464,0,0.00278724,0,0,0.0860948,0.0455249,0.0625581,0.0839269,0.0712295,0,0,0.00619387,0,0.148963,0.00123877,0.0226076,0.0672035,0.0833075,0.00805203,0.000309693,0.176835,0.027253,0.0284918,0,0,0,0,0,0,0.00402601,0,0,0,0,0
58300,0,0,0,0,0,0,0,0,0,0,0,0,0,0,0,0,0,0,0,0,0,0,0,0,0,0,0,0,0,0,0,0,0,0,0,0,0,0.000601142,0,0.00961827,0.00300571,0,0,0,0,0,0,0,0,0,0.0144274,0,0,0.00961827,0,0,0.00150286,0,0.00270514,0,0.00330628,0,0.000300571,0,0.00330628,0,0.00330628,0,0,0.110009,0.0237451,0.0640216,0.137662,0.0529005,0,0,0.00961827,0,0.211602,0.00961827,0.0219417,0.0598136,0.0676285,0.00571085,0,0.111211,0.0180343,0.033664,0,0,0,0.000300571,0,0,0.0102194,0,0,0,0.000300571,0.000300571
58350,0,0,0,0,0,0,0,0,0,0,0,0,0,0,0,0,0,0,0,0,0,0,0,0,0,0,0,0,0,0,0,0,0,0,0,0,0,0,0,0.0128287,0.000320718,0.000320718,0,0,0,0,0,0,0,0,0.00673509,0,0,0.0157152,0,0,0.00288647,0,0.00224503,0,0.00192431,0,0,0,0,0,0.0246953,0,0,0.101347,0.0240539,0.0830661,0.110006,0.0516357,0.000320718,0.000962155,0.0246953,0,0.20109,0.012508,0.025016,0.0679923,0.0522771,0.00769724,0,0.130853,0.0179602,0.0105837,0,0,0,0,0,0,0.010263,0,0,0,0,0
58400,0,0,0,0,0,0,0,0,0,0,0,0,0,0,0,0,0,0,0,0,0,0,0,0,0,0,0,0,0,0,0,0,0,0,0,0,0,0,0,0.0122378,0,0,0,0,0,0.000699301,0.0027972,0,0,0,0.00979021,0,0,0.00804196,0,0,0.0027972,0,0.00804196,0,0,0,0,0,0,0,0.0157343,0,0,0.0814685,0.0227273,0.0604895,0.145804,0.0667832,0,0.00454545,0.0108392,0,0.200699,0.0101399,0.0195804,0.13042,0.0269231,0.0143357,0,0.12028,0.0136364,0.00594406,0,0,0.00034965,0,0,0,0.0048951,0,0,0,0,0
58450,0,0,0,0,0,0,0,0,0,0,0,0,0,0,0,0,0,0,0,0,0,0,0,0,0,0,0,0,0,0,0,0,0,0,0,0,0,0.00349528,0,0.0181755,0,0.000699056,0,0,0,0,0,0.000699056,0,0,0.0111849,0,0,0.00734009,0,0,0.00139811,0,0.0087382,0.000699056,0,0,0,0,0,0,0.0132821,0,0.000349528,0.124432,0.0157288,0.062216,0.106257,0.0667599,0,0.0024467,0.00489339,0,0.212164,0.00209717,0.0139811,0.120937,0.0391472,0.0139811,0,0.134918,0.0024467,0.0087382,0.00139811,0,0,0,0,0,0.00139811,0,0,0,0,0
58500,0,0,0,0,0,0,0,0,0,0,0,0,0,0,0,0,0,0,0,0,0,0,0,0,0,0,0,0,0,0,0,0,0,0,0,0,0,0.00952664,0,0.017267,0,0,0,0,0,0.000595415,0,0,0,0,0.00922894,0,0,0.00535874,0,0,0.000893123,0.000297708,0.00476332,0.00267937,0,0,0,0.000595415,0.000595415,0,0.00803811,0.000297708,0,0.105091,0.00982435,0.0887169,0.116701,0.0464424,0,0.000595415,0.0145877,0,0.225365,0.000893123,0.0345341,0.119678,0.0238166,0.0107175,0,0.123549,0.00297708,0.0145877,0,0,0,0,0,0,0,0,0,0,0,0.00178625
58550,0,0,0,0,0,0,0,0,0,0,0,0,0,0,0,0,0,0,0,0,0,0,0,0,0,0,0,0,0,0,0,0,0,0,0,0,0,0.0035793,0,0.0118392,0.00027533,0,0,0,0,0,0,0,0,0,0.0184471,0,0,0.00440529,0,0,0.00137665,0,0.00523128,0.000550661,0,0,0,0,0.00027533,0,0.00578194,0,0,0.090033,0.0123899,0.0886564,0.111233,0.0399229,0,0,0.0090859,0,0.235132,0.00027533,0.061674,0.090033,0.0126652,0.0154185,0.00027533,0.172081,0.000550661,0.00660793,0,0,0,0,0.00027533,0,0,0,0,0,0,0.00192731
58600,0,0,0,0,0,0,0,0,0,0,0,0,0,0,0,0,0,0,0,0,0,0,0,0,0,0,0,0,0,0,0,0,0.000308452,0,0,0,0,0.00555213,0,0.0172733,0.000308452,0,0,0,0.000308452,0.000308452,0,0,0,0,0.0231339,0,0,0.00832819,0,0,0.000925355,0.000616903,0.0163479,0.00493523,0,0,0,0,0,0,0.00740284,0,0,0.0623072,0.0107958,0.0734115,0.163479,0.0468846,0,0,0.00277606,0,0.167181,0.00123381,0.0718692,0.0987045,0.0314621,0.0160395,0,0.149907,0,0.0148057,0.000308452,0,0,0,0,0,0,0,0,0,0,0.00308452
58650,0,0,0,0,0,0,0,0,0,0,0,0,0,0,0,0,0,0,0,0,0,0,0,0,0,0,0,0,0,0,0,0,0,0,0,0,0,0.00650452,0,0.0172511,0,0,0,0,0,0,0,0,0,0,0.0254525,0,0,0.021776,0,0,0,0,0.00961538,0.00904977,0,0.000282805,0,0,0.000565611,0,0.0124434,0,0,0.0811652,0.0138575,0.072681,0.164593,0.0387443,0,0,0.00226244,0,0.160351,0.0118778,0.0271493,0.123586,0.0197964,0.0110294,0,0.162613,0,0.00452489,0,0,0,0,0,0,0.000565611,0,0,0,0,0.00226244
58700,0,0,0,0,0,0,0,0,0,0,0,0,0,0,0,0,0,0,0,0,0,0,0,0,0,0,0,0,0,0,0,0,0,0,0,0,0,0.00773054,0,0.0135284,0,0,0,0,0,0,0,0,0,0,0.0234677,0,0,0.0140806,0,0,0,0.00441745,0.00911099,0.00414136,0,0,0,0,0,0,0.00607399,0,0,0.0982882,0.0179459,0.117062,0.0880729,0.0527333,0,0,0.0110436,0,0.193539,0.00524572,0.0383766,0.0770293,0.0345113,0.00193263,0,0.157096,0,0.0157372,0,0.000828272,0,0,0,0,0.00745445,0,0,0,0,0.000552181
58750,0,0,0,0,0,0,0,0,0,0,0,0,0,0,0,0,0,0,0,0,0,0,0,0,0,0,0,0,0,0,0,0,0,0,0,0,0,0.00107759,0,0.0196659,0,0,0,0,0,0,0,0,0,0,0.0255927,0,0,0.0153556,0,0,0,0.00484914,0.0180496,0.00161638,0,0.000269397,0,0,0.00107759,0,0.0080819,0,0,0.0829741,0.0107759,0.0953664,0.0829741,0.0595366,0,0,0.0153556,0,0.209321,0.012931,0.0514547,0.0843211,0.0245151,0.0150862,0.000269397,0.143588,0,0.00269397,0,0.00080819,0,0,0,0,0.00996767,0,0,0.00242457,0,0
58800,0,0,0,0,0,0,0,0,0,0,0,0,0,0,0,0,0,0,0,0,0,0,0,0,0,0,0,0,0,0,0,0,0.00161681,0,0,0,0,0.00161681,0,0.00835354,0.000538938,0,0,0,0,0,0,0,0,0,0.025869,0,0,0.0134735,0,0,0,0.00565885,0.0320668,0,0,0.00161681,0,0,0,0,0.00646726,0,0,0.0943142,0.00835354,0.0856912,0.130962,0.0520075,0,0,0.00835354,0,0.205605,0.0266774,0.0409593,0.0870385,0.0123956,0.025869,0.00215575,0.114524,0,0,0,0.00107788,0,0,0,0,0.00673673,0,0,0,0,0
58850,0,0,0,0,0,0,0,0,0,0,0,0,0,0,0,0,0,0,0,0,0,0,0,0,0,0,0,0,0,0,0,0,0.00293333,0,0,0,0,0,0,0.0117333,0,0,0,0,0,0.00106667,0,0.0008,0,0,0.0296,0,0,0.00533333,0,0,0,0.0112,0.0250667,0,0,0.00266667,0,0,0,0,0.00373333,0,0,0.112,0.0096,0.0744,0.109333,0.0792,0,0,0.00266667,0.000266667,0.224,0.008,0.0162667,0.0896,0.0154667,0.0264,0.0125333,0.113067,0,0,0.00106667,0.00213333,0,0,0,0,0.00986667,0,0,0,0,0
58900,0,0,0,0,0,0,0,0,0,0,0,0,0,0,0,0,0,0,0,0,0,0,0,0,0,0,0,0,0,0,0,0,0.000853485,0,0,0,0,0.00199147,0,0.0139403,0,0,0,0,0,0,0,0,0,0,0.0233286,0,0,0.00512091,0,0.00056899,0,0.00910384,0.0119488,0,0,0,0,0,0,0,0.0102418,0,0,0.0742532,0.00398293,0.0793741,0.0836415,0.0990043,0,0.000284495,0.0056899,0,0.218492,0.00739687,0.030441,0.156472,0.0173542,0.0165007,0.00284495,0.116074,0,0,0.000284495,0.000853485,0,0,0,0,0.00995733,0,0,0,0,0
58950,0,0,0,0,0,0,0,0,0,0,0,0,0,0,0,0,0,0,0,0,0,0,0,0,0,0,0,0,0,0,0,0,0,0,0,0,0,0.00452899,0,0.0229469,0,0,0,0,0,0,0,0,0,0,0.0208333,0,0,0.00301932,0,0,0,0.0102657,0.00543478,0.00573671,0,0,0,0,0.000301932,0,0.00483092,0,0,0.0794082,0.00603865,0.0972222,0.0631039,0.0833333,0,0.000301932,0.000301932,0,0.276268,0.00694444,0.0214372,0.110809,0.0307971,0.0292874,0.000905797,0.10779,0,0,0.00181159,0,0,0,0,0,0.00603865,0,0,0,0,0.000301932
59000,0,0,0,0,0,0,0,0,0,0,0,0,0,0,0,0,0,0,0,0,0,0,0,0,0,0,0,0,0,0,0,0,0,0,0,0,0,0.00371632,0,0.0105296,0,0,0,0,0,0,0,0,0,0,0.015175,0,0,0.00309693,0,0,0,0.0092908,0.0123877,0.0154847,0,0,0,0.000309693,0,0,0.00278724,0,0,0.0730876,0.0179622,0.0950759,0.0867142,0.0492413,0,0.000619387,0,0,0.272221,0.0046454,0.0368535,0.104057,0.0315887,0.0176525,0,0.115825,0,0,0.00216785,0,0.000619387,0,0,0,0.0188913,0,0,0,0,0
59050,0,0,0,0,0,0,0,0,0,0,0,0,0,0,0,0,0,0,0,0,0,0,0,0,0,0,0,0,0,0,0,0,0,0,0,0,0,0.00213049,0,0.0114514,0,0,0,0,0,0,0,0.000798935,0,0,0.0111851,0,0.000532623,0.00186418,0,0,0.00106525,0.00719041,0.0141145,0.0117177,0,0,0,0,0,0,0.00213049,0,0,0.0687084,0.0266312,0.06498,0.106791,0.0380826,0,0,0.000266312,0,0.244474,0.0114514,0.0636485,0.100133,0.0647137,0.0165113,0,0.113449,0,0,0.000532623,0,0,0,0,0.000266312,0.0151798,0,0,0,0,0
59100,0,0,0,0,0,0,0,0,0,0,0,0,0,0,0,0,0,0,0,0,0,0,0,0,0,0,0,0,0,0,0,0,0,0,0,0,0.000260824,0,0,0.00286907,0,0,0,0,0,0,0,0.00365154,0,0,0.00912885,0,0,0.00834637,0,0,0.00365154,0.00312989,0.00652061,0.00495566,0,0,0,0,0,0,0.00339071,0,0,0.0826813,0.00808555,0.0863328,0.080073,0.0375587,0.000260824,0,0.00234742,0.000260824,0.228221,0.0153886,0.0312989,0.12024,0.0612937,0.0140845,0,0.160929,0,0.0010433,0,0,0,0,0,0,0.0239958,0,0,0,0,0
59150,0,0,0,0,0,0,0,0,0,0,0,0,0,0,0,0,0,0,0,0,0,0,0,0,0,0,0,0,0,0,0,0,0,0,0,0,0,0.00102276,0,0.00613654,0.000511378,0,0,0,0,0,0,0.00204551,0,0,0.00741498,0,0,0.00767067,0,0.000767067,0.000511378,0.000255689,0.00127845,0.00204551,0,0,0,0,0.000511378,0.000511378,0.00127845,0,0,0.0621324,0.0046024,0.105855,0.0859115,0.0342623,0,0,0.00127845,0,0.286372,0.023012,0.023012,0.111992,0.056763,0.0245462,0,0.12989,0,0.00664792,0.00204551,0.000255689,0,0,0.000255689,0,0.00920481,0,0,0,0,0
59200,0,0,0,0,0,0,0,0,0,0,0,0,0,0,0,0,0,0,0,0,0,0,0,0,0,0,0,0,0,0,0,0,0,0,0,0,0,0,0,0.00418301,0,0,0,0,0,0,0,0.000784314,0,0,0.00156863,0,0.00104575,0.00444444,0,0,0.000261438,0.000522876,0.00915033,0.0020915,0,0,0,0,0.00287582,0.00313725,0.000261438,0.00418301,0,0.0771242,0.00392157,0.109542,0.075817,0.0368627,0,0,0,0,0.226144,0.0295425,0.0384314,0.0964706,0.0653595,0.0151634,0,0.133856,0,0.0219608,0.00627451,0.000784314,0,0,0,0,0.0282353,0,0,0,0,0
59250,0,0,0,0,0,0,0,0,0,0,0,0,0,0,0,0,0,0,0,0,0,0,0,0,0,0,0,0,0,0,0,0,0,0,0,0,0,0,0,0.00840764,0,0,0,0,0,0,0,0.000509554,0,0,0.00433121,0,0.00152866,0.0033121,0,0.000254777,0,0,0.00815287,0.00509554,0,0,0,0,0.00305732,0,0,0,0,0.0517197,0.00611465,0.0878981,0.0784713,0.0188535,0.000254777,0,0.00229299,0,0.221911,0.0270064,0.0466242,0.163567,0.0512102,0.0323567,0,0.136051,0,0.00509554,0.00101911,0.00840764,0,0.000254777,0,0,0.026242,0,0,0,0,0
59300,0,0,0,0,0,0,0,0,0,0,0,0,0,0,0,0,0,0,0,0,0,0,0,0,0,0,0,0,0,0,0,0,0,0,0,0,0,0,0,0.00527046,0,0,0,0,0,0,0,0,0,0,0.00305132,0,0,0.00527046,0,0,0.000832178,0.00554785,0.0124827,0.00582524,0.0038835,0,0.000277393,0,0.00471567,0,0.000277393,0.00138696,0,0.0643551,0.0038835,0.102635,0.0665742,0.0429958,0,0,0.0036061,0,0.205548,0.0307906,0.0654646,0.152011,0.0604716,0.0260749,0,0.0984743,0,0.00443828,0,0.00582524,0,0,0,0,0.0180305,0,0,0,0,0
59350,0,0,0,0,0,0,0,0,0,0,0,0,0,0,0,0,0,0,0,0,0,0,0,0,0,0,0,0,0,0,0,0,0,0,0,0,0,0,0,0.0125945,0,0,0,0,0,0,0,0,0,0,0.0045798,0,0,0.00320586,0,0,0.0045798,0.00595374,0.00664071,0.0105335,0.00389283,0,0.00160293,0,0.0109915,0.00022899,0,0,0,0.0542707,0.00595374,0.0586215,0.0643462,0.0302267,0,0,0.00251889,0,0.240211,0.0123655,0.0776277,0.13144,0.0833524,0.0295397,0.00206091,0.125029,0,0.00137394,0,0.00343485,0,0,0,0,0.0128234,0,0,0,0,0
59400,0,0,0,0,0,0,0,0,0,0,0,0,0,0,0,0,0,0,0,0,0,0,0,0,0,0,0,0,0,0,0,0,0,0,0,0,0,0.00217181,0,0.0101351,0,0,0,0,0,0,0,0,0,0,0.00796332,0,0,0.003861,0,0,0.0149614,0.00410232,0.00120656,0.00651544,0.00748069,0,0,0,0.00675676,0,0,0,0,0.0687741,0.00892857,0.0690154,0.0687741,0.0246139,0,0.000482625,0.00603282,0,0.260376,0.0132722,0.0945946,0.111486,0.0453668,0.0178571,0.00217181,0.116795,0,0.00579151,0,0.000241313,0,0,0,0,0.0202703,0,0,0,0,0
59450,0,0,0,0,0,0,0,0,0,0,0,0,0,0,0,0,0,0,0,0,0,0,0,0,0,0,0,0,0,0,0,0,0,0,0,0,0,0.00481026,0,0.00561197,0.000534474,0,0,0,0,0,0,0,0,0,0.0050775,0,0,0.00267237,0,0.00133618,0.0114912,0.00160342,0.00267237,0.00587921,0.0080171,0.00320684,0,0,0.00213789,0,0.00240513,0,0,0.0764297,0.00721539,0.105024,0.0849813,0.0269909,0.000267237,0.000267237,0.010155,0.0106895,0.244522,0.00561197,0.075628,0.130946,0.0470337,0.0128274,0.000534474,0.0911277,0,0.00133618,0,0,0,0,0,0,0.00774987,0,0,0,0,0.00320684
59500,0,0,0,0,0,0,0,0,0,0,0,0,0,0,0,0,0,0,0,0,0,0,0,0,0,0,0,0,0,0,0,0,0,0,0,0,0,0.00743597,0,0.00550812,0.00110162,0,0,0,0,0,0,0,0,0,0.0112917,0,0.000275406,0.00192784,0,0.00302947,0.0137703,0.000826219,0.00358028,0.000550812,0.00385569,0,0,0,0,0,0.0044065,0,0,0.108235,0.00633434,0.105481,0.07794,0.0335996,0,0,0.00660975,0.00192784,0.269898,0.00633434,0.0680253,0.096943,0.0341504,0.01019,0.00495731,0.110713,0,0.000550812,0,0,0,0,0,0,0.000550812,0,0,0,0,0
59550,0,0,0,0,0,0,0,0,0,0,0,0,0,0,0,0,0,0,0,0,0,0,0,0,0,0,0,0,0,0,0,0,0.000329056,0,0,0,0,0.000329056,0,0.0108588,0,0,0,0,0,0,0,0,0,0,0.00394867,0.000329056,0.00197433,0.00921356,0,0.005923,0.00691017,0.00987167,0.005923,0.000987167,0.00197433,0,0,0,0,0,0.000329056,0,0,0.0878578,0.0144784,0.174399,0.0542942,0.047055,0,0,0.0088845,0.0029615,0.267193,0.0111879,0.0348799,0.0931227,0.0365252,0.023692,0.00361961,0.0730503,0,0.00526489,0,0,0.000658111,0,0,0,0.00197433,0,0,0,0,0
59600,0,0,0,0,0,0,0,0,0,0,0,0,0,0,0,0,0,0,0,0,0,0,0,0,0,0,0,0,0,0,0,0,0.00203311,0,0,0,0,0.00174267,0,0.00726111,0,0,0,0,0,0,0,0,0.000580889,0,0.00813244,0,0,0.0151031,0,0.00290444,0.00987511,0.00929422,0.000580889,0.000580889,0.00116178,0,0,0,0,0,0.00290444,0,0,0.07842,0.00871333,0.123729,0.0821958,0.033982,0,0,0.0145222,0.00668022,0.280569,0.0133604,0.0441475,0.0697067,0.0441475,0.0133604,0.00871333,0.103689,0,0.00638978,0,0,0,0,0,0,0.00493755,0,0,0,0.000580889,0
59650,0,0,0,0,0,0,0,0,0,0,0,0,0,0,0,0,0,0,0,0,0,0,0,0,0,0,0,0,0,0,0,0,0,0,0,0,0,0,0,0.00571713,0,0,0,0,0,0,0,0,0,0.000248571,0.01044,0,0,0.00969426,0,0.00323142,0.01218,0.00571713,0.000497141,0.00223714,0.000745712,0,0,0,0,0,0.00546856,0,0,0.0867512,0.00720855,0.0989311,0.0686055,0.0213771,0,0,0.0084514,0.00695998,0.277156,0.00646284,0.0546856,0.103654,0.0362913,0.0236142,0.00695998,0.114343,0.000497141,0.00472284,0,0.00223714,0,0,0,0,0.0149142,0,0,0,0,0
59700,0,0,0,0,0,0,0,0,0,0,0,0,0,0,0,0,0,0,0,0,0,0,0,0,0,0,0,0,0,0,0,0,0,0,0,0,0,0,0,0.00595522,0,0,0,0,0,0,0,0,0,0.000476417,0.00571701,0,0,0.00690805,0,0,0.0107194,0.00214388,0,0.00643163,0.000476417,0,0.000476417,0,0,0,0.000714626,0,0,0.0898047,0.00357313,0.115531,0.059314,0.0233444,0,0,0.0109576,0.00357313,0.281801,0.0028585,0.0602668,0.0969509,0.0352549,0.0292997,0.000238209,0.11434,0.00333492,0.000714626,0,0.00738447,0,0,0,0,0.0214388,0,0,0,0,0
59750,0,0,0,0,0,0,0,0,0,0,0,0,0,0,0,0,0,0,0,0,0,0,0,0,0,0,0,0,0,0,0,0,0,0,0,0,0,0,0,0.00374231,0.00267308,0,0,0,0,0,0,0,0,0,0.00187116,0,0,0.00882117,0,0,0.000534616,0.0032077,0.00106923,0.00240577,0.00507886,0,0,0,0,0,0,0,0,0.125635,0,0.143545,0.0556001,0.0184443,0,0,0.0032077,0.000267308,0.248062,0.00561347,0.0654905,0.108527,0.0318097,0.0168404,0.000801925,0.119219,0.00160385,0.00133654,0,0,0.00507886,0,0,0,0.0189789,0.000267308,0,0,0,0.000267308
59800,0,0,0,0,0,0,0,0,0,0,0,0,0,0,0,0,0,0,0,0,0,0,0,0,0,0,0,0,0,0,0,0,0,0,0,0,0,0,0,0.00416259,0.00269344,0,0,0,0,0,0,0,0,0,0.000244858,0,0,0.0112635,0.000244858,0,0.000734574,0.00440744,0.00146915,0.00146915,0.00244858,0,0,0,0,0,0.00367287,0,0,0.101861,0.000734574,0.141773,0.0457884,0.0188541,0.00661117,0,0.00832517,0.000489716,0.24951,0.00685602,0.0570519,0.0979432,0.0296278,0.0195886,0.0129775,0.143732,0.00318315,0.00171401,0,0,0.000489716,0.000244858,0,0,0.0195886,0,0,0,0,0.000244858
59850,0,0,0,0,0,0,0,0,0,0,0,0,0,0,0,0,0,0,0,0,0,0,0,0,0,0,0,0,0,0,0,0,0,0,0,0,0,0,0,0.00647033,0,0,0,0,0,0,0,0,0,0,0.00379295,0.000892459,0,0.01361,0,0,0.000446229,0.00133869,0.00892459,0.00535475,0.00133869,0,0,0,0,0,0.00423918,0,0,0.107541,0,0.0995091,0.0693887,0.0296743,0.00133869,0,0.0118251,0.000669344,0.274208,0.00825524,0.0593485,0.0925926,0.0417224,0.00981705,0.00356983,0.11245,0.00490852,0.00312361,0.000223115,0,0.000892459,0.000223115,0.000446229,0,0.0218652,0,0,0,0,0
59900,0,0,0,0,0,0,0,0,0,0,0,0,0,0,0,0,0,0,0,0,0,0,0,0,0,0,0,0,0,0,0,0,0,0,0,0,0,0,0,0.00853549,0,0,0,0,0,0,0,0,0,0,0.00449236,0,0.000449236,0.00673854,0,0,0.00202156,0.00224618,0.00134771,0.00179695,0.00584007,0.000449236,0,0,0,0,0.00336927,0,0.000224618,0.0905211,0,0.0828841,0.057053,0.0431267,0.00179695,0,0.00763702,0,0.312219,0.0141509,0.0330189,0.0974843,0.0298742,0.0150494,0.00202156,0.156783,0,0.000449236,0,0,0.00157233,0,0,0,0.0168464,0,0,0,0,0
59950,0,0,0,0,0,0,0,0,0,0,0,0,0,0,0,0,0,0,0,0,0,0,0,0,0,0,0,0,0,0,0,0,0,0,0,0,0,0,0,0.00617965,0.00110351,0,0,0,0,0,0,0,0,0,0.00949018,0,0.000882807,0.00926948,0,0,0,0.00860737,0.00286912,0.00220702,0.00640035,0,0.000220702,0.00132421,0,0,0.00286912,0,0,0.124255,0.000441404,0.068859,0.0598102,0.0379607,0.00308983,0,0.00684176,0.000220702,0.258883,0.0145663,0.0342088,0.123152,0.0247186,0.0123593,0,0.147208,0,0.000220702,0,0,0.000882807,0,0.00176561,0,0.0286912,0,0,0,0,0.000441404
60000,0,0,0,0,0,0,0,0,0,0,0,0,0,0,0,0,0,0,0,0,0,0,0,0,0,0,0,0,0,0,0,0,0,0,0,0,0,0,0,0.0164384,0.00124533,0,0,0,0,0,0,0,0,0,0.0241594,0,0.000249066,0.0139477,0,0,0.000249066,0.00448319,0.00622665,0.00298879,0.00498132,0,0,0,0,0,0.00398506,0,0,0.0889166,0.00722291,0.0938979,0.0697385,0.0438356,0.0014944,0,0.00672478,0.00224159,0.255293,0.0107098,0.0256538,0.0909091,0.0281445,0.00971357,0.00473225,0.144209,0,0.000249066,0,0,0.00224159,0,0.00298879,0,0.0321295,0,0,0,0,0
60050,0,0,0,0,0,0,0,0,0,0,0,0,0,0,0,0,0,0,0,0,0,0,0,0,0,0,0,0,0,0,0,0,0,0,0,0,0,0.000235682,0,0.00542069,0.0040066,0,0,0,0,0,0,0.00471365,0,0,0.00589206,0,0,0.00824888,0,0,0,0.0040066,0.00730615,0.000235682,0.00259251,0,0.000942729,0,0,0,0.0108414,0,0,0.124912,0.00424228,0.0678765,0.0546783,0.0292246,0.00141409,0,0.00919161,0.000471365,0.239925,0.0106057,0.0426585,0.115484,0.0633985,0.00872025,0.00235682,0.113599,0,0,0,0,0,0,0.0223898,0,0.0344096,0,0,0,0,0
60100,0,0,0,0,0,0,0,0,0,0,0,0,0,0,0,0,0,0,0,0,0,0,0,0,0,0,0,0,0,0,0,0,0,0,0,0,0,0.00304807,0,0.010551,0.000937866,0,0,0,0,0,0,0,0,0,0.0121923,0.000234467,0,0.0150059,0,0,0.0021102,0.00656506,0.0021102,0.000937866,0.00445487,0,0.0014068,0,0.0007034,0,0.0112544,0,0,0.113951,0,0.0862837,0.0813599,0.0480657,0.000468933,0,0.00820633,0.000937866,0.2483,0.0126612,0.0368113,0.0611958,0.0757327,0.0091442,0.000937866,0.120985,0,0,0,0,0.00375147,0.000234467,0.00117233,0,0.0178195,0,0,0,0,0.000468933
60150,0,0,0,0,0,0,0,0,0,0,0,0,0,0,0,0,0,0,0,0,0,0,0,0,0,0,0,0,0,0,0,0,0,0,0,0,0,0.00144161,0,0.00600673,0.000240269,0,0,0,0,0,0,0.000720807,0,0,0.0146564,0,0,0.00144161,0,0,0.00168188,0.0117732,0.0031235,0.000240269,0.000961076,0,0.006247,0,0,0,0.00864969,0,0,0.121816,0,0.0651129,0.0627102,0.0576646,0.000961076,0,0.00840942,0,0.245074,0.0127343,0.0398847,0.0997117,0.0456511,0.00384431,0,0.123739,0,0.00144161,0,0,0.0127343,0,0,0,0.0401249,0,0.000240269,0,0,0.000961076
60200,0,0,0,0,0,0,0,0,0,0,0,0,0,0,0,0,0,0,0,0,0,0,0,0,0,0,0,0,0,0,0,0,0,0,0,0,0,0,0,0.00748387,0.00103226,0,0,0,0,0,0,0.00258065,0,0,0.00541935,0,0,0.00825806,0,0.00258065,0.00258065,0.00645161,0.00670968,0.00180645,0.00490323,0,0.000774194,0,0,0,0.00619355,0,0.00129032,0.0975484,0.000516129,0.0823226,0.051871,0.0797419,0.00748387,0,0.0268387,0,0.245161,0.00593548,0.0371613,0.102194,0.0433548,0.0126452,0.00129032,0.0996129,0,0,0,0,0.011871,0,0,0,0.0350968,0,0.000774194,0,0,0.000516129
60250,0,0,0,0,0,0,0,0,0,0,0,0,0,0,0,0,0,0,0,0,0,0,0,0,0,0,0,0,0,0,0,0,0,0,0,0,0,0,0,0.00613642,0,0,0,0,0,0,0,0.00330422,0,0,0.00377626,0,0.000472032,0.00920463,0,0.00188813,0,0.00354024,0.00259618,0,0.00354024,0,0.000708048,0,0,0,0.00259618,0,0.00330422,0.0946424,0.00283219,0.0715129,0.0684447,0.0608921,0.00920463,0.000236016,0.0479113,0,0.255133,0.00495634,0.0254897,0.101959,0.0540477,0.00542837,0.00424829,0.123436,0,0.00188813,0,0,0.000944064,0,0.00118008,0,0.0243097,0,0,0,0,0.000236016
60300,0,0,0,0,0,0,0,0,0,0,0,0,0,0,0,0,0,0,0,0,0,0,0,0,0,0,0,0,0,0,0,0,0,0,0,0,0,0.00288392,0,0.00528719,0,0,0,0,0,0,0,0.000720981,0,0,0.00720981,0,0,0.00672915,0,0.000720981,0.00312425,0.00120163,0.00240327,0,0.0026436,0,0,0,0.00312425,0,0.000240327,0,0.00144196,0.138428,0.000961307,0.105984,0.0427782,0.0596011,0.0105744,0,0.0163422,0.000480654,0.234319,0.00865177,0.0108147,0.0956501,0.0694545,0.0209084,0.00312425,0.118,0,0.000720981,0,0,0.00120163,0.000720981,0.000480654,0,0.0230714,0,0,0,0,0
60350,0,0,0,0,0,0,0,0,0,0,0,0,0,0,0,0,0,0,0,0,0,0,0,0,0,0,0,0,0,0,0,0,0,0,0,0,0,0.00775382,0,0.00557306,0,0,0,0,0,0,0,0,0,0,0.0128423,0,0,0.00823843,0,0,0.00266537,0.00193845,0.00678459,0.000484614,0.00193845,0,0,0,0.00169615,0,0.000242307,0.000242307,0,0.105403,0.000242307,0.0782651,0.0503998,0.0453114,0.00872304,0.000242307,0.0225345,0.00072692,0.253695,0.0111461,0.0302883,0.135449,0.0201115,0.0227768,0.000484614,0.122607,0.000242307,0.000242307,0.00072692,0,0.000484614,0,0.00121153,0,0.0382845,0,0,0,0,0
60400,0,0,0,0,0,0,0,0,0,0,0,0,0,0,0,0,0,0,0,0,0,0,0,0,0,0,0,0,0,0,0,0,0,0,0,0,0,0.000964553,0,0.00626959,0,0,0,0,0,0,0,0,0,0,0.00892211,0,0.000482276,0.0142272,0,0,0.00337593,0.0031348,0.0130215,0,0.00602845,0.000964553,0,0.000241138,0.00289366,0,0.00120569,0.000482276,0,0.139619,0,0.0706535,0.0487099,0.0735471,0.00675187,0,0.00988667,0.000241138,0.198457,0.0120569,0.0212202,0.117675,0.0501567,0.02966,0,0.109236,0,0,0,0,0,0,0.000964553,0,0.048951,0,0,0,0,0
60450,0,0,0,0,0,0,0,0,0,0,0,0,0,0,0,0,0,0,0,0,0,0,0,0,0,0,0,0,0,0,0,0,0,0,0,0,0,0.000233699,0,0.00467399,0,0,0,0,0,0,0,0,0,0,0.00934798,0,0.000233699,0.00911428,0,0.0011685,0.00888058,0.0021033,0.00420659,0,0.00467399,0,0,0.000701098,0.00584249,0,0.00607619,0.000233699,0.000233699,0.0983875,0.000934798,0.054452,0.083197,0.0560879,0.00934798,0,0.00724468,0,0.215705,0.0182286,0.0217341,0.125263,0.0371582,0.0303809,0,0.148165,0,0.0016359,0.0016359,0,0,0,0.0021033,0,0.0306146,0,0,0,0,0
60500,0,0,0,0,0,0,0,0,0,0,0,0,0,0,0,0,0,0,0,0,0,0,0,0,0,0,0,0,0,0,0,0,0,0,0,0,0,0.00180873,0,0.00316527,0,0,0,0,0.000226091,0,0,0.00113045,0,0,0.0146959,0,0,0.0183134,0,0.002487,0.00135655,0.000226091,0.00610445,0,0.00361745,0.00339136,0,0.000452182,0.000226091,0.000452182,0.004974,0.000452182,0,0.102871,0,0.0718969,0.0542618,0.0517748,0.00972191,0,0.00226091,0,0.179742,0.0108524,0.0307484,0.0872711,0.0642098,0.0171829,0,0.190142,0,0.00723491,0,0,0.000904364,0,0.000226091,0,0.0549401,0,0,0,0,0.000678273
60550,0,0,0,0,0,0,0,0,0,0,0,0,0,0,0,0,0,0,0,0,0,0,0,0,0,0,0,0,0,0,0,0,0,0,0,0,0,0.00483193,0,0.00273109,0,0,0,0,0,0,0,0,0,0,0.0115546,0.00105042,0,0.0212185,0,0.00105042,0.0039916,0.0012605,0.00210084,0.00210084,0.00483193,0.0012605,0,0.00252101,0.0012605,0.000210084,0.00945378,0.0092437,0,0.0981092,0,0.1,0.0605042,0.0464286,0.00504202,0,0.00147059,0.000210084,0.178571,0.00777311,0.0313025,0.129412,0.0434874,0.0113445,0,0.161555,0,0.00273109,0.000840336,0,0.0052521,0,0.00357143,0,0.0313025,0,0,0,0,0.000420168
60600,0,0,0,0,0,0,0,0,0,0,0,0,0,0,0,0,0,0,0,0,0,0,0,0,0,0,0,0,0,0,0,0,0,0,0,0,0,0.00397,0,0.00397,0,0,0,0,0,0,0,0,0,0,0.00661667,0.000220556,0,0.00683723,0,0,0.00374945,0,0.0055139,0.00330834,0.00308778,0.00154389,0,0,0.0123511,0,0.0103661,0.000220556,0,0.109396,0.00132333,0.0813851,0.0696956,0.0712395,0.00485223,0,0.00308778,0.00374945,0.175121,0.0163211,0.0712395,0.102779,0.0566828,0.0132333,0,0.124614,0,0,0,0,0.00110278,0,0.000220556,0,0.0322011,0,0,0,0,0
60650,0,0,0,0,0,0,0,0,0,0,0,0,0,0,0,0,0,0,0,0,0,0,0,0,0,0,0,0,0,0,0,0,0,0,0,0,0,0.00418042,0,0.00880088,0,0,0,0,0,0,0,0,0,0,0.0114411,0.000880088,0,0.00880088,0,0,0.00946095,0.000220022,0.00330033,0.0019802,0.00154015,0.000440044,0,0,0.00110011,0.000440044,0.00792079,0,0,0.107591,0.00638064,0.0985699,0.0479648,0.0646865,0.00528053,0,0.00858086,0.0147415,0.188999,0.0222222,0.0618262,0.0937294,0.040484,0.00814081,0,0.146095,0,0,0,0,0.000880088,0.000220022,0.00352035,0,0.019582,0,0,0,0,0
60700,0,0,0,0,0,0,0,0,0,0,0,0,0,0,0,0,0,0,0,0,0,0,0,0,0,0,0,0,0,0,0,0,0,0,0,0,0,0.0086245,0,0.00729766,0,0,0,0,0,0,0,0,0,0,0.00619195,0.000884564,0,0.00176913,0,0,0.00552853,0,0.00442282,0.00928793,0.00132685,0,0,0.000221141,0,0,0.00840336,0,0,0.111676,0.00132685,0.0740823,0.0508625,0.0612561,0.0037594,0.000221141,0.0170279,0,0.225343,0.0163644,0.0632464,0.0634675,0.03295,0.0260946,0,0.161433,0,0,0.000663423,0,0.000884564,0.000221141,0.00331712,0,0.0316232,0,0,0,0,0.000221141
60750,0,0,0,0,0,0,0,0,0,0,0,0,0,0,0,0,0,0,0,0,0,0,0,0,0,0,0,0,0,0,0,0,0,0,0,0,0,0.00490719,0,0.00725411,0,0,0,0,0,0,0,0.00234692,0,0,0.00170685,0,0,0.00362705,0,0,0.00490719,0,0.00426712,0.00149349,0.00213356,0,0,0,0,0,0.00704075,0.000426712,0,0.0949435,0.000853424,0.0883294,0.0494986,0.0454448,0.00213356,0,0.022189,0,0.272029,0.00938767,0.037764,0.0755281,0.034137,0.037764,0,0.153403,0,0.000213356,0.00256027,0,0.000640068,0.000213356,0.00170685,0,0.0296565,0.000426712,0,0,0,0.00106678
60800,0,0,0,0,0,0,0,0,0,0,0,0,0,0,0,0,0,0,0,0,0,0,0,0,0,0,0,0,0,0,0,0,0,0,0,0,0,0.00293542,0,0.00254403,0,0,0,0,0,0,0,0.00117417,0,0,0.00684932,0,0,0.00684932,0.000391389,0,0.00547945,0,0.00489237,0.00176125,0.00528376,0,0,0.00117417,0,0,0.0074364,0.00195695,0,0.1182,0,0.106067,0.092955,0.0391389,0.00176125,0.00254403,0.0072407,0,0.230724,0.00684932,0.037182,0.083953,0.0428571,0.0189824,0.000195695,0.120939,0,0,0.000782779,0,0.000587084,0.00861057,0.00136986,0,0.0303327,0,0,0,0,0
60850,0,0,0,0,0,0,0,0,0,0,0,0,0,0,0,0,0,0,0,0,0,0,0,0,0,0,0,0,0,0,0,0,0,0,0,0,0,0.00113869,0,0.0109315,0,0,0,0,0,0,0,0.00250512,0,0,0.00432703,0,0,0.0122979,0.000227739,0.00455477,0.00455477,0,0.00318834,0,0.00318834,0.000227739,0.000455477,0.0029606,0,0,0.00159417,0.00204965,0.00182191,0.120701,0.000910954,0.0997495,0.0885903,0.0526076,0.000227739,0,0.0118424,0,0.242997,0.00182191,0.0398542,0.0735596,0.0439535,0.0143475,0.00136643,0.115236,0,0,0,0,0.00159417,0.00409929,0.000227739,0,0.0302892,0,0,0,0,0
60900,0,0,0,0,0,0,0,0,0,0,0,0,0,0,0,0,0,0,0,0,0,0,0,0,0,0,0,0,0,0,0,0,0,0,0,0,0,0.00261345,0,0.0163934,0.000950344,0,0,0,0,0,0,0.00308862,0,0,0.000475172,0,0,0.00190069,0,0,0.000950344,0,0.00475172,0,0.00213828,0.00213828,0,0.00926586,0,0,0.00380138,0.000237586,0.00308862,0.145403,0,0.0669993,0.0779282,0.0696127,0.00237586,0,0.0192445,0,0.198622,0.00712758,0.0356379,0.103825,0.0487052,0.0125921,0.000237586,0.116655,0,0,0,0,0,0,0,0,0.0432407,0,0,0,0,0
60950,0,0,0,0,0,0,0,0,0,0,0,0,0,0,0,0,0,0,0,0,0,0,0,0,0,0,0,0,0,0,0,0,0,0,0,0,0,0.00374181,0,0.00982226,0.000467727,0,0,0,0,0,0,0.00631431,0,0,0.000935454,0,0,0.00116932,0,0,0,0,0.00654818,0,0.00420954,0.00187091,0,0.0100561,0.00163704,0,0.00350795,0.00210477,0.000233863,0.135875,0.00304022,0.0830215,0.0741347,0.0914406,0.00187091,0.000233863,0.0173059,0,0.197381,0.0025725,0.0392891,0.0727315,0.0453695,0.0196445,0,0.104069,0.000467727,0,0.00163704,0,0,0.000233863,0,0,0.0570627,0,0,0,0,0
61000,0,0,0,0,0,0,0,0,0,0,0,0,0,0,0,0,0,0,0,0,0,0,0,0,0,0,0,0,0,0,0,0,0,0,0,0,0,0.00249896,0,0.0089546,0.000208247,0,0,0,0,0,0,0.00104123,0,0,0,0,0.00062474,0.000208247,0,0,0,0,0,0.00208247,0.00187422,0.00270721,0,0.00749688,0.00354019,0,0.00354019,0.000416493,0,0.135569,0.00541441,0.0951687,0.0739275,0.0862141,0.00499792,0,0.0276968,0.000208247,0.213453,0.000832986,0.0347772,0.0685131,0.0612245,0.0058309,0,0.110579,0.00187422,0.000208247,0,0.000416493,0,0.00208247,0,0,0.0358184,0,0,0,0,0
61050,0,0,0,0,0,0,0,0,0,0,0,0,0,0,0,0,0,0,0,0,0,0,0,0,0,0,0,0,0,0,0,0,0,0,0,0,0,0.000598683,0,0.00798244,0,0,0,0,0,0,0,0.000598683,0,0,0.000598683,0,0,0.00219517,0,0,0,0,0,0.000798244,0.00339254,0,0,0.0035921,0.00339254,0.00119737,0.00119737,0,0.00159649,0.167033,0.00778288,0.093195,0.0848134,0.0744362,0.00498902,0,0.0311315,0,0.184394,0.000399122,0.0271403,0.100579,0.0407104,0.00279385,0,0.123927,0.00698463,0,0,0.00279385,0,0.000199561,0,0,0.019557,0,0,0,0,0
61100,0,0,0,0,0,0,0,0,0,0,0,0,0,0,0,0,0,0,0,0,0,0,0,0,0,0,0,0,0,0,0,0,0,0,0,0,0,0.00866474,0,0.00644301,0,0,0,0,0,0,0,0.00133304,0,0,0.000222173,0.00422128,0,0.00311042,0,0,0,0,0,0,0.00866474,0,0,0.00177738,0.00333259,0.000222173,0.011553,0.000444346,0.00666519,0.110642,0.0113308,0.0946456,0.0677627,0.0833148,0.00422128,0.000222173,0.0311042,0,0.193068,0,0.0577649,0.0622084,0.0557654,0.00910909,0,0.112642,0.00777605,0.000222173,0,0,0,0.00288825,0,0,0.0386581,0,0,0,0,0
61150,0,0,0,0,0,0,0,0,0,0,0,0,0,0,0,0,0,0,0,0,0,0,0,0,0,0,0,0,0,0,0,0,0,0,0,0,0,0.00395441,0,0.0102349,0,0,0,0,0,0,0,0.0018609,0,0,0.00162829,0.00581531,0,0.00558269,0,0,0.000232612,0.000465224,0,0,0.00814143,0,0,0.00511747,0.00255873,0.000232612,0.00418702,0.000697837,0.00790882,0.105606,0.00325657,0.0949058,0.053966,0.0707141,0.00860665,0.000930449,0.00930449,0.000697837,0.250756,0,0.0400093,0.0739707,0.0430333,0.0018609,0,0.140033,0.00790882,0.000232612,0,0,0,0.00162829,0,0.000232612,0.0334962,0,0,0,0,0.000232612
61200,0,0,0,0,0,0,0,0,0,0,0,0,0,0,0,0,0,0,0,0,0,0,0,0,0,0,0,0,0,0,0,0,0,0,0,0,0,0.00319489,0,0.00884738,0,0,0,0,0,0,0,0.000245761,0,0,0.00270337,0.000491521,0,0.00245761,0,0,0.0012288,0.000491521,0,0,0.011305,0,0,0.00270337,0.00196609,0.0012288,0.0012288,0,0.0105677,0.109855,0.00860162,0.104203,0.0454657,0.0663554,0.00565249,0,0.0233473,0,0.165397,0.000245761,0.0567707,0.118211,0.051364,0.0130253,0,0.128041,0.00589826,0,0,0,0.000491521,0.000491521,0,0,0.0479233,0,0,0,0,0
61250,0,0,0,0,0,0,0,0,0,0,0,0,0,0,0,0,0,0,0,0,0,0,0,0,0,0,0,0,0,0,0,0,0,0,0,0,0,0.000879314,0,0.00681468,0,0,0,0,0,0,0,0,0,0,0.00725434,0,0,0.00131897,0,0,0.0015388,0.00197846,0,0,0.00329743,0.000219829,0,0.0112113,0.00351726,0.000659486,0.00131897,0,0,0.110574,0.014069,0.109694,0.0797978,0.060233,0.0092328,0,0.0134095,0,0.155639,0.00219829,0.060233,0.0828754,0.0340734,0.0287975,0.000439657,0.134535,0.00197846,0,0,0,0,0,0,0,0.0622115,0,0,0,0,0
61300,0,0,0,0,0,0,0,0,0,0,0,0,0,0,0,0,0,0,0,0,0,0,0,0,0,0,0,0,0,0,0,0,0,0,0,0,0,0.0135298,0,0.00773134,0,0.000483209,0,0,0,0,0,0,0,0,0.0152211,0,0,0.0101474,0,0,0.0057985,0.00144963,0,0,0.0106306,0,0,0.0132882,0.00724813,0.00120802,0.00507369,0,0.00193283,0.103407,0.0193283,0.0785214,0.0601595,0.0546026,0.0149795,0.000483209,0.0241604,0.00217444,0.186035,0.00120802,0.0338246,0.115004,0.0473544,0.00676492,0,0.135782,0.00410727,0,0,0,0.000241604,0,0,0,0.0173955,0,0,0,0,0.000724813
61350,0,0,0,0,0,0,0,0,0,0,0,0,0,0,0,0,0,0,0,0,0,0,0,0,0,0,0,0,0,0,0,0,0,0,0,0,0,0.00651466,0,0.00697999,0,0,0,0,0,0,0,0.000465333,0,0,0.016752,0.000232666,0,0.0109353,0.000232666,0,0.00651466,0.00116333,0,0,0.002792,0,0,0.00255933,0.00767799,0,0.00558399,0,0.011866,0.102839,0.00372266,0.107725,0.0756166,0.0493253,0.025128,0,0.0346673,0.00186133,0.17892,0.00255933,0.0365286,0.0537459,0.0570033,0.0134946,0,0.15356,0,0,0,0,0.000232666,0,0.000232666,0,0.0225686,0,0,0,0,0
61400,0,0,0,0,0,0,0,0,0,0,0,0,0,0,0,0,0,0,0,0,0,0,0,0,0,0,0,0,0,0,0,0,0,0,0,0,0,0.0036488,0,0.0198404,0,0,0,0,0,0,0,0.0004561,0,0,0.0111745,0,0.00205245,0.0059293,0,0,0.00022805,0,0,0,0.0013683,0,0,0.00387685,0.0036488,0,0.0036488,0,0.0059293,0.121779,0.000684151,0.10057,0.0866591,0.0508552,0.00752566,0,0.0394527,0.00114025,0.222577,0.00729761,0.0394527,0.0424173,0.0426454,0.00866591,0.0004561,0.124743,0,0,0,0.0004561,0.0107184,0,0,0,0.0301026,0,0,0,0,0
61450,0,0,0,0,0,0,0,0,0,0,0,0,0,0,0,0,0,0,0,0,0,0,0,0,0,0,0,0,0,0,0,0,0,0,0,0,0,0.00332742,0,0.012866,0,0,0,0,0,0,0,0.000443656,0,0,0.00354925,0,0.00310559,0.00732032,0,0,0.00110914,0,0,0,0.00199645,0.00266193,0,0.00532387,0.00244011,0,0.00133097,0,0.0210736,0.122449,0,0.0780834,0.0787489,0.0634428,0.0235138,0.000443656,0.0195209,0,0.273736,0.0104259,0.0232919,0.054126,0.0439219,0.00244011,0,0.106477,0,0,0,0.000443656,0.0119787,0.000665484,0,0,0.0161934,0,0,0.00110914,0,0.00244011
61500,0,0,0,0,0,0,0,0,0,0,0,0,0,0,0,0,0,0,0,0,0,0,0,0,0,0,0,0,0,0,0,0,0,0,0,0,0,0.011781,0,0.019173,0,0,0,0,0,0,0,0,0,0,0.001155,0,0.001848,0.015708,0,0,0.002079,0,0,0.000231,0,0.000924001,0,0.002079,0.000693001,0,0.001617,0,0.00462,0.149919,0.000462,0.0584431,0.0656041,0.0614461,0.015015,0,0.012936,0,0.270732,0.00231,0.042966,0.0605221,0.045969,0.000924001,0,0.112959,0,0,0.000231,0.000231,0.00970201,0.002541,0,0,0.023793,0,0.000924001,0.000462,0,0
61550,0,0,0,0,0,0,0,0,0,0,0,0,0,0,0,0,0,0,0,0,0,0,0,0,0,0,0,0,0,0,0,0,0,0,0,0,0,0.00615977,0,0.0173244,0,0,0,0,0,0,0,0,0,0,0.000962464,0,0.000577478,0.0179018,0,0,0.00134745,0,0.00192493,0.000192493,0.000962464,0.000577478,0,0.00192493,0.00134745,0,0.000769971,0.000192493,0.00384986,0.157267,0,0.079692,0.0702599,0.0677575,0.00481232,0,0.0446583,0.00115496,0.209432,0.00615977,0.0309913,0.0706449,0.025409,0.00384986,0,0.133205,0,0,0,0,0.0053898,0.00134745,0,0,0.0311838,0,0,0,0,0.000769971
61600,0,0,0,0,0,0,0,0,0,0,0,0,0,0,0,0,0,0,0,0,0,0,0,0,0,0,0,0,0,0,0,0,0,0,0,0,0,0.00878349,0,0.0197628,0.000219587,0,0,0,0,0,0,0,0,0,0.000878349,0.000219587,0,0.016469,0,0,0.00197628,0,0.000878349,0.000439174,0.00570927,0.00153711,0.00109794,0.00592885,0.00285463,0,0,0,0.00768555,0.181599,0.00131752,0.100791,0.0685112,0.0880545,0.000658762,0.000439174,0.0147123,0,0.220026,0.00922266,0.0223979,0.0529205,0.0346948,0.00329381,0,0.0996926,0,0,0,0.000219587,0.00241546,0.000658762,0,0,0.023935,0,0,0,0,0
61650,0,0,0,0,0,0,0,0,0,0,0,0,0,0,0,0,0,0,0,0,0,0,0,0,0,0,0,0,0,0,0,0,0,0,0,0,0,0.0173314,0,0.0208927,0,0,0,0,0,0,0,0,0,0,0.0042735,0,0,0.00474834,0,0,0.000474834,0,0.000474834,0.0014245,0.00498575,0.0014245,0.000237417,0.00664767,0,0,0.0014245,0.000474834,0.00356125,0.180437,0.00261159,0.0840456,0.0883191,0.0937797,0.00261159,0,0.0125831,0,0.197293,0.00973409,0.0394112,0.0819088,0.0192308,0.00593542,0,0.0982906,0,0,0,0,0.000949668,0.00118708,0,0,0.0130579,0,0,0,0,0.000237417
61700,0,0,0,0,0,0,0,0,0,0,0,0,0,0,0,0,0,0,0,0,0,0,0,0,0,0,0,0,0,0,0,0,0,0,0,0,0,0.00453858,0,0.01412,0,0,0,0,0,0,0,0,0,0,0.001765,0.00100857,0,0.0126072,0,0,0.000504286,0,0.00226929,0.00403429,0.00579929,0.0075643,0,0.00806858,0,0,0.001765,0,0.00983359,0.128089,0.00630358,0.0824508,0.104639,0.0718608,0.00302572,0,0.01765,0,0.183056,0.00907716,0.0428643,0.0973273,0.0373172,0.0143722,0,0.0980837,0,0,0,0,0.00100857,0.000252143,0,0,0.0287443,0,0,0,0,0
61750,0,0,0,0,0,0,0,0,0,0,0,0,0,0,0,0,0,0,0,0,0,0,0,0,0,0,0,0,0,0,0,0,0,0,0,0,0,0.00359408,0,0.0143763,0,0,0,0,0,0,0,0,0,0,0.00169133,0,0,0.0302326,0,0,0.00317125,0,0.00211416,0.00317125,0.00972516,0.00549683,0,0.000845666,0,0,0.000845666,0,0.00338266,0.0909091,0.000211416,0.0856237,0.111839,0.0600423,0.00211416,0.00147992,0.0232558,0.000211416,0.189218,0.00909091,0.0340381,0.0932347,0.0357294,0.0200846,0,0.129387,0,0,0,0.000211416,0.00782241,0.000634249,0,0,0.0262156,0,0,0,0,0
61800,0,0,0,0,0,0,0,0,0,0,0,0,0,0,0,0,0,0,0,0,0,0,0,0,0,0,0,0,0,0,0,0,0,0,0,0,0,0.00427263,0,0.0207528,0,0,0,0,0,0,0,0,0,0,0.00284842,0.00305188,0,0.0203459,0,0,0.00325534,0,0.00142421,0.0069176,0.00406918,0.00366226,0,0.000406918,0,0,0,0.000406918,0.00467955,0.101729,0.00101729,0.0569685,0.0946083,0.0579858,0.00203459,0,0.0347915,0,0.233978,0.0130214,0.0301119,0.0813835,0.0254323,0.00325534,0,0.156663,0.000203459,0,0,0.000610376,0.00590031,0.000406918,0,0,0.0238047,0,0,0,0,0
61850,0,0,0,0,0,0,0,0,0,0,0,0,0,0,0,0,0,0,0,0,0,0,0,0,0,0,0,0,0,0,0,0,0,0,0,0,0,0.00334588,0,0.0121288,0,0,0,0,0,0,0,0,0,0,0.00209118,0.00125471,0,0.0215391,0,0.000209118,0,0,0.000418235,0.00083647,0.003555,0.00125471,0,0.00083647,0,0,0.00125471,0.00334588,0.000627353,0.108114,0.00397323,0.0602258,0.0828105,0.0595985,0.00146382,0.00104559,0.0326223,0,0.249268,0.00815558,0.0437056,0.07821,0.0330406,0.00982852,0,0.160184,0,0,0,0.00104559,0.00188206,0.00188206,0,0,0.00982852,0,0,0,0.000418235,0
61900,0,0,0,0,0,0,0,0,0,0,0,0,0,0,0,0,0,0,0,0,0,0,0,0,0,0,0,0,0,0,0,0,0,0,0,0,0,0.00392238,0,0.0148637,0,0,0,0,0,0,0,0,0,0.000412882,0.00433526,0,0,0.0167217,0,0,0,0,0.00165153,0.00206441,0.0119736,0.0035095,0,0.000825764,0,0,0.00185797,0.000206441,0.00144509,0.0990917,0.0148637,0.0600743,0.0749381,0.0423204,0.000412882,0.0132122,0.0344756,0.00227085,0.242775,0.0136251,0.0429397,0.0668869,0.0534682,0.00660611,0,0.150495,0,0,0,0.00206441,0.00185797,0,0,0,0.0111478,0,0,0,0,0.00268373
61950,0,0,0,0,0,0,0,0,0,0,0,0,0,0,0,0,0,0,0,0,0,0,0,0,0,0,0,0,0,0,0,0,0,0,0,0,0,0.00748023,0,0.0215858,0,0,0,0,0,0,0,0,0,0,0.0051293,0,0,0.010686,0,0.000213721,0,0.000427442,0.0051293,0.00213721,0.00470186,0.000427442,0,0,0,0.0010686,0.000854884,0.000854884,0.000427442,0.104723,0.0205172,0.0645437,0.0914725,0.0583458,0,0.00213721,0.031417,0,0.199188,0.0149605,0.0442402,0.0677495,0.0536439,0.0252191,0,0.111562,0,0,0,0.00363325,0.00277837,0,0,0,0.0412481,0,0,0,0,0.00149605
62000,0,0,0,0,0,0,0,0,0,0,0,0,0,0,0,0,0,0,0,0,0,0,0,0,0,0,0,0,0,0,0,0,0,0,0,0,0,0.00107319,0,0.0122344,0,0,0,0,0,0,0,0,0,0,0.00493668,0,0,0.012449,0,0,0,0,0.00193175,0.00364885,0.00772698,0,0,0.00214638,0,0,0.00429277,0.00257566,0.000858553,0.114188,0.0266152,0.0901481,0.0841382,0.0495815,0,0.000858553,0.0218931,0,0.159691,0.017815,0.0343421,0.0869285,0.0435716,0.0352007,0,0.148744,0,0,0,0.0105173,0.00171711,0.000429277,0,0,0.0191028,0,0,0,0,0.000643915
62050,0,0,0,0,0,0,0,0,0,0,0,0,0,0,0,0,0,0,0,0,0,0,0,0,0,0,0,0,0,0,0,0,0,0,0,0,0,0.00140449,0,0.0062199,0,0,0,0,0,0,0,0,0,0.000401284,0.00200642,0,0,0.00441413,0,0,0.000601926,0,0.0114366,0.00140449,0.00200642,0,0,0.00321027,0,0.000200642,0.000802568,0.000802568,0.0024077,0.108146,0.0216693,0.0806581,0.107544,0.0527689,0.00100321,0,0.0345104,0.00100321,0.209069,0.0108347,0.0337079,0.0997191,0.0262841,0.0182584,0,0.133226,0.000200642,0,0,0.000200642,0,0.000601926,0,0,0.0232745,0,0,0,0,0
62100,0,0,0,0,0,0,0,0,0,0,0,0,0,0,0,0,0,0,0,0,0,0,0,0,0,0,0,0,0,0,0,0,0,0,0,0,0,0.00262221,0,0.0112381,0,0,0,0,0,0,0,0,0,0,0.00112381,0.000936505,0,0.00299682,0,0,0.00280951,0,0.00449522,0.000561903,0.00973965,0,0,0.0108635,0,0,0.00168571,0,0.00262221,0.106762,0.0207904,0.0988949,0.100955,0.061622,0.00262221,0,0.0235999,0.000561903,0.203034,0.0168571,0.0455141,0.0992695,0.0333396,0.00524443,0,0.104139,0,0,0,0.00505713,0.00187301,0.000936505,0,0,0.0172317,0,0,0,0,0
62150,0,0,0,0,0,0,0,0,0,0,0,0,0,0,0,0,0,0,0,0,0,0,0,0,0,0,0,0,0,0,0,0,0.000215285,0,0,0,0,0.00301399,0,0.0129171,0,0,0,0,0,0,0,0,0.000215285,0,0.000861141,0.00301399,0.00107643,0.00107643,0,0,0,0,0.000861141,0.000430571,0.0144241,0,0,0.0088267,0,0,0.00193757,0.00322928,0.000861141,0.0721206,0.0155005,0.0846071,0.0910657,0.0693219,0.00129171,0.00107643,0.0292788,0,0.256835,0.00753498,0.0396125,0.0848224,0.0282024,0.0058127,0,0.11324,0,0,0.000430571,0.0163617,0.000430571,0,0,0.000215285,0.0290635,0,0,0,0,0.000215285
62200,0,0,0,0,0,0,0,0,0,0,0,0,0,0,0,0,0,0,0,0,0,0,0,0,0,0,0,0,0,0,0,0,0,0,0,0,0,0.00688791,0,0.00500939,0.000626174,0,0,0,0,0,0.000417449,0,0,0,0.00146107,0.00814026,0,0.00125235,0,0,0,0,0.00730536,0,0.0016698,0.000208725,0,0.00459194,0.00125235,0,0.000417449,0.00417449,0,0.07201,0.0114799,0.0868295,0.0966395,0.0507201,0.00208725,0.000626174,0.0563557,0.000626174,0.265707,0.00730536,0.0277604,0.0895429,0.0369443,0.00375704,0,0.115425,0,0,0,0.00876644,0.000834899,0.000208725,0,0,0.0229597,0,0,0,0,0
62250,0,0,0,0,0,0,0,0,0,0,0,0,0,0,0,0,0,0,0,0,0,0,0,0,0,0,0,0,0,0,0,0,0,0,0,0,0,0.00517491,0,0.00972883,0,0,0,0,0,0,0.000413993,0.00206996,0,0,0.00165597,0.00103498,0,0.00372594,0,0,0.000206996,0,0.00144898,0,0.00496792,0.000620989,0,0.0055889,0.00206996,0,0.000413993,0.00393293,0,0.0823846,0.0161457,0.0753467,0.0958394,0.0474022,0.00496792,0.00496792,0.0240116,0,0.267025,0.00869385,0.0420203,0.0908715,0.0440903,0.00393293,0,0.126268,0.000206996,0,0,0.00745187,0.000206996,0.000413993,0,0,0.0146968,0,0,0,0,0
62300,0,0,0,0,0,0,0,0,0,0,0,0,0,0,0,0,0,0,0,0,0,0,0,0,0,0,0,0,0,0,0,0,0,0,0,0,0,0.00442648,0,0.0111624,0,0,0,0,0,0,0.00365666,0.00153965,0,0,0.00211701,0,0,0.00230947,0,0,0.000384911,0,0.0017321,0,0.0051963,0,0,0.00885296,0,0,0.000192456,0.00384911,0,0.112009,0.00789069,0.0438799,0.0931486,0.0319477,0.0017321,0.00442648,0.0221324,0,0.244611,0.00750577,0.0267513,0.0638953,0.0644727,0.00866051,0,0.190916,0.000577367,0,0,0.00769823,0.000192456,0,0,0,0.0221324,0,0,0,0,0
62350,0,0,0,0,0,0,0,0,0,0,0,0,0,0,0,0,0,0,0,0,0,0,0,0,0,0,0,0,0,0,0,0,0,0,0,0,0,0.00153315,0,0.0160981,0,0,0,0,0,0,0.00249138,0,0.000191644,0,0.00191644,0.000383289,0.00249138,0.0111154,0,0,0,0,0.000574933,0,0.00134151,0,0,0.00747413,0,0,0,0.00249138,0,0.108854,0.00919893,0.0488693,0.11307,0.0463779,0.00153315,0.00249138,0.0281717,0.00114987,0.231698,0.00210809,0.0346876,0.0659256,0.0461863,0.00747413,0,0.180337,0,0.000191644,0,0.00881564,0.000383289,0,0,0,0.0143733,0,0,0,0,0
62400,0,0,0,0,0,0,0,0,0,0,0,0,0,0,0,0,0,0,0,0,0,0,0,0,0,0,0,0,0,0,0,0,0,0,0,0,0,0.00250482,0,0.0238921,0,0,0,0,0,0,0,0,0.00423892,0,0,0,0.00154143,0.0142582,0,0,0,0,0.00250482,0,0.00423892,0.000192678,0,0.00847784,0,0,0.00154143,0,0,0.0780347,0.0111753,0.0531792,0.0921002,0.0574181,0.00192678,0.00289017,0.038343,0.00385356,0.224663,0.0127168,0.043738,0.0828516,0.0481696,0.0104046,0.000578035,0.142197,0,0,0.000192678,0.00789981,0,0,0.000192678,0,0.02158,0,0,0,0.00250482,0
62450,0,0,0,0,0,0,0,0,0,0,0,0,0,0,0,0,0,0,0,0,0,0,0,0,0,0,0,0,0.000181818,0,0,0,0,0,0,0,0,0.00163636,0,0.0369091,0,0,0,0,0,0,0,0.000727273,0.00727273,0,0.00181818,0,0.000363636,0.00745455,0,0,0.000363636,0,0.00163636,0,0.0178182,0,0,0.0103636,0,0,0,0.000181818,0.000181818,0.0972727,0.00563636,0.0418182,0.0905455,0.0510909,0.000909091,0.00145455,0.0365455,0.004,0.192727,0.000909091,0.0505455,0.0823636,0.044,0.0256364,0.000363636,0.134364,0,0.000181818,0,0.00727273,0.000727273,0.000181818,0,0,0.0345455,0.000727273,0,0,0.00927273,0
62500,0,0,0,0,0,0,0,0,0,0,0,0,0,0,0,0,0,0,0,0,0,0,0,0,0,0,0,0,0,0,0,0,0,0,0,0,0,0.001228,0.000204666,0.0108473,0,0,0,0,0,0,0,0.000409333,0.000818666,0,0.00716332,0.00675399,0.000613999,0.0114613,0,0,0.00266066,0,0.001228,0,0.00634466,0.000613999,0,0.00102333,0,0.000204666,0.000409333,0.000204666,0,0.0790012,0.0100287,0.0841179,0.109701,0.0505526,0.0106427,0.00307,0.0231273,0,0.185837,0.002456,0.0380679,0.0712239,0.0378633,0.0450266,0,0.143062,0.000409333,0,0,0.0126893,0.002456,0,0.000204666,0,0.0307,0,0,0,0.00757266,0
62550,0,0,0,0,0,0,0,0,0,0,0,0,0,0,0,0,0,0,0,0,0,0,0,0,0,0,0,0,0,0,0,0,0,0,0,0,0,0.00258809,0,0.0155286,0,0,0,0,0,0,0,0.000995421,0.00238901,0,0.00995421,0,0.000597253,0.0179176,0,0,0.0113478,0,0.00497711,0,0.00776428,0.00497711,0,0.0037826,0,0,0.000398168,0.000199084,0.00119451,0.0579335,0.00836154,0.0875971,0.0750547,0.0467848,0.00995421,0.00537527,0.0234919,0.00338443,0.229544,0.00955604,0.0366315,0.0688831,0.0467848,0.0193112,0,0.161656,0.00119451,0,0,0.0075652,0.00119451,0.000199084,0.000796337,0,0.0137368,0,0,0,0.000398168,0
62600,0,0,0,0,0,0,0,0,0,0,0,0,0,0,0,0,0,0,0,0,0,0,0,0,0,0,0,0,0,0,0,0,0,0,0,0,0,0.00250096,0,0.0248172,0,0,0,0,0,0,0,0.000769527,0.000961908,0,0.0111581,0,0,0.0063486,0,0,0.00346287,0,0.0107734,0,0.00365525,0.000384763,0,0.000384763,0,0,0,0.000961908,0,0.0659869,0.010581,0.0871489,0.0929204,0.0388611,0.0142362,0.0073105,0.0328973,0.00230858,0.232974,0.00673336,0.0280877,0.0640631,0.060985,0.0259715,0.000961908,0.146402,0,0,0,0.000961908,0.000577145,0,0.00480954,0,0.00519431,0,0,0,0.00384763,0
62650,0,0,0,0,0,0,0,0,0,0,0,0,0,0,0,0,0,0,0,0,0,0,0,0,0,0,0,0,0,0,0,0,0,0,0,0,0,0.00142704,0,0.0105244,0,0,0,0,0,0,0,0,0.00017838,0,0.0114163,0,0,0.00784873,0.00017838,0,0.00374599,0,0.00445951,0,0.00392437,0,0,0.00374599,0,0,0,0.000356761,0,0.0818766,0.0124866,0.0931145,0.0754549,0.0442383,0.00802711,0.00285408,0.0611844,0.000535141,0.231359,0.0187299,0.0288976,0.0522654,0.0615412,0.0301463,0,0.127364,0,0,0,0.00660007,0,0,0.00856225,0,0.00695683,0,0,0,0,0
62700,0,0,0,0,0,0,0,0,0,0,0,0,0,0,0,0,0,0,0,0,0,0,0,0,0,0,0,0,0,0,0,0,0,0,0,0,0,0.00161667,0,0.0132926,0,0,0,0,0,0,0,0,0,0,0.00161667,0.00053889,0,0.0129334,0,0,0.00071852,0,0.00197593,0,0.00017963,0,0,0.00934076,0,0,0.00017963,0.00395186,0.00017963,0.122508,0.00736483,0.0740075,0.104185,0.034489,0.00664631,0.00395186,0.0556853,0.00053889,0.199928,0.0136519,0.0362853,0.034489,0.0873002,0.0089815,0,0.148913,0,0,0,0.0017963,0,0.00233519,0.00754446,0,0.00215556,0,0,0.00071852,0,0
62750,0,0,0,0,0,0,0,0,0,0,0,0,0,0,0,0,0,0,0,0,0,0,0,0,0,0,0,0,0,0,0,0,0,0,0,0,0,0.00284799,0,0.00943396,0,0,0,0,0,0,0,0,0.000177999,0,0.00142399,0.000177999,0,0.01068,0,0,0,0,0.00302599,0,0,0.000355999,0,0.00195799,0,0,0.000889996,0.00195799,0,0.12371,0.0252759,0.0592738,0.111962,0.0350659,0.00569598,0.00516198,0.0277679,0.000533998,0.210395,0.0163759,0.0306159,0.0364899,0.0583838,0.00587398,0,0.198469,0,0,0,0.00177999,0,0.00284799,0.00622998,0,0.00516198,0,0,0,0,0
62800,0,0,0,0,0,0,0,0,0,0,0,0,0,0,0,0,0,0,0,0,0,0,0,0,0,0,0,0,0,0,0,0,0,0,0,0,0,0.00399411,0,0.0159765,0,0,0,0,0,0,0,0.000210217,0.000210217,0,0.00273281,0.0025226,0,0.0151356,0,0,0,0,0.00315325,0.000210217,0.00231238,0.000210217,0,0.00189195,0,0,0.00231238,0.00357368,0,0.120244,0.0351062,0.0430944,0.100063,0.0403616,0.00861888,0.00756779,0.0397309,0.000210217,0.209796,0.0117721,0.031112,0.0481396,0.0710532,0.00567585,0,0.151566,0.00273281,0,0,0.00105108,0,0.00168173,0.00882909,0,0.00714736,0,0,0,0,0
62850,0,0,0,0,0,0,0,0,0,0,0,0,0,0,0,0,0,0,0,0,0,0,0,0,0,0,0,0,0,0,0,0,0,0,0,0,0,0.00183486,0,0.0183486,0,0,0,0,0,0,0,0,0.000203874,0,0.00346585,0.00142712,0,0.0110092,0,0,0.000407747,0,0.0120285,0.000815494,0.000611621,0.00265036,0,0.000611621,0.00203874,0,0.00203874,0.00346585,0.000611621,0.119266,0.014475,0.0795107,0.0740061,0.0609582,0.00407747,0.00285423,0.0413863,0.00163099,0.198573,0.00856269,0.0295617,0.0279307,0.0850153,0.00591233,0,0.163099,0.00326198,0,0,0.00183486,0,0.00183486,0.00591233,0,0.00876656,0,0,0,0,0
62900,0,0,0,0,0,0,0,0,0,0,0,0,0,0,0,0,0,0,0,0,0,0,0,0,0,0,0,0,0,0,0,0,0,0,0,0,0,0.000791766,0,0.0148456,0.000197941,0,0,0,0,0,0,0,0.00158353,0,0.00178147,0.00118765,0,0.0120744,0,0,0.000989707,0,0.00197941,0,0.000197941,0.00455265,0,0.000395883,0.0023753,0,0,0.00118765,0.00356295,0.143705,0.0253365,0.0841251,0.0736342,0.047308,0.00712589,0.00316706,0.0290974,0.0023753,0.203286,0.0152415,0.0322644,0.0285036,0.0704671,0.00494854,0,0.153603,0.000197941,0,0.000197941,0.00613618,0,0.000197941,0.0104909,0,0.0104909,0,0.000197941,0,0,0.000197941
62950,0,0,0,0,0,0,0,0,0,0,0,0,0,0,0,0,0,0,0,0,0,0,0,0,0,0,0,0,0,0,0,0,0,0,0,0,0,0.000200481,0,0.026263,0,0,0,0,0,0,0,0,0,0,0.000200481,0.00180433,0,0.0204491,0,0.000200481,0,0.000200481,0.0110265,0,0.00481155,0.0042101,0,0,0.00360866,0,0,0.000400962,0.00300722,0.11247,0.0188452,0.0711708,0.0789896,0.0527265,0.00360866,0.00180433,0.0515237,0.0032077,0.227346,0.0170409,0.0198476,0.058741,0.0805934,0.00501203,0,0.113272,0,0,0,0.000200481,0,0,0.00240577,0,0.00461107,0,0.000200481,0,0,0
63000,0,0,0,0,0,0,0,0,0,0,0,0,0,0,0,0,0,0,0,0,0,0,0,0,0,0,0,0,0,0,0,0,0,0,0,0,0,0.00429272,0,0.0255519,0,0,0,0,0,0,0,0,0.000817661,0,0.000613246,0,0,0.0159444,0,0,0,0,0.0167621,0,0.00204415,0,0,0.00408831,0.00122649,0,0,0.00224857,0.00858545,0.11018,0.0378168,0.0607114,0.0901472,0.0271872,0.010834,0,0.0357727,0.000204415,0.211774,0.0102208,0.0302535,0.0637776,0.0670482,0.00572363,0,0.138594,0.00204415,0.000204415,0,0.000204415,0,0,0.00347506,0,0.00858545,0,0.00306623,0,0,0
63050,0,0,0,0,0,0,0,0,0,0,0,0,0,0,0,0,0,0,0,0,0,0,0,0,0,0,0,0,0,0,0,0,0,0,0,0,0,0.00480192,0,0.0156062,0,0,0,0,0,0,0,0,0.00120048,0,0,0,0.0020008,0.00540216,0,0,0.00020008,0,0.00820328,0,0,0,0,0.0020008,0.00040016,0,0,0,0.00240096,0.0976391,0.0504202,0.0564226,0.0944378,0.0420168,0.0186074,0.00020008,0.0402161,0.00280112,0.155262,0.0148059,0.0236094,0.0456182,0.095038,0.00520208,0,0.197479,0.00060024,0,0,0,0,0,0.0010004,0,0.0128051,0,0.00240096,0,0.00120048,0
63100,0,0,0,0,0,0,0,0,0,0,0,0,0,0,0,0,0,0,0,0,0,0,0,0,0,0,0,0,0,0,0,0,0,0,0,0,0,0.000197433,0,0.0120434,0,0,0,0,0,0,0,0,0.000789733,0,0.00157947,0.000197433,0,0.00493583,0,0,0,0,0.00552813,0,0,0,0.000987167,0.0130306,0.000197433,0.000197433,0.0005923,0.00197433,0.000789733,0.100691,0.0483712,0.0801579,0.10385,0.0262586,0.0211254,0,0.0614018,0.00454097,0.175518,0.011846,0.0134255,0.0614018,0.0758144,0.00375123,0,0.139191,0.0138203,0,0,0,0.0005923,0.0017769,0.0011846,0,0.0082922,0,0.000987167,0,0.00256663,0.000394867
63150,0,0,0,0,0,0,0,0,0,0,0,0,0,0,0,0,0,0,0,0,0,0,0,0,0,0,0,0,0,0,0,0,0,0,0,0,0,0.000806777,0,0.00968132,0,0.000201694,0,0.000201694,0,0,0,0,0,0,0.00282372,0.000403388,0,0.00262203,0,0,0,0,0.00665591,0,0,0,0,0.00403388,0,0,0.00262203,0.000806777,0.00100847,0.0881404,0.0580879,0.08572,0.0980234,0.0334812,0.0187576,0,0.041549,0.00201694,0.225494,0.00282372,0.0161355,0.0609117,0.0530456,0.00443727,0,0.159137,0.00504236,0,0,0,0,0.00100847,0.00121017,0,0.0112949,0,0,0,0.00181525,0
63200,0,0,0,0,0,0,0,0,0,0,0,0,0,0,0,0,0,0,0,0,0,0,0,0,0,0,0,0,0,0,0,0,0,0,0,0,0,0.000406587,0,0.00426916,0,0,0,0,0,0,0,0,0,0,0.00142305,0,0,0.00365928,0,0,0,0,0.0191096,0,0.000406587,0,0.000203293,0.000406587,0,0,0.00121976,0,0.0030494,0.0890425,0.0754218,0.0760317,0.0961578,0.0327302,0.00650539,0.00060988,0.0260215,0.00060988,0.264078,0.00345599,0.0144338,0.0451311,0.0861964,0.0115877,0,0.096361,0.00243952,0.000203293,0,0,0,0,0.00670868,0,0.0321203,0,0,0,0,0
63250,0,0,0,0,0,0,0,0,0,0,0,0,0,0,0,0,0,0,0,0,0,0,0,0,0,0,0,0,0,0,0,0,0,0,0,0,0,0.000925926,0,0.00351852,0,0,0,0,0,0,0,0,0,0,0.00185185,0,0,0.00481481,0,0,0,0,0.0062963,0.00185185,0.000555556,0,0,0,0,0.00111111,0.00222222,0.00296296,0.00277778,0.100926,0.0448148,0.0837037,0.0924074,0.045,0.00425926,0,0.0288889,0,0.252407,0.00592593,0.0301852,0.0564815,0.0840741,0.0103704,0,0.100556,0.00351852,0.000185185,0,0,0,0,0.00037037,0,0.027037,0,0,0,0,0
63300,0,0,0,0,0,0,0,0,0,0,0,0,0,0,0,0,0,0,0,0,0,0,0,0,0,0,0,0,0,0,0,0,0,0,0,0,0,0.00108499,0,0.00994575,0,0,0,0,0,0,0,0,0,0,0.00433996,0,0,0.00596745,0,0.000542495,0.000723327,0,0.0211573,0.000904159,0,0,0,0.000180832,0.000542495,0,0.000180832,0,0.000361664,0.0766727,0.0370705,0.11085,0.0750452,0.0481013,0.00144665,0.000180832,0.0213382,0,0.214467,0.00379747,0.0453888,0.0415913,0.0971067,0.00433996,0,0.159132,0.0039783,0,0,0,0,0.00524412,0.00108499,0,0.00705244,0,0,0.000180832,0,0
63350,0,0,0,0,0,0,0,0,0,0,0,0,0,0,0,0,0,0,0,0,0,0,0,0,0,0,0,0,0,0,0,0,0,0,0,0,0,0,0,0.00962889,0,0,0,0,0,0,0,0,0,0,0.0128385,0,0,0.0138415,0,0.00140421,0.000401204,0,0.0210632,0,0,0,0,0.00180542,0.00381143,0.000200602,0.00341023,0.000601805,0,0.0790371,0.0391174,0.0796389,0.0960883,0.048345,0.00160481,0.000200602,0.0282849,0,0.230692,0.0240722,0.0282849,0.0581745,0.0946841,0.00401204,0,0.104313,0.00180542,0,0,0,0,0.00140421,0.000200602,0,0.0108325,0,0,0,0,0.000200602
63400,0,0,0,0,0,0,0,0,0,0,0,0,0,0,0,0,0,0,0,0,0,0,0,0,0,0,0,0,0,0,0,0,0,0,0,0,0,0.00316279,0,0.00483721,0,0,0,0,0,0.000186047,0,0,0,0,0.0150698,0,0,0.0184186,0,0,0.000930233,0,0.00967442,0,0,0,0,0.00372093,0.00223256,0,0.00465116,0.000372093,0.00539535,0.0731163,0.0463256,0.0866977,0.0835349,0.0346047,0.00223256,0.00130233,0.0221395,0,0.228465,0.0102326,0.0290233,0.0891163,0.0902326,0.00762791,0,0.0943256,0.0027907,0,0,0.000186047,0,0.00539535,0.00148837,0.00186047,0.0206512,0,0,0,0,0
63450,0,0,0,0,0,0,0,0,0,0,0,0,0,0,0,0,0,0,0,0,0,0,0,0,0,0,0,0,0,0,0,0,0,0,0,0,0,0.00383916,0,0.00909275,0,0,0,0,0.000202061,0,0,0,0,0,0.0155587,0,0,0.0111134,0.000808244,0,0,0,0.00444534,0.000202061,0,0,0,0.00666801,0.00181855,0,0.000606183,0,0.00282885,0.0604162,0.0450596,0.0919378,0.0967872,0.0484946,0.00323298,0.00505153,0.049707,0,0.20489,0.0119216,0.0424328,0.0452617,0.066074,0.0101031,0,0.128511,0.00202061,0,0,0.00101031,0,0.00444534,0.00202061,0,0.0234391,0,0,0,0,0
63500,0,0,0,0,0,0,0,0,0,0,0,0,0,0,0,0,0,0,0,0,0,0,0,0,0,0,0,0,0,0,0,0,0,0,0,0,0,0.00327616,0,0.00886491,0,0,0,0,0,0,0,0.000192715,0,0,0.00732318,0,0,0.0177298,0.000192715,0.00346888,0,0,0.00809405,0,0,0,0,0.00346888,0,0,0.000963577,0,0.00346888,0.0603199,0.0533822,0.0734246,0.0847948,0.0485643,0,0.00289073,0.0414338,0,0.218154,0.0050106,0.0283292,0.0689921,0.0811332,0.00790133,0,0.150703,0.0025053,0,0,0.00115629,0,0,0.00115629,0.000963577,0.0105993,0.000192715,0,0,0,0.00134901
63550,0,0,0,0,0,0,0,0,0,0,0,0,0,0,0,0,0,0,0,0,0,0,0,0,0,0,0,0,0,0,0,0,0,0,0,0,0,0.00117855,0,0.00412493,0,0,0,0,0,0,0,0.00039285,0,0,0.00805343,0,0,0.00962483,0.00137498,0.00353565,0.000589275,0,0.0194461,0,0,0.00255353,0,0.007857,0,0,0,0,0.00137498,0.0624632,0.0416421,0.0665881,0.0748379,0.0689452,0,0,0.0204282,0,0.278924,0.0015714,0.0251424,0.0689452,0.0730701,0.0192497,0,0.112552,0,0,0.000982125,0.0023571,0,0.000196425,0.0062856,0.0047142,0.00687488,0.0039285,0,0,0,0.000196425
63600,0,0,0,0,0,0,0,0,0,0,0,0,0,0,0,0,0,0,0,0,0,0,0,0,0,0,0,0,0,0,0,0,0,0,0,0,0,0.00497909,0,0.00278829,0,0,0,0,0,0,0,0,0,0,0.00557658,0,0,0.0171281,0,0.000597491,0,0,0.012149,0,0,0.0021908,0,0.0111532,0,0,0.000199164,0,0.000398327,0.0653256,0.0364469,0.063334,0.0977893,0.0561641,0,0,0.018323,0.000796654,0.222665,0.00238996,0.051185,0.0981876,0.0756821,0.0135431,0,0.120295,0,0,0.000199164,0.000398327,0,0,0.00697072,0.00697072,0.00298745,0.00318662,0,0,0,0
63650,0,0,0,0,0,0,0,0,0,0,0,0,0,0,0,0,0,0,0,0,0,0,0,0,0,0,0,0,0,0,0,0,0,0,0,0,0,0.00202392,0,0.00331187,0,0,0,0,0,0,0,0,0,0,0.0049678,0,0,0.0125115,0.000183993,0.00202392,0.000183993,0,0.0103036,0,0,0,0,0.0106716,0,0.00128795,0,0,0.000367985,0.0557498,0.0156394,0.0772769,0.0848206,0.0675253,0.00165593,0,0.0189512,0,0.25943,0.00846366,0.0436063,0.0673413,0.0599816,0.0143514,0,0.141122,0.00202392,0.00312787,0.000735971,0,0,0,0.0110396,0.00625575,0.00975161,0.00331187,0,0,0,0
63700,0,0,0,0,0,0,0,0,0,0,0,0,0,0,0,0,0,0,0,0,0,0,0,0,0,0,0,0,0,0,0,0,0,0,0,0,0,0.00174622,0,0.00620877,0,0,0,0,0,0,0,0,0,0,0.00194024,0,0,0.0168801,0,0,0.00407451,0,0.0106713,0,0,0,0,0.0104773,0,0,0.000388048,0,0.00271634,0.0376407,0.0128056,0.0822662,0.0925495,0.0556849,0.000388048,0,0.0219247,0.00116414,0.264261,0.0102833,0.0626698,0.056655,0.039969,0.016492,0,0.145906,0.00388048,0,0,0.00232829,0,0,0.00601475,0.00679084,0.016298,0.00892511,0,0,0,0
63750,0,0,0,0,0,0,0,0,0,0,0,0,0,0,0,0,0,0,0,0,0,0,0,0,0,0,0,0,0,0,0,0,0,0,0,0,0,0.000517241,0,0.00396552,0,0,0,0,0,0,0,0,0,0,0.00396552,0,0,0.0118966,0,0.000172414,0.00413793,0,0.00741379,0,0,0,0,0.00534483,0,0,0,0,0,0.0496552,0.0136207,0.0774138,0.108793,0.0396552,0,0.00293103,0.0277586,0.000689655,0.29431,0.00672414,0.0665517,0.0489655,0.0518966,0.0212069,0,0.0993103,0.00327586,0,0,0.000862069,0,0,0.00189655,0.0153448,0.0298276,0.00189655,0,0,0,0
63800,0,0,0,0,0,0,0,0,0,0,0,0,0,0,0,0,0,0,0,0,0,0,0,0,0,0,0,0,0,0,0,0,0,0,0,0,0,0.00146306,0,0.0051207,0,0,0,0,0,0,0,0,0,0,0.0104243,0,0,0.0131675,0,0,0.00548647,0,0.00402341,0,0,0.000365764,0,0.00786394,0,0,0.00274323,0,0,0.0623628,0.00969276,0.0665691,0.066752,0.0393197,0.000548647,0,0.0352963,0,0.273958,0.00219459,0.0623628,0.0565106,0.0566935,0.0117045,0,0.124177,0.00164594,0,0,0.00859546,0.000548647,0.000182882,0.00457206,0.0212143,0.0371251,0.00713241,0,0.000182882,0,0
63850,0,0,0,0,0,0,0,0,0,0,0,0,0,0,0,0,0,0,0,0,0,0,0,0,0,0,0,0,0,0,0,0,0,0,0,0,0,0.00522042,0,0.00773395,0,0,0,0,0,0,0,0,0,0,0.00348028,0,0,0.00657386,0,0,0.000193349,0.000193349,0.00928074,0,0,0,0,0.00367363,0,0,0.000966744,0,0,0.0781129,0.0224285,0.0558778,0.0638051,0.0189482,0.00193349,0.000386698,0.0458237,0,0.255607,0.00889404,0.0680588,0.0676721,0.0678654,0.0253287,0,0.122003,0,0,0,0.0117943,0,0,0.00212684,0.0141145,0.0251353,0.00676721,0,0,0,0
63900,0,0,0,0,0,0,0,0,0,0,0,0,0,0,0,0,0,0,0,0,0,0,0,0,0,0,0,0,0,0,0,0,0,0,0,0,0,0.00625978,0,0.00312989,0,0,0,0,0,0,0,0.000195618,0,0,0.00332551,0,0,0.00919405,0,0,0,0,0.00880282,0,0.000782473,0,0,0.00312989,0,0,0.00410798,0,0,0.0788341,0.0224961,0.0708138,0.073748,0.0264085,0.000195618,0,0.0408842,0,0.247261,0.00489045,0.0606416,0.0714006,0.0606416,0.0197574,0,0.119131,0,0,0,0.021518,0.00117371,0,0.0119327,0.00547731,0.0146714,0.00802034,0,0,0.000978091,0.000195618
63950,0,0,0,0,0,0,0,0,0,0,0,0,0,0,0,0,0,0,0,0,0,0,0,0,0,0,0,0,0,0,0,0,0,0,0,0,0,0.00652529,0,0.000815661,0,0,0,0,0,0,0,0,0,0,0.00122349,0,0.00040783,0.00591354,0,0.000203915,0.000203915,0,0.00387439,0,0,0,0,0.000815661,0,0,0.00387439,0,0,0.0954323,0.0212072,0.0418026,0.0662724,0.0263051,0,0.000815661,0.0589315,0,0.26407,0.00448613,0.0676998,0.0519984,0.0460848,0.0101958,0,0.129894,0,0,0,0.0101958,0.0040783,0,0.019168,0.0103997,0.0305873,0.0161093,0,0,0,0.00040783
64000,0,0,0,0,0,0,0,0,0,0,0,0,0,0,0,0,0,0,0,0,0,0,0,0,0,0,0,0,0,0,0,0,0,0,0,0,0,0.00345669,0,0.00732005,0,0,0,0,0,0,0,0,0,0,0.000406669,0,0,0.00589671,0,0.00122001,0,0,0.0046767,0,0.000203335,0,0.00284669,0.00284669,0,0,0,0,0,0.0829606,0.0294835,0.0719805,0.0614071,0.047377,0,0,0.046767,0,0.239325,0.00691338,0.0536804,0.0400569,0.0557137,0.00711671,0,0.127898,0,0,0,0.0189101,0.00366002,0,0.0103701,0.0172834,0.0258235,0.0244002,0,0,0,0
64050,0,0,0,0,0,0,0,0,0,0,0,0,0,0,0,0,0,0,0,0,0,0,0,0,0,0,0,0,0,0,0,0,0,0,0,0,0,0.00320513,0,0.00623219,0,0,0,0,0,0,0,0,0,0,0.0014245,0,0,0.00587607,0,0.000890313,0,0,0.000890313,0,0,0,0.000712251,0.00302707,0,0,0.000890313,0.000890313,0.000356125,0.108618,0.0327635,0.0614316,0.059651,0.042557,0.000178063,0.000356125,0.039886,0,0.229345,0.0117521,0.0308048,0.0678419,0.0610755,0.0122863,0,0.150641,0,0,0.000178063,0.0217236,0.00267094,0,0.00356125,0.0176282,0.0167379,0.00338319,0,0,0,0.000534188
64100,0,0,0,0,0,0,0,0,0,0,0,0,0,0,0,0,0,0,0,0,0,0,0,0,0,0,0,0,0,0,0,0,0,0,0,0.000365564,0,0.0071285,0,0.00310729,0,0,0,0,0,0,0.000182782,0.000182782,0,0,0.000548346,0,0,0.00475233,0,0,0.00146226,0,0.00274173,0.000548346,0,0,0,0.00109669,0,0.000548346,0.00091391,0,0.000731128,0.101992,0.0255895,0.0488028,0.0555657,0.0420398,0,0,0.0265034,0.000182782,0.247852,0.00548346,0.0323524,0.070371,0.0860903,0.0164504,0.000731128,0.179675,0,0,0,0.0109669,0.00219338,0.000365564,0.00127947,0.00456955,0.0118808,0.00475233,0,0,0,0
64150,0,0,0,0,0,0,0,0,0,0,0,0,0,0,0,0,0,0,0,0,0,0,0,0,0,0,0,0,0,0,0,0,0,0,0,0,0,0.00898326,0,0.0106166,0.000204165,0,0,0,0,0,0,0,0,0,0.00122499,0,0,0.0177624,0,0,0,0,0.00387913,0.00122499,0,0,0,0.0034708,0,0,0.000204165,0,0.00306247,0.104737,0.0351164,0.0455288,0.0786035,0.0626786,0,0,0.0261331,0,0.176194,0.00224581,0.0469579,0.0587995,0.0796243,0.0187832,0.000612495,0.162107,0.000204165,0,0,0.00326664,0.00102082,0,0.00102082,0.00449163,0.0330747,0.0081666,0,0,0,0
64200,0,0,0,0,0,0,0,0,0,0,0,0,0,0,0,0,0,0,0,0,0,0,0,0,0,0,0,0,0,0,0,0,0,0,0,0,0,0.00825688,0,0.00862385,0,0,0,0,0,0,0,0,0,0,0.000183486,0,0,0.0119266,0,0,0,0,0.00899083,0.000733945,0,0,0,0.00201835,0,0,0,0.000183486,0.000183486,0.093211,0.0458716,0.0310092,0.0693578,0.0489908,0.000550459,0,0.0240367,0.000183486,0.201101,0.000366972,0.0488073,0.0730275,0.0611009,0.0205505,0,0.189725,0,0,0,0.000917431,0.000917431,0.000183486,0.00146789,0.0117431,0.0282569,0.00752294,0,0,0,0
64250,0,0,0,0,0,0,0,0,0,0,0,0,0,0,0,0,0,0,0,0,0,0,0,0,0,0,0,0,0,0,0,0,0,0,0,0,0,0.0096463,0,0.00756573,0,0,0,0,0,0,0,0.000189143,0,0,0.00529601,0,0,0.0168337,0,0.000378286,0,0,0.00397201,0.00151315,0,0,0,0.000945716,0,0,0,0.000756573,0,0.091167,0.0242103,0.0497447,0.0707395,0.0486098,0.00151315,0,0.0508795,0,0.18328,0.000378286,0.059391,0.0595801,0.0637413,0.0253452,0,0.165122,0,0,0,0.000189143,0,0,0.00056743,0.0209949,0.0289389,0.00851144,0,0,0,0
64300,0,0,0,0,0,0,0,0,0,0,0,0,0,0,0,0,0,0,0,0,0,0,0,0,0,0,0,0,0,0,0,0.000381461,0,0,0,0,0,0.0043868,0,0.00591265,0,0,0,0,0,0,0,0,0,0,0.0104902,0,0,0.00820141,0,0.00019073,0,0,0.0087736,0,0,0,0,0.0043868,0,0,0,0,0,0.0909784,0.0282281,0.0499714,0.0799161,0.0474919,0,0,0.0202174,0,0.189586,0.00171657,0.0654206,0.0591265,0.0629411,0.0131604,0,0.16193,0,0.00019073,0,0,0,0.000953652,0.00610338,0.0305169,0.0474919,0,0,0,0,0.00133511
64350,0,0,0,0,0,0,0,0,0,0,0,0,0,0,0,0,0,0,0,0,0,0,0,0,0,0,0,0,0,0,0,0,0,0,0,0,0,0.00633023,0,0.00246175,0,0,0,0,0,0,0,0,0,0,0.00527519,0,0,0.00281343,0,0,0,0,0.0144189,0.00017584,0,0,0,0.00228592,0,0,0,0,0.00017584,0.0786003,0.0464217,0.0618956,0.0608405,0.054862,0,0,0.0193424,0,0.178126,0.00509935,0.065764,0.0854581,0.0576754,0.0228592,0,0.172147,0,0.00123088,0,0,0.000351679,0,0.00808862,0.0170564,0.0291894,0,0.00105504,0,0,0
64400,0,0,0,0,0,0,0,0,0,0,0,0,0,0,0,0,0,0,0,0,0,0,0,0,0,0,0,0,0,0,0,0,0,0,0,0,0,0.00500777,0,0.00448973,0,0,0,0,0,0,0,0,0,0,0.00276291,0,0.000690727,0.000345363,0,0,0,0,0.00863409,0,0,0,0,0.00483509,0,0,0,0.000172682,0,0.056985,0.0291832,0.0735624,0.0744258,0.03091,0.000863409,0.000172682,0.0224486,0,0.193404,0.00846141,0.0663098,0.0706268,0.0744258,0.0469694,0,0.144707,0.000345363,0.00224486,0,0,0.000518045,0,0.0100155,0.0139872,0.0523226,0,0,0,0,0.000172682
64450,0,0,0,0,0,0,0,0,0,0,0,0,0,0,0,0,0,0,0,0,0,0,0,0,0,0,0,0,0,0,0,0,0,0,0,0,0,0.00511042,0,0.00474539,0,0,0,0,0,0,0,0,0,0,0.00200767,0,0.00219018,0,0,0,0,0,0.0155138,0,0,0,0,0.00565797,0,0,0,0,0.000182515,0.0631502,0.0255521,0.0682606,0.0908925,0.02975,0.000182515,0,0.0135061,0,0.239642,0.0104034,0.0512867,0.0649754,0.0823143,0.0354079,0,0.11681,0.000182515,0.00200767,0.00036503,0,0.00036503,0.00456288,0.00255521,0.018434,0.0439861,0,0,0,0,0
64500,0,0,0,0,0,0,0,0,0,0,0,0,0,0,0,0,0,0,0,0,0,0,0,0,0,0,0,0,0,0,0,0,0,0,0,0,0,0.00227551,0,0.00717661,0,0,0,0,0,0,0,0,0,0,0.00297567,0,0.000350079,0,0,0.00262559,0,0,0.00700158,0,0,0,0,0.00140032,0,0,0,0.000525118,0,0.0722913,0.0344828,0.0420095,0.125853,0.0456853,0,0,0.0145283,0.00157535,0.250131,0.000700158,0.0390338,0.0694906,0.0673902,0.0197795,0,0.13163,0,0.00105024,0.000175039,0,0.00210047,0.00210047,0.00245055,0.0323823,0.0196044,0.00105024,0.000175039,0,0,0
64550,0,0,0,0,0,0,0,0,0,0,0,0,0,0,0,0,0,0,0,0,0,0,0,0,0,0,0,0,0,0,0,0,0,0,0,0,0,0.00315623,0,0.00964405,0,0,0,0,0,0,0,0,0,0,0.0049097,0,0,0.00543574,0,0.00385762,0,0,0.00280554,0.000175346,0,0,0,0.00596177,0,0,0.000175346,0,0.000701385,0.0782045,0.0461161,0.0466421,0.089602,0.0661056,0.000350693,0,0.0166579,0.000350693,0.173593,0.00315623,0.0408557,0.0731194,0.0839909,0.0117482,0,0.140628,0,0.00122742,0,0.000701385,0.0152551,0.00245485,0.00473435,0.0289321,0.0368227,0.00192881,0,0,0,0
64600,0,0,0,0,0,0,0,0,0,0,0,0,0,0,0,0,0,0,0,0,0,0,0,0,0,0,0,0,0,0,0,0,0,0,0,0,0,0.00648164,0,0.0156224,0,0,0,0,0,0,0,0,0,0,0.00448729,0,0,0.00830979,0,0.00199435,0,0,0.00149576,0.000997175,0,0,0,0.00515207,0,0,0,0,0.00132957,0.06116,0.0442081,0.0485292,0.0847598,0.0488616,0.000830979,0,0.0157886,0.0038225,0.175337,0.00747881,0.0787768,0.0621572,0.0839289,0.0134619,0.000664783,0.1293,0,0.00132957,0,0.00116337,0.00199435,0.00132957,0.00515207,0.0255941,0.0526841,0.00448729,0,0.000498587,0,0.000830979
64650,0,0,0,0,0,0,0,0,0,0,0,0,0,0,0,0,0,0,0,0,0,0,0,0,0,0,0,0,0,0,0,0,0,0,0,0,0,0.00436893,0,0.0116505,0,0,0,0,0,0,0,0.00404531,0,0,0.00355987,0,0,0.0113269,0,0,0.000323625,0,0.00242718,0,0,0.0012945,0,0.000970874,0,0,0,0,0.00291262,0.110032,0.0273463,0.0524272,0.103722,0.0377023,0.000323625,0.000161812,0.0182848,0.0038835,0.197087,0.0126214,0.0687702,0.0433657,0.0569579,0.016343,0,0.123625,0.000647249,0.00469256,0,0.000485437,0.00695793,0.00291262,0.00501618,0.0190939,0.0331715,0.00825243,0,0,0,0.00323625
64700,0,0,0,0,0,0,0,0,0,0,0,0,0,0,0,0,0,0,0,0,0,0,0,0,0,0,0,0,0,0,0,0,0,0,0,0,0,0.00163162,0,0.00543872,0.000362582,0,0,0,0,0,0,0.00688905,0,0,0.00725163,0,0,0.0146846,0,0,0.000181291,0,0.00253807,0,0,0.00543872,0,0.00126904,0,0,0,0,0.00435098,0.0998912,0.0315446,0.0462292,0.102067,0.0378898,0.00507614,0.000725163,0.019942,0,0.191443,0.0101523,0.0458666,0.0765047,0.0460479,0.0310007,0.000543872,0.124728,0,0.00163162,0,0.000181291,0.00344453,0.00525743,0.00616389,0.0117839,0.039884,0.00997099,0,0,0,0.0019942
64750,0,0,0,0,0,0,0,0,0,0,0,0,0,0,0,0,0,0,0,0,0,0,0,0,0,0,0,0,0,0,0,0,0,0,0,0,0,0.00474193,0,0.00273573,0.00237096,0,0,0,0,0,0,0.00109429,0,0,0.010031,0,0,0.0193325,0,0.00091191,0,0,0.00383002,0,0,0.00255335,0.00310049,0.00091191,0,0,0,0,0.00656575,0.0899143,0.0299106,0.0351997,0.103958,0.0527084,0.00255335,0,0.0289987,0.000182382,0.15393,0.00346526,0.0654751,0.0797009,0.0388473,0.0299106,0,0.162502,0,0.00510669,0,0.0040124,0.000364764,0.00674813,0.00857195,0.0109429,0.0213387,0.00328287,0,0,0,0.00419478
64800,0,0,0,0,0,0,0,0,0,0,0,0,0,0,0,0,0,0,0,0,0,0,0,0,0,0,0,0,0,0,0,0,0,0,0,0,0,0.00735529,0,0.00303806,0.000319795,0,0,0,0,0,0,0.000479693,0,0,0.00335785,0,0,0.0118324,0,0,0,0,0.00319795,0.000319795,0,0.00479693,0,0.000159898,0,0.000319795,0,0,0.00287816,0.092261,0.0351775,0.0326191,0.0716342,0.039015,0.00383754,0,0.03118,0,0.197634,0.0070355,0.0946594,0.0753118,0.0372562,0.0196674,0,0.15638,0,0.0127918,0,0.00879437,0.000799488,0,0.00975376,0.0105532,0.0155101,0.00223857,0,0,0,0.00783499
64850,0,0,0,0,0,0,0,0,0,0,0,0,0,0,0,0,0,0,0,0,0,0,0,0,0,0,0,0,0,0,0,0,0,0,0,0,0,0.00407631,0,0.012555,0,0,0,0,0,0,0,0.00146747,0,0,0.00293494,0,0,0.00733736,0,0,0,0,0.00570683,0.000489157,0,0.000815262,0,0,0,0,0,0.000326105,0.00309799,0.0701125,0.0379912,0.0319583,0.102723,0.0265775,0.000326105,0.000326105,0.0564161,0,0.195663,0.0127181,0.0675037,0.0720691,0.049894,0.0239687,0,0.134681,0,0.0174466,0.000489157,0.00782651,0,0,0.00701125,0.00163052,0.0326105,0.00163052,0,0,0,0.00962009
64900,0,0,0,0,0,0,0,0,0,0,0,0,0,0,0,0,0,0,0,0,0,0,0,0,0,0,0,0,0,0,0,0,0,0,0,0,0,0.00210896,0,0.0107206,0,0,0,0,0,0,0,0.000351494,0,0,0.0056239,0,0,0.00667838,0,0,0,0,0.00228471,0.000702988,0,0.000702988,0,0,0,0,0,0,0.00896309,0.06942,0.0398946,0.0330404,0.104042,0.0249561,0.000351494,0.000878735,0.0369069,0.000175747,0.184534,0.00843585,0.0731107,0.0912127,0.0467487,0.0286467,0,0.1471,0,0.0112478,0,0.0107206,0,0,0.00474517,0.00386643,0.029877,0.00579965,0,0,0,0.00615114
64950,0,0,0,0,0,0,0,0,0,0,0,0,0,0,0,0,0,0,0,0,0,0,0,0,0,0,0,0,0,0,0,0,0,0,0,0,0,0.00444749,0,0.00393431,0.000513171,0,0,0,0,0,0,0.000171057,0,0,0.00307903,0,0,0.00975026,0,0,0,0,0.00530277,0.000513171,0.00188163,0,0,0,0,0,0,0,0.00667123,0.0596989,0.062949,0.0573041,0.125214,0.0256586,0,0,0.0189873,0,0.192781,0.0147109,0.0533698,0.071844,0.0602121,0.0191584,0,0.142833,0,0.00307903,0,0.00444749,0,0,0.0035922,0.00444749,0.0287376,0.00803969,0,0,0,0.00667123
65000,0,0,0,0,0,0,0,0,0,0,0,0,0,0,0,0,0,0,0,0,0,0,0,0,0,0,0,0,0,0,0,0,0,0,0,0,0,0.00482083,0,0.0106058,0.00128555,0,0,0,0,0,0,0,0,0,0.0237827,0,0,0.0123735,0,0,0,0,0.00514221,0.000160694,0.000321388,0,0,0,0,0,0,0.000160694,0.0056243,0.0547967,0.0404949,0.0498152,0.12727,0.0374417,0.00128555,0.00112486,0.0249076,0,0.191708,0.0154266,0.0628314,0.0658846,0.0684557,0.02314,0,0.116985,0,0.00144625,0,0.0081954,0,0,0.00401735,0.00128555,0.0281215,0.00707054,0,0,0,0.00401735
65050,0,0,0,0,0,0,0,0,0,0,0,0,0,0,0,0,0,0,0,0,0,0,0,0,0,0,0,0,0,0,0,0,0,0,0,0,0,0.0029788,0.000350447,0.0110391,0,0,0,0,0,0,0,0.00052567,0,0,0.022779,0,0,0.0169967,0,0,0,0,0.00122656,0.000700894,0,0,0,0.000175223,0,0,0,0,0.00438059,0.0783249,0.0473103,0.0415279,0.0820046,0.0339933,0.000700894,0.00315402,0.0199755,0.00105134,0.190643,0.0276853,0.0630804,0.0609777,0.061153,0.052567,0,0.113194,0,0.00122656,0,0.00438059,0.000175223,0,0.00543193,0.00613282,0.0311898,0.0106886,0.000175223,0,0,0.00210268
65100,0,0,0,0,0,0,0,0,0,0,0,0,0,0,0,0,0,0,0,0,0,0,0,0,0,0,0,0,0,0,0,0,0,0,0,0,0.0005065,0.00675333,0.000337667,0.005065,0,0,0,0,0,0,0,0,0,0,0.0187405,0,0,0.0307277,0,0,0,0,0.000168833,0,0.000168833,0,0,0.000337667,0,0,0,0,0.00270133,0.0828972,0.0368057,0.0366368,0.0867803,0.039507,0,0.000337667,0.0109742,0,0.220159,0.0173898,0.0646632,0.0602735,0.0504812,0.0383252,0,0.135404,0,0.00185717,0.000675333,0.0015195,0.0005065,0,0.00270133,0.0130002,0.0197535,0.011143,0,0,0,0.00270133
65150,0,0,0,0,0,0,0,0,0,0,0,0,0,0,0,0,0,0,0,0,0,0,0,0,0,0,0,0,0,0,0,0,0,0,0,0,0.00017135,0.00479781,0,0.00959561,0,0,0,0,0,0,0,0.0003427,0,0,0.0114805,0,0,0.0281014,0.00017135,0,0,0.0003427,0.00119945,0,0.00017135,0.00017135,0,0.000514051,0,0.00017135,0,0,0.0023989,0.10281,0.0203907,0.040096,0.0798492,0.030843,0.00257025,0.00017135,0.0301576,0.000856751,0.177519,0.017135,0.0531186,0.0767649,0.0861892,0.0245031,0,0.14976,0,0.00291295,0.0017135,0.0010281,0.0003427,0,0.000685401,0.0111378,0.0257025,0.00359836,0,0,0,0.000514051
65200,0,0,0,0,0,0,0,0,0,0,0,0,0,0,0,0,0,0,0,0,0,0,0,0,0,0,0,0,0,0,0,0,0,0,0,0,0,0.00482703,0,0.00756235,0,0,0,0,0,0,0,0.00353982,0,0,0.0159292,0,0,0.0152856,0.00289622,0.000482703,0,0,0.00128721,0,0.00193081,0,0,0.00112631,0,0,0,0.000160901,0.000965406,0.0995977,0.0251006,0.0511665,0.0854385,0.0342719,0.0101368,0.000160901,0.0262269,0.000804505,0.14465,0.00724055,0.0609815,0.0690265,0.0904264,0.0123894,0.000482703,0.164602,0.000321802,0.00884956,0.000482703,0.00386163,0.000321802,0,0,0.0135157,0.0246179,0.00933226,0,0,0,0
65250,0,0,0,0,0,0,0,0,0,0,0,0,0,0,0,0,0,0,0,0,0,0,0,0,0,0,0,0,0,0,0,0,0,0,0,0,0,0.0033701,0,0.00796569,0,0,0,0,0,0,0,0.0067402,0,0,0.0125613,0.000153186,0,0.0130208,0,0.000919118,0.000459559,0,0.00260417,0,0.00168505,0,0,0,0.000919118,0,0,0,0,0.0916054,0.0127145,0.0465686,0.109222,0.028799,0.00566789,0,0.0321691,0.000459559,0.1394,0.0088848,0.0445772,0.100797,0.108762,0.0237439,0,0.143536,0.000153186,0.0105699,0.000153186,0.00367647,0.00321691,0,0.000765931,0.00980392,0.0125613,0.0117953,0,0,0,0
65300,0,0,0,0,0,0,0,0,0,0,0,0,0,0,0,0,0,0,0,0,0,0,0,0,0,0,0,0,0,0,0,0,0,0,0,0,0,0.000426561,0,0.0100953,0,0,0,0,0,0,0.000142187,0.00383904,0,0,0.00554529,0,0,0.0113749,0,0.000284374,0.000426561,0,0.00127968,0,0.00312811,0,0,0,0.00156406,0,0,0,0,0.0830371,0.0170624,0.0513294,0.0833215,0.0254514,0.00312811,0,0.0453576,0.000426561,0.195365,0.00170624,0.0661169,0.060856,0.107778,0.0614247,0,0.113607,0,0.00526091,0,0.00312811,0.00255936,0,0,0.00682497,0.0183421,0.0096687,0.000142187,0,0,0
65350,0,0,0,0,0,0,0,0,0,0,0,0,0,0,0,0,0,0,0,0,0,0,0,0,0,0,0,0,0,0,0,0,0,0,0,0,0.000549753,0.000549753,0,0.0137438,0,0,0,0,0,0,0,0.00151182,0,0,0.00549753,0,0,0.0129192,0,0,0.00151182,0,0.000687191,0,0.000137438,0,0.000137438,0.000824629,0.000412314,0,0.00206157,0,0.000687191,0.0757284,0.00989555,0.0456295,0.0868609,0.0568994,0.0057724,0,0.0519516,0.00164926,0.210418,0.00852117,0.0618472,0.0547004,0.0905717,0.0347719,0,0.112837,0,0.00302364,0,0.00233645,0.0046729,0,0,0.0160803,0.0160803,0.00522265,0.00123694,0.0017867,0.000137438,0.000137438
65400,0,0,0,0,0,0,0,0,0,0,0,0,0,0,0,0,0,0,0,0,0,0,0,0,0,0,0,0,0,0,0,0,0,0,0,0,0,0.000457875,0,0.00946276,0,0,0,0,0,0,0,0.00351038,0,0.00030525,0.00289988,0,0,0.0149573,0,0,0.001221,0,0.00228938,0,0.000152625,0,0.000763126,0.000915751,0.000152625,0.00030525,0.00274725,0.000152625,0.001221,0.0654762,0.0225885,0.0392247,0.0837912,0.0598291,0.00503663,0.000152625,0.0506716,0.0105311,0.241911,0.00518926,0.0819597,0.0718864,0.0576923,0.0253358,0.00030525,0.0915751,0,0.00702076,0,0.00335775,0.00656288,0,0,0.002442,0.0112943,0.00885226,0.000763126,0.000763126,0,0.0042735
65450,0,0,0,0,0,0,0,0,0,0,0,0,0,0,0,0,0,0,0,0,0,0,0,0,0,0,0,0,0,0,0,0,0,0,0,0,0,0.00129534,0,0.0138169,0,0,0,0,0,0,0,0.00316638,0,0,0.0027346,0,0,0.0192861,0.000143926,0,0.00287853,0,0.00791595,0,0.00100748,0,0,0.00115141,0.00345423,0.00100748,0.000719632,0,0.00187104,0.0764249,0.0250432,0.0263385,0.0764249,0.0457686,0.0027346,0.000143926,0.0653425,0.00590098,0.186672,0.00359816,0.0434657,0.0768566,0.0647668,0.0289292,0.000143926,0.157311,0,0.00187104,0,0.00518135,0.00762809,0,0,0.00460564,0.0166955,0.0125216,0.000143926,0,0,0.00503742
65500,0,0,0,0,0,0,0,0,0,0,0,0,0,0,0,0,0,0,0,0,0,0,0,0,0,0,0,0,0,0,0,0,0,0,0,0,0,0.00108443,0,0.0182804,0,0,0,0,0,0,0,0.00309837,0,0,0.00542215,0,0,0.0139427,0,0,0.000929512,0,0.0120837,0,0,0,0,0.000154919,0.00371805,0.000619675,0.000154919,0,0,0.0487994,0.0249419,0.0278854,0.0924864,0.0450813,0.00449264,0.000154919,0.0607281,0.0049574,0.186057,0.00991479,0.0378002,0.0912471,0.0605732,0.0300542,0.000309837,0.16189,0,0.00464756,0,0.00604183,0.00170411,0,0,0.00635167,0.015182,0.0161115,0,0,0,0.00309837
65550,0,0,0,0,0,0,0,0,0,0,0,0,0,0,0,0,0,0,0,0,0,0,0,0,0,0,0,0,0,0,0,0,0,0,0,0,0,0.000778695,0,0.0141722,0.00249182,0,0,0,0,0,0,0.00342626,0,0,0.00389347,0,0,0.0168198,0,0,0.000622956,0,0.00202461,0.00109017,0.000155739,0,0,0,0.000311478,0,0,0,0.000311478,0.039402,0.0313035,0.0462545,0.116337,0.0443856,0.00186887,0,0.0571562,0.00249182,0.1791,0.00778695,0.0330167,0.0822302,0.0608939,0.0135493,0.00545086,0.176919,0,0.00264756,0,0.0113689,0.000155739,0,0,0.0113689,0.021492,0.00872138,0,0,0,0
65600,0,0,0,0,0,0,0,0,0,0,0,0,0,0,0,0,0,0,0,0,0,0,0,0,0,0,0,0,0,0,0,0,0,0,0,0,0,0.00175355,0,0.0223179,0.000318827,0,0,0,0,0,0,0,0,0,0.0023912,0.000159413,0,0.0176949,0.000318827,0.000318827,0,0,0.0105213,0,0.000318827,0,0,0,0.00207237,0,0,0,0.000159413,0.045911,0.0462299,0.0250279,0.0840108,0.0465487,0.00111589,0,0.040491,0.00255061,0.187151,0.00271003,0.06249,0.120835,0.0623306,0.0218396,0.00366651,0.13869,0,0,0,0.00733301,0.00398533,0.000159413,0.000159413,0.0109995,0.0175355,0.0095648,0,0.000318827,0,0
65650,0,0,0,0,0,0,0,0,0,0,0,0,0,0,0,0,0,0,0,0,0,0,0,0,0,0,0,0,0,0,0,0,0,0,0,0,0,0.0019943,0,0.0131054,0,0,0,0,0,0,0,0.0011396,0,0,0.00598291,0,0,0.0121083,0,0,0,0,0.0126781,0,0,0,0,0,0.00042735,0,0,0,0.00014245,0.0631054,0.031339,0.0317664,0.0917379,0.0358974,0,0.00014245,0.0353276,0.00270655,0.184188,0.000854701,0.0366097,0.152564,0.064245,0.0246439,0.00327635,0.136182,0,0.000854701,0,0.002849,0.0037037,0.00042735,0.00042735,0.0102564,0.0323362,0.00541311,0.000569801,0,0,0.000997151
65700,0,0,0,0,0,0,0,0,0,0,0,0,0,0,0,0,0,0,0,0,0,0,0,0,0,0,0,0,0,0,0,0,0,0,0,0,0,0.00238984,0,0.011053,0.000448096,0,0,0,0,0,0.000149365,0.000149365,0,0,0.00492905,0,0,0.00970874,0,0,0,0,0.00283794,0,0,0,0,0.000448096,0,0,0,0,0.00029873,0.0700523,0.0292756,0.0415235,0.0739358,0.0452577,0.00179238,0,0.034354,0.00119492,0.196415,0.00313667,0.0443615,0.134877,0.0660194,0.0149365,0.0104556,0.122031,0,0.00791636,0,0.00477969,0.00149365,0.00029873,0.00283794,0.0168783,0.0349515,0.00791636,0,0,0,0.000896191
65750,0,0,0,0,0,0,0,0,0,0,0,0,0,0,0,0,0,0,0,0,0,0,0,0,0,0,0,0,0,0,0,0,0,0,0,0,0,0.00568618,0,0.00968188,0,0,0,0,0.000614723,0,0,0,0,0,0.00322729,0,0,0.0204395,0.000461042,0,0,0,0.00384202,0,0,0,0,0.00322729,0,0,0,0,0,0.0630091,0.0232058,0.0284309,0.0766866,0.0444137,0.00445674,0.000153681,0.0341171,0.00261257,0.182112,0.00445674,0.0666974,0.166282,0.0825265,0.0113724,0.00322729,0.104195,0.000153681,0.000614723,0,0.000307361,0.00122945,0.000307361,0.00414938,0.0121408,0.0161365,0.0185954,0,0,0,0.00122945
65800,0,0,0,0,0,0,0,0,0,0,0,0,0,0,0,0,0,0,0,0,0,0,0,0,0,0,0,0,0,0,0,0,0,0,0,0,0,0.000798339,0,0.0140508,0,0,0,0,0,0,0,0,0,0,0.00606738,0,0,0.0177231,0.000638672,0,0,0,0.00383203,0.000798339,0,0,0,0.00255469,0,0,0,0,0,0.0790356,0.038001,0.0146894,0.0716909,0.045665,0.00159668,0.000638672,0.0338496,0.00351269,0.171164,0.00718506,0.0557241,0.109692,0.110171,0.0194795,0.00223535,0.113843,0,0.00718506,0,0,0.00542871,0,0.00223535,0.0161265,0.0245889,0.0167651,0,0,0,0.00303369
65850,0,0,0,0,0,0,0,0,0,0,0,0,0,0,0,0,0,0,0,0,0,0,0,0,0,0,0,0,0,0,0,0,0,0,0,0,0,0.00508631,0,0.0209618,0,0,0,0,0,0,0,0,0,0,0.00863132,0,0,0.0234279,0.00262022,0,0,0,0.00524044,0.000616523,0,0,0,0.00369914,0.00154131,0,0,0,0,0.0793773,0.0334464,0.0154131,0.0716708,0.0534834,0.00431566,0.00339088,0.0320592,0.00184957,0.20299,0.0110974,0.0675092,0.0934032,0.0753699,0.0127928,0.00231196,0.0977189,0,0.00446979,0.000154131,0,0.00385327,0.000308261,0.00354501,0.0137176,0.0302096,0.0137176,0,0,0,0
65900,0,0,0,0,0,0,0,0,0,0,0,0,0,0,0,0,0,0,0,0,0,0,0,0,0,0,0,0,0,0,0,0,0,0,0,0,0,0.00372706,0,0.0118979,0,0,0,0,0,0,0,0,0,0,0.0047305,0,0,0.018922,0.00358372,0,0,0.000143349,0.00430046,0,0,0.000143349,0,0.00243693,0.00129014,0,0,0,0,0.0751147,0.03125,0.00587729,0.0695241,0.0544725,0.0047305,0.00172018,0.0541858,0.00573394,0.179759,0.00645069,0.0556193,0.117833,0.0822821,0.00974771,0.00143349,0.12113,0,0.00372706,0,0,0.00301032,0,0.00344037,0.0180619,0.0280963,0.015625,0,0,0,0
65950,0,0,0,0,0,0,0,0,0,0,0,0,0,0,0,0,0,0,0,0,0,0,0,0,0,0,0,0,0,0,0,0,0,0,0,0,0,0.00148987,0,0.0196663,0,0,0,0,0,0,0,0.000297974,0,0,0.00759833,0,0.000297974,0.0266687,0.00461859,0,0,0,0.00700238,0,0,0,0,0.000297974,0.000744934,0,0,0.000297974,0,0.0548272,0.0348629,0.011919,0.0718117,0.0536353,0.00297974,0.000595948,0.03382,0.0034267,0.156138,0.011621,0.0616806,0.136323,0.0917759,0.022348,0.00208582,0.117849,0,0.00402265,0,0.000148987,0.00238379,0,0.00312872,0.0144517,0.0274136,0.011621,0,0,0,0.000148987
66000,0,0,0,0,0,0,0,0,0,0,0,0,0,0,0,0,0,0,0,0,0,0,0,0,0,0,0,0,0,0,0,0,0,0,0,0,0,0.00636537,0,0.0119351,0,0,0,0,0,0,0,0.000318269,0,0,0.00302355,0,0.000954806,0.017823,0.000954806,0,0,0,0.00350095,0,0,0,0.000477403,0.00318269,0.000159134,0,0,0.000795672,0,0.0526735,0.0227562,0.00986633,0.0950032,0.0641311,0.00716104,0.000954806,0.0471038,0.0055697,0.168364,0.00795672,0.0553787,0.12492,0.0628581,0.0222788,0.00461489,0.147836,0,0.00318269,0,0,0.00668364,0,0.00461489,0.00461489,0.0202101,0.0105029,0,0,0,0.00127307
66050,0,0,0,0,0,0,0,0,0,0,0,0,0,0,0,0,0,0,0,0,0,0,0,0,0,0,0,0,0,0,0,0,0,0,0,0,0,0.00208,0,0.0144,0,0,0,0,0,0,0,0,0,0,0.00832,0,0,0.00784,0.00032,0,0,0,0.00048,0.00016,0,0.00096,0,0.00944,0,0,0,0,0,0.07936,0.016,0.02864,0.0776,0.05136,0.0136,0.00176,0.04352,0.004,0.1528,0.004,0.04144,0.13264,0.04448,0.02,0.00352,0.16544,0,0.00208,0,0.00016,0.00448,0.00016,0.00592,0.00448,0.04928,0.00928,0,0,0,0
66100,0,0,0,0,0,0,0,0,0,0,0,0,0,0,0,0,0,0,0,0,0,0,0,0,0,0,0,0,0,0,0,0,0,0,0,0,0,0.00460052,0,0.00966109,0,0,0,0,0,0,0,0,0,0,0.00368042,0,0,0.00736083,0.00322036,0,0,0,0.000766754,0,0,0.000153351,0,0.0191688,0,0,0,0,0,0.0788223,0.017482,0.0348106,0.085263,0.0420181,0.0128815,0.00552063,0.0228493,0.00690078,0.147677,0.00444717,0.055973,0.109032,0.0614936,0.0291366,0.00950774,0.152891,0,0.00184021,0,0.000153351,0.000766754,0,0.0105812,0.00352707,0.0407913,0.0157951,0,0,0.00122681,0
66150,0,0,0,0,0,0,0,0,0,0,0,0,0,0,0,0,0,0,0,0,0,0,0,0,0,0,0,0,0.000467727,0,0,0,0,0,0,0,0,0.00327409,0,0.0148114,0,0,0,0,0,0,0,0.00233863,0,0,0.00436545,0,0,0.00654818,0.00140318,0,0,0,0.00545681,0,0,0,0,0.00576863,0,0.000935454,0,0,0,0.068444,0.0210477,0.0204241,0.0818522,0.0385095,0.0110695,0.00202682,0.0233863,0.00452136,0.15435,0.00685999,0.056439,0.135017,0.0528531,0.018865,0.0104459,0.179295,0,0.00249454,0,0.000311818,0.00140318,0,0.0053009,0.00561272,0.0268163,0.0266604,0,0,0.000155909,0.000467727
66200,0,0,0,0,0,0,0,0,0,0,0,0,0,0,0,0,0,0,0,0,0,0,0,0,0,0,0,0,0.000159795,0,0,0,0,0,0,0,0,0.00575264,0,0.0153404,0,0,0,0,0,0,0,0.000159795,0,0,0.00175775,0,0.000319591,0.0135826,0.000798977,0,0.00111857,0,0.000479386,0,0.000958773,0,0,0.00463407,0,0,0,0,0,0.0565676,0.0178971,0.0212528,0.0787792,0.0453819,0.00159795,0.00303611,0.0111857,0.00495366,0.165708,0.0033557,0.0618408,0.1566,0.0771812,0.0111857,0.0123043,0.155481,0,0,0,0,0.00175775,0,0.00415468,0.00735059,0.00751039,0.0496964,0,0,0,0.000159795
66250,0,0,0,0,0,0,0,0,0,0,0,0,0,0,0,0,0,0,0,0,0,0,0,0,0,0,0,0,0,0,0,0,0,0,0,0,0,0.00373008,0,0.0144117,0,0,0,0,0,0,0,0.00118684,0,0,0.00101729,0,0.000169549,0.0179722,0,0,0,0,0.000678196,0,0.000678196,0.000339098,0.000169549,0.00220414,0,0,0,0.000678196,0,0.0705324,0.0242455,0.0276365,0.0764666,0.0425568,0.00508647,0.000678196,0.0149203,0.00169549,0.148186,0.00373008,0.0683282,0.146999,0.0808749,0.0116989,0.00593421,0.163615,0,0.000339098,0.00169549,0.00305188,0.00152594,0.00101729,0.0103425,0.00779925,0.0125466,0.0252628,0,0,0,0
66300,0,0,0,0,0,0,0,0,0,0,0,0,0,0,0,0,0,0,0,0,0,0,0,0,0,0,0,0,0,0,0,0,0,0,0,0,0,0.00364097,0,0.00902327,0,0,0,0,0,0,0,0,0,0,0.00316606,0,0,0.0169384,0,0,0,0,0.000633212,0,0.00221624,0.000158303,0,0.00348267,0.000158303,0,0,0.00158303,0.000158303,0.0683869,0.0191547,0.0243787,0.0736109,0.0466994,0.00569891,0,0.0128225,0.00253285,0.1735,0.00759854,0.0691784,0.166851,0.07836,0.0237454,0.00316606,0.136457,0.000474909,0.00126642,0,0,0,0,0.0155137,0.00126642,0.0148805,0.0126642,0,0.000316606,0,0.000316606
66350,0,0,0,0,0,0,0,0,0,0,0,0,0,0,0,0,0,0,0,0,0,0,0,0,0,0,0,0,0,0,0,0,0,0,0,0,0,0.000583686,0,0.0128411,0,0,0,0,0,0,0,0,0,0,0.00291843,0,0,0.018532,0.000437764,0,0,0,0.00627462,0.000583686,0.000729607,0,0,0.00554502,0.00116737,0,0,0.00145921,0,0.0933898,0.018532,0.0449438,0.0938275,0.0475704,0.0040858,0,0.0166351,0.00335619,0.163724,0.00656647,0.0720852,0.125784,0.055742,0.0189698,0.00642055,0.137896,0,0.000291843,0,0.000437764,0,0,0.0173647,0.00102145,0.0170728,0.00277251,0,0.000145921,0,0.000291843
66400,0,0,0,0,0,0,0,0,0,0,0,0,0,0,0,0,0,0,0,0,0,0,0,0,0,0,0,0,0,0,0,0,0,0.00167481,0,0,0,0.000279135,0,0.0120028,0,0,0,0,0,0,0,0,0,0,0.00446615,0,0.000139567,0.00949058,0.000837404,0,0,0,0.0175855,0,0.00139567,0,0,0.00404745,0,0,0,0,0,0.0900209,0.0149337,0.0357292,0.0891835,0.0478716,0.00976971,0.000139567,0.0214934,0.00279135,0.156176,0.0110258,0.0742498,0.135659,0.0530356,0.019679,0.00348918,0.162736,0.000418702,0.000279135,0,0.000558269,0.000139567,0,0.00795534,0.000418702,0.00697837,0.00334962,0,0,0,0
66450,0,0,0,0,0,0,0,0,0,0,0,0,0,0,0,0,0,0,0,0,0,0,0,0,0,0,0,0,0,0,0,0,0,0.000295116,0,0,0,0.00221337,0,0.011362,0,0,0,0,0,0,0,0,0,0,0.00501697,0,0,0.00959126,0.000147558,0,0,0.000147558,0.0144607,0,0.00206581,0.000147558,0,0.00118046,0.00132802,0,0,0,0.000147558,0.0786484,0.0174118,0.0361517,0.0898628,0.0553342,0.00959126,0,0.0150509,0.00147558,0.170577,0.0103291,0.0445625,0.155378,0.0574,0.0211008,0.00309872,0.168068,0,0.00073779,0.000147558,0.000885347,0.00162314,0,0.00693522,0.000442674,0.00531208,0.00177069,0,0,0,0
66500,0,0,0,0,0,0,0,0,0,0,0,0,0,0,0,0,0,0,0,0,0,0,0,0,0,0,0,0,0,0,0,0,0,0,0,0,0,0.00248894,0,0.0185288,0,0,0,0,0,0,0,0,0.000138274,0,0.00318031,0,0,0.00732854,0,0,0,0,0.011615,0,0.00414823,0,0,0.00207412,0.000553097,0,0,0,0,0.0731471,0.0258573,0.0374723,0.0743916,0.0613938,0.00898783,0.000138274,0.0138274,0.00553097,0.169386,0.00954093,0.0532356,0.119746,0.0620852,0.0262721,0.0053927,0.178097,0,0.00359513,0,0.00290376,0.000691372,0.000276549,0.00608407,0.00262721,0.00566925,0.00248894,0,0.000276549,0.000829646,0
66550,0,0,0,0,0,0,0,0,0,0,0,0,0,0,0,0,0,0,0,0,0,0,0,0,0,0,0,0,0,0,0,0,0,0,0,0,0,0.00381288,0,0.011292,0.000293298,0,0,0,0,0,0,0,0.00205309,0,0.00689251,0,0.000146649,0.0086523,0,0,0,0,0.00762575,0,0.00381288,0,0,0.00234639,0.00102654,0.000146649,0,0,0.000293298,0.0730312,0.0253703,0.0510339,0.0728846,0.0696583,0.00894559,0.000586596,0.0175979,0.000293298,0.139023,0.0071858,0.047221,0.123185,0.0656988,0.0394486,0.00542602,0.16454,0,0.00557266,0,0.00615926,0.00439947,0,0.00190644,0.0077724,0.00689251,0.00762575,0,0,0,0.000146649
66600,0,0,0,0,0,0,0,0,0,0,0,0,0,0,0,0,0,0,0,0,0,0,0,0,0,0,0,0,0,0,0,0,0,0,0,0,0,0.00352371,0,0.0174717,0.000734107,0,0,0,0,0,0,0,0,0,0.00719424,0,0,0.00998385,0,0,0,0,0.00513875,0,0.0020555,0,0,0.00323007,0.00102775,0,0,0,0,0.075613,0.0199677,0.0503597,0.0732638,0.0663632,0.00220232,0.00234914,0.0146821,0.00190868,0.165321,0.00807517,0.0522684,0.112612,0.0734107,0.0231978,0.004111,0.152547,0.000146821,0.00631332,0,0.00880928,0.0020555,0,0,0.0102775,0.0179122,0.00572603,0,0,0,0.000146821
66650,0,0,0,0,0,0,0,0,0,0,0,0,0,0,0,0,0,0,0,0,0,0,0,0,0,0,0,0,0,0,0,0,0,0,0,0,0,0.0016942,0,0.0110123,0.00240011,0,0,0,0,0,0,0,0,0,0.00550614,0,0,0.0091769,0,0.000141183,0,0.000141183,0.00663561,0,0.00211775,0,0,0.0025413,0,0,0,0,0,0.0904984,0.0186362,0.0472963,0.0763801,0.0590145,0.000847099,0.000282366,0.0279543,0.01313,0.1193,0.00381194,0.0441903,0.1265,0.0862629,0.0338839,0.00225893,0.159396,0.00211775,0.000564732,0,0.00395313,0.00268248,0.000141183,0,0.00508259,0.0258365,0.00861217,0,0,0,0
66700,0,0,0,0,0,0,0,0,0,0,0,0,0,0,0,0,0,0,0,0,0,0,0,0,0,0,0,0,0,0,0,0,0,0,0,0,0,0.000844357,0,0.0126654,0.000281452,0,0,0,0,0,0,0,0,0,0.00211089,0,0,0.00478469,0,0,0,0,0.0032367,0,0.00225162,0,0,0.00492542,0,0,0,0,0,0.0934422,0.0185759,0.0374332,0.101745,0.0415142,0.000985083,0.00112581,0.0260343,0.00492542,0.151281,0.00506614,0.0399662,0.113285,0.063186,0.033915,0.00394033,0.163242,0.00464396,0.000140726,0.000422178,0.00858429,0.00112581,0,0,0.00886575,0.0326485,0.0123839,0.000140726,0.000281452,0,0
66750,0,0,0,0,0,0,0,0,0,0,0,0,0,0,0,0,0,0,0,0,0,0,0,0,0,0,0,0,0,0,0,0,0,0,0,0,0,0.0014781,0,0.00739049,0,0,0,0,0,0,0,0,0,0,0.006853,0.00053749,0,0.00564364,0,0,0,0,0.000940607,0,0.00282182,0.000268745,0,0.0130341,0,0.000403117,0,0.000134372,0,0.0979575,0.0157216,0.0392368,0.0915077,0.0425961,0.00120935,0.00174684,0.0288901,0.000940607,0.125235,0.0112873,0.03104,0.151438,0.0678581,0.0436711,0,0.133701,0.00524053,0,0,0.0162591,0.00134372,0,0,0.00980919,0.0311744,0.011556,0,0,0,0.00107498
66800,0,0,0,0,0,0,0,0,0,0,0,0,0,0,0,0,0,0,0,0,0,0,0,0,0,0,0,0,0,0,0,0,0,0,0,0,0,0.00185185,0,0.010582,0,0,0,0,0,0,0,0.000396825,0,0,0.00753968,0.000529101,0,0.00555556,0,0,0,0,0.00277778,0,0.000132275,0,0,0.00833333,0.00119048,0.000132275,0.000132275,0,0,0.0699735,0.0138889,0.0388889,0.0867725,0.0435185,0.00304233,0.000661376,0.0304233,0.00396825,0.167857,0.00410053,0.0293651,0.16627,0.0503968,0.0387566,0,0.136905,0.00251323,0.00132275,0,0.0160053,0.00026455,0,0,0.0031746,0.037037,0.0156085,0,0,0,0.000132275
66850,0,0,0,0,0,0,0,0,0,0,0,0,0,0,0,0,0,0,0,0,0,0,0,0,0,0,0,0,0,0,0,0,0,0,0,0,0,0.0047632,0.000136091,0.00884594,0,0,0,0,0,0,0,0.000408274,0,0,0.00707676,0,0,0.00939031,0,0,0,0,0.00190528,0,0.000408274,0,0,0.011976,0.00231355,0,0.000544366,0,0,0.0649156,0.0137452,0.0352477,0.0973054,0.0503538,0.0125204,0,0.0217746,0.00122482,0.175558,0.01184,0.0363364,0.155553,0.0597441,0.0239521,0.000272183,0.133914,0.00136091,0.0016331,0.000136091,0.0136091,0.00149701,0,0,0,0.0330702,0.00530757,0,0.00136091,0,0
66900,0,0,0,0,0,0,0,0,0,0,0,0,0,0,0,0,0,0,0,0,0,0,0,0,0,0,0,0,0,0,0,0,0,0,0,0,0,0.00590822,0,0.0118164,0,0,0,0,0,0,0,0.001374,0,0,0.0010992,0,0,0.00632042,0,0,0,0.000412201,0.00508381,0.0001374,0.000412201,0,0,0.00384721,0.000961803,0,0,0,0,0.06554,0.0182743,0.0266557,0.114729,0.0351745,0.00439681,0,0.0219841,0.000687002,0.190712,0.0129156,0.0274801,0.121874,0.0633416,0.0292663,0.000549602,0.156774,0,0.000549602,0,0.0138774,0.00398461,0.00219841,0,0.000274801,0.0447925,0.00508381,0,0.0015114,0,0
66950,0,0,0,0,0,0,0,0,0,0,0,0,0,0,0,0,0,0,0,0,0,0,0,0,0,0,0,0,0,0,0,0,0,0,0,0,0,0.00279759,0,0.00685411,0,0,0,0,0,0,0,0.00251783,0,0,0.00433627,0,0,0.0118898,0,0,0,0.000279759,0.00573507,0,0.00013988,0,0,0.00559519,0.00167856,0.00013988,0.000279759,0,0,0.0787523,0.0207022,0.0254581,0.10449,0.0465799,0.0089523,0,0.0370681,0.00013988,0.166737,0.00307735,0.026717,0.148412,0.0710589,0.0276962,0.000279759,0.113722,0.00013988,0.000279759,0,0.0214016,0.00615471,0.00013988,0,0.00111904,0.0454609,0.0013988,0,0.00167856,0,0.00013988
67000,0,0,0,0,0,0,0,0,0,0,0,0,0,0,0,0,0,0,0,0,0,0,0,0,0,0,0,0,0,0,0,0,0,0,0,0,0,0.00152165,0,0.0056716,0,0,0,0,0,0,0,0.00124499,0,0,0.00373496,0.000138332,0,0.00677825,0,0,0,0.00082999,0.00636326,0,0,0,0,0.00968322,0.000968322,0.000414995,0.00899156,0.000414995,0,0.0978005,0.0114815,0.0367962,0.0900539,0.0586526,0.0136948,0,0.027113,0.000276663,0.164061,0.00954489,0.0402545,0.17001,0.0572693,0.0208881,0,0.086319,0.00207498,0.000968322,0,0.0201964,0.00650159,0.000414995,0,0.00954489,0.0251764,0.00331996,0,0.000691659,0,0.000138332
67050,0,0,0,0,0,0,0,0,0,0,0,0,0,0,0,0,0,0,0,0,0,0,0,0,0,0,0,0,0,0,0,0,0,0,0,0,0,0.00136743,0,0.00929851,0,0,0,0,0,0,0,0.000136743,0,0,0.00164091,0,0,0.0086148,0,0,0,0,0.0076576,0,0,0,0,0.00369206,0.000546971,0.000136743,0.00423903,0.000820457,0,0.084507,0.0179133,0.0397922,0.0954465,0.0730206,0.0103925,0.000273486,0.0317243,0.00369206,0.15493,0.0108027,0.0386982,0.120607,0.0537399,0.0330918,0,0.103514,0,0.00533297,0.00123069,0.00875154,0.00560645,0.0028716,0,0.0124436,0.0318611,0.0151784,0,0.00150417,0.00492274,0
67100,0,0,0,0,0,0,0,0,0,0,0,0,0,0,0,0,0,0,0,0,0,0,0,0,0,0,0,0,0,0,0,0,0,0,0,0,0,0.00213706,0,0.00484399,0,0,0,0,0,0,0,0.000284941,0,0,0.000427411,0,0,0.00612623,0,0,0,0,0.0105428,0,0.00014247,0,0,0.00441658,0.000854823,0.00014247,0.00356176,0,0,0.103861,0.0172389,0.043596,0.104146,0.0753669,0.0086907,0,0.0320558,0.00356176,0.160992,0.00783587,0.0377547,0.12053,0.0511469,0.0354751,0,0.074512,0.002422,0.00683858,0.000427411,0.0122525,0.00213706,0,0.000284941,0.0135347,0.0330531,0.0158142,0,0.00170965,0.000997293,0.000284941
67150,0,0,0,0,0,0,0,0,0,0,0,0,0,0,0,0,0,0,0,0,0,0,0,0,0,0,0,0,0,0,0,0,0,0,0,0,0,0.00821705,0,0.00821705,0,0,0,0,0,0,0,0,0,0,0.000310078,0,0,0.00697674,0,0,0,0,0.0075969,0,0.00139535,0,0,0.00837209,0.00139535,0,0.00186047,0,0,0.108062,0.011938,0.0268217,0.108837,0.0755039,0.00527132,0,0.0341085,0.00635659,0.147132,0.012093,0.0345736,0.131163,0.0468217,0.0248062,0,0.0905426,0.00186047,0.00620155,0.000310078,0.0184496,0.00589147,0.000155039,0,0.00883721,0.0269767,0.0133333,0,0.00945736,0,0.000155039
67200,0,0,0,0,0,0,0,0,0,0,0,0,0,0,0,0,0,0,0,0,0,0,0,0,0,0,0,0,0,0,0,0,0,0,0,0,0,0.00310762,0,0.00866863,0,0,0,0,0,0,0,0,0,0,0,0,0,0.000981354,0,0,0,0,0.0099771,0.00179915,0.000654236,0,0,0.00523389,0.00327118,0,0.00212627,0.000163559,0,0.0940465,0.0160288,0.030422,0.0976447,0.0698397,0.00964998,0.000327118,0.0258423,0.000817795,0.18384,0.0204449,0.0497219,0.108767,0.0577363,0.0186457,0,0.0948642,0.00441609,0.00343474,0,0.0168466,0.000163559,0,0,0.0189728,0.0171737,0.0168466,0.000490677,0.00703304,0,0
67250,0,0,0,0,0,0,0,0,0,0,0,0,0,0,0,0,0,0,0,0,0,0,0,0,0,0,0,0,0,0,0,0,0,0,0,0,0,0.00303998,0,0.0118559,0,0,0,0,0,0,0,0,0,0,0.000607995,0,0,0.00151999,0,0,0,0,0.0120079,0,0,0,0.000151999,0.00927193,0.00349597,0,0,0.000151999,0,0.0810154,0.0224958,0.0398237,0.0878553,0.0413437,0.00699194,0.000607995,0.0258398,0.00471196,0.208086,0.0182399,0.0442316,0.105183,0.0594315,0.0145919,0.000303998,0.114607,0.00151999,0.00607995,0,0.0194558,0.00167199,0,0,0.0179359,0.0130719,0.0205198,0,0.00167199,0,0.000607995
67300,0,0,0,0,0,0,0,0,0,0,0,0,0,0,0,0,0,0,0,0,0,0,0,0,0,0,0,0,0,0,0,0,0,0.000670871,0,0,0,0.00335435,0,0.0110023,0,0,0,0,0,0,0,0,0,0,0,0,0.000134174,0.000536697,0.000268348,0,0,0,0.00858715,0,0,0,0,0.0083188,0.00241513,0,0.000134174,0,0,0.0799678,0.0327385,0.0406548,0.0907017,0.0442775,0.0124782,0,0.023883,0.00442775,0.178317,0.0151617,0.0394472,0.114182,0.0567557,0.0276399,0.00281766,0.105863,0.00402522,0.00818462,0,0.00697706,0.00107339,0,0,0.0224071,0.0262981,0.0250906,0,0.000939219,0,0.000268348
67350,0,0,0,0,0,0,0,0,0,0,0,0,0,0,0,0,0,0,0,0,0,0,0,0,0,0,0,0,0,0,0,0,0,0,0,0,0,0.00270694,0,0.0155293,0,0,0,0,0,0,0,0,0,0,0.000427411,0,0,0.00327682,0.00014247,0,0,0,0.00669611,0,0,0.00014247,0,0.00256447,0.000284941,0,0,0,0,0.074512,0.0329107,0.0552785,0.13207,0.0535689,0.0182362,0,0.0198034,0.00527141,0.141046,0.0106853,0.0279242,0.12281,0.0641117,0.0133922,0,0.100727,0.00299188,0.00826329,0,0.0176663,0.000284941,0.000284941,0,0.0162416,0.0329107,0.0172389,0,0,0,0
67400,0,0,0,0,0,0,0,0,0,0,0,0,0,0,0,0,0,0,0,0,0,0,0,0,0,0,0,0,0,0,0,0,0,0,0,0,0,0.00267006,0,0.013986,0,0,0,0,0,0,0,0,0,0,0.00228862,0,0.000381437,0.00483153,0,0,0.000127146,0,0.00381437,0,0,0.000381437,0,0.00648442,0.00203433,0,0,0.000381437,0,0.0614113,0.019199,0.0531469,0.106675,0.0643357,0.00762873,0.000254291,0.0267006,0.00623013,0.150795,0.00661157,0.041068,0.111888,0.0792117,0.0203433,0,0.115067,0.00241577,0.00368722,0,0.0108074,0.00152575,0.000127146,0,0.018309,0.0305149,0.0245391,0,0.000127146,0,0
67450,0,0,0,0,0,0,0,0,0,0,0,0,0,0,0,0,0,0,0,0,0,0,0,0,0,0,0,0,0,0,0,0,0,0,0,0,0,0.0029565,0,0.0132338,0,0,0,0,0,0,0,0,0,0,0.0049275,0,0,0.001971,0,0,0,0,0.00703928,0,0.00112628,0,0,0.00464592,0.000140786,0.000140786,0,0.000422357,0,0.0646206,0.0228073,0.0267493,0.093904,0.0360411,0.0114036,0.000703928,0.0488526,0.00337885,0.17739,0.0102773,0.036745,0.109954,0.107701,0.00619457,0,0.0961566,0.00732085,0.00211178,0,0.032803,0.00239335,0,0,0.0145009,0.0278755,0.0221033,0,0.00140786,0,0
67500,0,0,0,0,0,0,0,0,0,0,0,0,0,0,0,0,0,0,0,0,0,0,0,0,0,0,0,0,0,0,0,0,0,0.000534831,0,0,0,0.00227303,0,0.0149753,0,0,0,0,0,0,0,0,0,0,0.0034764,0,0,0.00334269,0,0,0,0,0.008691,0,0.000401123,0.000133708,0,0.00267415,0.00120337,0,0,0.000534831,0,0.0639123,0.0256719,0.0346303,0.109373,0.0355663,0.00534831,0.000267415,0.0272764,0.00294157,0.192272,0.00668539,0.0318224,0.0853055,0.103222,0.0106966,0,0.132638,0.000802246,0.0052146,0,0.0191202,0.00374382,0,0,0.026073,0.0201899,0.0172483,0,0.000534831,0,0.00120337
67550,0,0,0,0,0,0,0,0,0,0,0,0,0,0,0,0,0,0,0,0,0,0,0,0,0,0,0.000381146,0,0,0,0,0,0,0.00165163,0,0,0,0.000762292,0,0.0110532,0,0,0.000254097,0.00127049,0,0,0,0,0,0,0.00559014,0,0,0.00368441,0,0,0,0,0.00533604,0,0,0,0.000635243,0.000127049,0.00177868,0,0,0,0,0.0545039,0.0229958,0.0525981,0.0928726,0.0486596,0.00813111,0.000889341,0.0329056,0.00203278,0.181298,0.0101639,0.0262991,0.128954,0.0959217,0.0251556,0.000762292,0.0927455,0.000889341,0.00927455,0,0.0106721,0.00241392,0.000127049,0,0.0255368,0.026172,0.0139754,0,0.00152458,0,0
67600,0,0,0,0,0,0,0,0,0,0,0,0,0,0,0,0,0,0,0,0,0,0,0,0,0,0,0,0,0,0,0,0,0,0.00076297,0,0,0,0.00317904,0,0.008647,0.00114446,0,0,0,0,0,0,0,0,0,0.00152594,0,0,0.00445066,0,0,0,0,0.0116989,0,0,0,0,0,0.00228891,0,0,0,0,0.0448881,0.0169125,0.0399288,0.136572,0.0461597,0.00623093,0.00152594,0.0245422,0.00445066,0.192904,0.00775687,0.0216175,0.122075,0.0932096,0.0245422,0.000127162,0.0776958,0.00317904,0.00940997,0,0.0226348,0.00152594,0,0.00114446,0.0240336,0.0244151,0.0148779,0,0.00368769,0,0.000254323
67650,0,0,0,0,0,0,0,0,0,0,0,0,0,0,0,0,0,0,0,0,0,0,0,0,0,0,0,0,0,0,0,0,0,0.000819224,0,0,0,0.00669033,0,0.0188422,0,0,0,0,0,0,0,0,0,0,0.00491535,0,0.000136537,0.00354997,0,0.000136537,0,0,0.00669033,0,0,0,0.000273075,0,0.00368651,0.000273075,0,0,0.000136537,0.063763,0.0294921,0.0412343,0.118378,0.0505188,0.00587111,0.000273075,0.0318132,0.00122884,0.209721,0.0105134,0.023894,0.111688,0.0629437,0.0230748,0.000136537,0.0936647,0.0021846,0.00887493,0,0.0233479,0.00354997,0,0.00150191,0.00887493,0.0180229,0.00791917,0,0.00136537,0,0
67700,0,0,0,0,0,0,0,0,0,0,0,0,0,0,0,0,0,0,0,0,0,0,0,0,0,0,0,0,0,0,0,0,0,0.000536697,0,0,0,0.00509862,0,0.00805045,0,0,0,0,0,0,0,0,0,0,0.00389105,0.000268348,0.000268348,0.00509862,0,0.0036227,0,0,0.00737958,0.000402522,0,0,0.00161009,0,0.00120757,0.000268348,0,0,0,0.0617201,0.0319334,0.0492419,0.109754,0.0611834,0.00697706,0.000134174,0.0242855,0.00375688,0.181806,0.0178452,0.0488394,0.127331,0.0617201,0.0199919,0,0.0864082,0.00697706,0.0103314,0,0.0104656,0.00483027,0,0.00308601,0.0128807,0.0142225,0.00402522,0,0.00214679,0.000402522,0
67750,0,0,0,0,0,0,0,0,0,0,0,0,0,0,0,0,0,0,0,0,0,0,0,0,0,0,0,0,0,0,0,0,0,0,0,0,0,0.00261454,0,0.0124502,0,0,0,0,0,0,0,0,0,0,0.00560259,0,0.00112052,0.00224104,0,0.00112052,0,0,0.00821713,0.000249004,0,0,0.00385956,0.00112052,0.00062251,0.000124502,0.00112052,0.000124502,0,0.0851594,0.0291335,0.033989,0.096489,0.0582669,0.00273904,0.000249004,0.0195468,0.00684761,0.176295,0.00759462,0.0455677,0.115164,0.0775647,0.0149402,0,0.091509,0.0134462,0.0105827,0,0.00859064,0.0130727,0.000498008,0.00249004,0.0278884,0.00747012,0.0119522,0.000124502,0.00224104,0,0
67800,0,0,0,0,0,0,0,0,0,0,0,0,0,0,0,0,0,0,0,0,0,0,0,0,0,0,0,0,0,0,0,0,0,0,0,0,0,0.0028083,0,0.0194139,0.0001221,0,0,0,0,0,0,0,0,0,0.00671551,0,0.0013431,0.00525031,0,0.0017094,0,0,0.0039072,0,0,0,0.0028083,0.000732601,0.0020757,0,0.0019536,0,0,0.0537241,0.0288156,0.0347985,0.100855,0.0510379,0.00634921,0.0003663,0.0261294,0.0131868,0.172039,0.0128205,0.0263736,0.126618,0.082906,0.0155067,0.0013431,0.107448,0.0102564,0.0124542,0,0.0124542,0.0014652,0,0.0029304,0.0223443,0.0157509,0.0124542,0.0003663,0.0003663,0,0
67850,0,0,0,0,0,0,0,0,0,0,0,0,0,0,0,0,0,0,0,0,0,0,0,0,0,0,0,0,0,0,0,0,0,0,0,0,0,0.00270758,0,0.0194688,0,0,0,0,0,0,0,0.00141826,0,0,0.00141826,0,0.000128932,0.0047705,0,0.000128932,0,0,0.00554409,0,0,0,0,0.00399691,0.00051573,0.000128932,0.00257865,0.000128932,0,0.0434502,0.0224342,0.0270758,0.0986333,0.0412584,0.0117329,0.00116039,0.0184373,0.00528623,0.202424,0.0100567,0.0359722,0.120165,0.0955389,0.00605982,0,0.126225,0.0125064,0.0149562,0,0.0149562,0.000128932,0,0,0.0221764,0.0122486,0.0137958,0,0.000386797,0,0
67900,0,0,0,0,0,0,0,0,0,0,0,0,0,0,0,0,0,0,0,0,0,0,0,0,0,0,0,0,0,0,0,0,0,0.000595806,0,0,0,0.00345567,0,0.0129886,0,0,0,0,0,0,0,0.000119161,0,0,0.000238322,0,0.000119161,0.00631554,0,0.000357483,0,0,0.00619638,0,0.000834128,0.000119161,0.000357483,0.00560057,0.000119161,0.000238322,0.00166826,0,0.000357483,0.0462345,0.0164442,0.0583889,0.0990229,0.0345567,0.00405148,0.00488561,0.0243089,0.00560057,0.189228,0.00309819,0.0350334,0.135963,0.0915157,0.0109628,0.000953289,0.111058,0.00774547,0.00524309,0,0.0271687,0.000238322,0,0,0.025858,0.0148951,0.00726883,0,0,0,0.000595806
67950,0,0,0,0,0,0,0,0,0,0,0,0,0,0,0,0,0,0,0,0,0,0,0,0,0,0,0,0,0,0,0,0,0,0.000993419,0,0,0,0.00198684,0,0.0201167,0,0,0,0,0,0,0,0,0.000372532,0,0.000248355,0,0.00285608,0.00447038,0,0,0,0,0.0160189,0,0.00186266,0.000124177,0.000372532,0.015398,0.00509127,0.000124177,0.00186266,0,0,0.0429654,0.0216069,0.0507885,0.083323,0.0423445,0.00831988,0.00260772,0.0266981,0.00409785,0.16975,0.00198684,0.042717,0.141686,0.0971067,0.0120452,0.000869241,0.104061,0.00981001,0.00360114,0.000372532,0.0185024,0.00298026,0,0,0.0211101,0.0147771,0.00335279,0,0,0,0.000620887
68000,0,0,0,0,0,0,0,0,0,0,0,0,0,0,0,0,0,0,0,0,0,0,0,0,0,0,0,0,0,0,0,0,0,0.000755572,0,0,0,0.00944465,0,0.0172522,0,0,0,0,0,0,0,0,0,0,0,0,0.0118373,0.00591865,0,0,0,0,0.0117114,0,0.00667422,0.00163707,0,0.00478529,0.00289636,0.000629644,0.000881501,0,0,0.0538975,0.0372749,0.0528901,0.105276,0.0503715,0.00642236,0.00365193,0.0243042,0.00629644,0.18436,0.000377786,0.024808,0.124669,0.0672459,0.0118373,0.00327415,0.100365,0.003526,0.00151114,0.000503715,0.0197708,0.000881501,0,0.000125929,0.0225412,0.0152374,0.00402972,0.000125929,0,0,0
68050,0,0,0,0,0,0,0,0,0,0,0,0,0,0,0,0,0,0,0,0,0,0,0,0,0,0,0,0,0,0,0,0,0,0.00188774,0,0,0,0.00729927,0,0.0200101,0,0,0,0,0,0,0,0.000251699,0,0.000125849,0.0010068,0,0.00188774,0.00918701,0,0,0,0.000377548,0.00830607,0,0.00176189,0.00176189,0,0.00667002,0.00125849,0.00390133,0,0,0,0.0645608,0.0427888,0.0432922,0.105839,0.0528568,0.00528568,0.00339794,0.0246665,0.00427888,0.177574,0.00264284,0.0375031,0.116411,0.0656934,0.0177448,0.00352379,0.0850743,0.00151019,0.00176189,0,0.0113265,0.00402718,0,0,0.0280644,0.0264284,0.00805437,0,0,0,0
68100,0,0,0,0,0,0,0,0,0,0,0,0,0,0,0,0,0,0,0,0,0,0,0,0,0,0,0,0,0,0,0,0,0,0.00120598,0,0,0,0.00446213,0,0.0148336,0.000241196,0,0,0,0,0,0,0,0,0,0.000964785,0,0.00229137,0.0108538,0,0,0,0.000120598,0.00976845,0,0.000361795,0.000602991,0,0.0164014,0.00168837,0.000602991,0,0,0,0.0553546,0.0377472,0.0389532,0.146889,0.0518572,0.0108538,0.00192957,0.0231548,0.00156778,0.195128,0.00180897,0.0285818,0.121081,0.0584901,0.0247226,0.00253256,0.0728413,0.000361795,0.00265316,0,0.0144718,0.00168837,0.000120598,0.000361795,0.0243608,0.0137482,0.00422094,0.000120598,0,0,0
68150,0,0,0,0,0,0,0,0,0,0,0,0,0,0,0,0,0,0,0,0,0,0,0,0,0,0,0,0,0,0,0,0,0,0.00196169,0,0,0,0.00865451,0,0.0122317,0,0,0,0,0,0,0,0,0,0,0,0,0.00034618,0.00634664,0,0,0,0.000461574,0.00230787,0,0.000692361,0.00311562,0,0.00646204,0.00392338,0.000576967,0.000115393,0,0,0.050427,0.0230787,0.0453496,0.124163,0.0371567,0.0136164,0.000461574,0.0238865,0.000576967,0.246827,0.00415417,0.0316178,0.130279,0.0589661,0.0226171,0.00323102,0.0853912,0.0034618,0.000576967,0,0.0034618,0.00519271,0.00323102,0,0.014078,0.0144242,0.00426956,0,0,0,0.00230787
68200,0,0,0,0,0,0,0,0,0,0,0,0,0,0,0,0,0,0,0,0,0,0,0,0,0,0,0,0,0,0,0,0,0,0.0032545,0,0,0,0.0052072,0,0.0123671,0,0,0,0,0,0,0,0,0,0.00108483,0.00032545,0,0.000108483,0.00629204,0.000433934,0.000867867,0,0.000759384,0.00466479,0,0.0013018,0.00162725,0.00032545,0.00694294,0.00238663,0.00227815,0.00108483,0,0,0.0425255,0.0222391,0.0492515,0.120742,0.0427425,0.0180082,0.00423085,0.0194185,0.00238663,0.212411,0.0106314,0.0382946,0.0992623,0.0536993,0.0237579,0.00151877,0.121067,0.00661749,0.000433934,0,0.00531569,0.00216967,0.00965502,0,0.0196355,0.0214797,0.00108483,0,0,0,0.000108483
68250,0,0,0,0,0,0,0,0,0,0,0,0,0,0,0,0,0,0,0,0,0,0,0,0,0,0,0,0,0,0,0,0,0,0.00497218,0,0,0,0.00461702,0,0.0158636,0,0,0,0,0,0,0,0,0,0,0.00165739,0,0,0.00355156,0,0.000118385,0,0,0.00532734,0,0.00153901,0.000355156,0,0.0095892,0.0023677,0.00023677,0.00224932,0,0.000118385,0.0543388,0.0152717,0.053155,0.111282,0.0363443,0.0106547,0.000828697,0.0151533,0.000591926,0.214632,0.00793181,0.044868,0.0887889,0.0551675,0.0340949,0.00224932,0.127501,0.0185865,0,0.000118385,0.00177578,0,0.00426187,0.000710311,0.0263999,0.0219013,0.00023677,0,0,0,0.000591926
68300,0,0,0,0,0,0,0,0,0,0,0,0,0,0,0,0,0,0,0,0,0,0,0,0,0,0,0,0,0,0,0,0,0,0.00107914,0,0,0,0.00899281,0,0.00851319,0,0,0,0,0,0,0,0,0,0,0.00107914,0,0.000719424,0.00059952,0,0,0,0,0.00923261,0,0,0.000119904,0.000119904,0.00815348,0.00455635,0.000479616,0.00155875,0,0.00203837,0.0652278,0.0134293,0.0601918,0.105875,0.0374101,0.00623501,0.000959233,0.0209832,0.000119904,0.167026,0.00995204,0.0384892,0.115827,0.0826139,0.0378897,0.00107914,0.126978,0.00827338,0.000119904,0,0.00359712,0,0.00539568,0.00239808,0.0172662,0.0213429,0.00407674,0,0,0,0
68350,0,0,0,0,0,0,0,0,0,0,0,0,0,0,0,0,0,0,0,0,0,0,0,0,0,0,0,0,0,0,0,0,0,0.00159961,0,0,0.000123047,0.00307617,0,0.0123047,0,0,0,0,0,0,0,0,0,0,0.00442968,0,0,0,0,0,0,0,0.0125508,0,0,0,0.00159961,0.0055371,0.00504491,0.0036914,0.0036914,0,0.00110742,0.0753045,0.0206718,0.0351913,0.118494,0.031623,0.00947459,0,0.0269472,0.00073828,0.176449,0.00566015,0.0306386,0.11997,0.0801034,0.0302695,0.00196875,0.122308,0.00492187,0.000123047,0,0.00319921,0,0.00455273,0.0018457,0.021164,0.0173496,0.00615233,0,0,0,0.000123047
68400,0,0,0,0,0,0,0,0,0,0,0,0,0,0,0,0,0,0,0,0,0,0,0,0,0,0,0,0,0,0,0,0,0,0.000783436,0,0,0,0.00212647,0,0.00761052,0.00111919,0,0,0,0,0,0,0,0,0,0.00190263,0,0,0.000559597,0,0,0,0,0.00581981,0,0.000111919,0,0.000223839,0.00391718,0.0102966,0.00156687,0.00358142,0,0.000111919,0.0641298,0.0261891,0.0301063,0.116396,0.0588696,0.0283156,0,0.0324566,0.000223839,0.187017,0.00761052,0.0200336,0.0912143,0.0883044,0.0284275,0,0.112367,0.00235031,0.000559597,0.000559597,0.00201455,0.000111919,0.00604365,0.00212647,0.0209289,0.0278679,0.00604365,0,0,0,0
68450,0,0,0,0,0,0,0,0,0,0,0,0,0,0,0,0,0,0,0,0,0,0,0,0,0,0,0,0,0,0,0,0,0,0.00126379,0,0,0,0.00160846,0,0.00884651,0.0011489,0,0,0,0,0,0,0,0,0,0.0011489,0,0.00011489,0.00390625,0,0,0,0,0.00643382,0,0.00126379,0,0,0.00229779,0.0109145,0.000344669,0.00011489,0,0.00172335,0.0627298,0.0124081,0.0361903,0.129825,0.041705,0.0183824,0,0.0263097,0,0.194393,0.00574449,0.0188419,0.100528,0.0795037,0.0222886,0.000689338,0.136604,0.0044807,0.000574449,0.00390625,0,0,0.0121783,0.00723805,0.0272289,0.00965074,0.00689338,0.000344669,0,0,0.000229779
68500,0,0,0,0,0,0,0,0,0,0,0,0,0,0,0,0,0,0,0,0,0,0,0,0,0,0,0,0,0,0,0,0,0,0.00124266,0,0,0,0.00497063,0,0.00971532,0.00192047,0,0,0,0,0,0,0,0,0.000112969,0.00112969,0,0.00112969,0.00282422,0,0.000112969,0,0,0.00406688,0,0,0,0,0.00564844,0.0116358,0,0,0,0.0018075,0.0742205,0.0127655,0.0430411,0.108902,0.0534343,0.0103931,0.000225938,0.0293719,0.000338906,0.183461,0.010845,0.0210122,0.0866471,0.0945549,0.0188658,0,0.116132,0.00350203,0.00384094,0.0018075,0.00112969,0,0.0100542,0.00802079,0.0205603,0.0266606,0.0137822,0,0,0,0.000112969
68550,0,0,0,0,0,0,0,0,0,0,0,0,0,0,0,0,0,0,0,0,0,0,0,0,0,0,0,0,0,0,0,0,0,0.000454133,0,0,0,0.0027248,0,0.010445,0.000681199,0,0,0,0,0,0,0,0,0.000454133,0.000113533,0,0.000113533,0.0020436,0,0,0,0,0.00261126,0,0.00147593,0.000454133,0,0.00442779,0.00953678,0,0.00193006,0.000113533,0.000454133,0.0616485,0.00885559,0.060059,0.105813,0.0674387,0.00840145,0.000681199,0.0215713,0.000113533,0.194596,0.00772025,0.0210036,0.0963896,0.0766349,0.0320163,0,0.120913,0.001703,0.00295186,0.000567666,0.00181653,0,0.0196412,0.00442779,0.0263397,0.0162352,0.00442779,0,0,0,0
68600,0,0,0,0,0,0,0,0,0,0,0,0,0,0,0,0,0,0,0,0,0,0,0,0,0,0,0,0,0,0,0,0,0,0,0,0,0,0.000893455,0,0.0102747,0.00357382,0,0,0,0,0,0,0,0,0.00279205,0.00167523,0,0,0.0012285,0,0,0,0,0.00591914,0,0,0.00100514,0,0.0055841,0.00658923,0,0.000893455,0.000446728,0.000223364,0.0668975,0.0092696,0.0792942,0.097275,0.0587447,0.00960465,0.0036855,0.0263569,0.000670092,0.196225,0.00268037,0.0276971,0.0845432,0.0714764,0.0304892,0,0.118606,0.00178691,0.00513737,0.00234532,0.00413223,0.000111682,0.00848783,0.00156355,0.0228948,0.0254635,0.00335046,0,0,0,0.000111682
68650,0,0,0,0,0,0,0,0,0,0,0,0,0,0,0,0,0,0,0,0,0,0,0,0,0,0,0,0,0,0,0,0,0,0.000320444,0,0,0,0.00299081,0,0.0119633,0.00224311,0,0,0,0,0,0,0,0,0.002884,0.00149541,0,0,0.000534074,0,0,0,0,0.00950652,0,0,0,0,0.00234993,0.00982696,0,0.000534074,0.00128178,0.00106815,0.0803247,0.000747703,0.0728477,0.0710318,0.0410169,0.00886563,0.00256355,0.0463576,0.00021363,0.187994,0.00769066,0.0228584,0.0662252,0.0881222,0.0398419,0.000320444,0.126789,0.0021363,0.00299081,0.00544755,0.00299081,0,0.0122837,0.000106815,0.025956,0.0336467,0.00352489,0,0,0,0.000106815
68700,0,0,0,0,0,0,0,0,0,0,0,0,0,0,0,0,0,0,0,0,0,0,0,0,0,0,0,0,0,0,0,0,0,0.00108838,0,0,0,0.00206791,0,0.0225294,0.00141489,0,0,0,0,0,0,0,0,0,0.00239443,0,0.000544188,0.00108838,0.000544188,0,0,0.000108838,0.00685677,0,0.000108838,0,0.000217675,0.00239443,0.0129517,0,0.00043535,0.000870701,0.000108838,0.0686765,0.000979539,0.0762952,0.0786896,0.0590988,0.00642142,0.000326513,0.0230736,0.00108838,0.186221,0.00892468,0.0290596,0.0671528,0.0769482,0.0300392,0.000108838,0.115586,0.0043535,0.00315629,0.00359164,0.00315629,0,0.0227471,0,0.0268829,0.0441881,0.00718328,0,0,0,0.000326513
68750,0,0,0,0,0,0,0,0,0,0,0,0,0,0,0,0,0,0,0,0,0,0,0,0,0,0,0,0,0,0,0,0,0,0.000222272,0,0,0,0.00400089,0,0.0153367,0.000555679,0,0,0.000666815,0,0,0,0,0,0,0.00111136,0,0,0.00222272,0.000222272,0,0,0,0.00911314,0,0.000889086,0.000111136,0.00177817,0.00177817,0.00777951,0,0.000222272,0.000333407,0.00122249,0.103023,0.000777951,0.0423427,0.0591242,0.0600133,0.00922427,0,0.0217826,0.00355635,0.17904,0.0120027,0.0365637,0.0849078,0.0779062,0.049122,0,0.0953545,0.00700156,0.00188931,0.00533452,0.00544565,0,0.0226717,0.000222272,0.0322294,0.0402312,0.00233385,0,0,0.000111136,0.000222272
68800,0,0,0,0,0,0,0,0,0,0,0,0,0,0,0,0,0,0,0,0,0,0,0,0,0,0,0,0,0,0,0,0,0,0,0,0,0,0.00254763,0,0.00731059,0.000775366,0,0,0.000886132,0.000110767,0,0,0,0,0,0.0016615,0,0,0.00443066,0,0,0,0,0.00431989,0,0.0003323,0,0,0.00221533,0.00376606,0.000443066,0.0003323,0.000110767,0.000664599,0.0900532,0.00243686,0.0491803,0.082521,0.0622508,0.00598139,0.000221533,0.0134027,0.00642446,0.188082,0.0114089,0.0407621,0.105007,0.0790873,0.0487373,0,0.0715552,0.00443066,0.000664599,0.00387683,0.0115197,0,0.0285778,0.000110767,0.0160611,0.0414267,0.00553833,0,0,0,0.000775366
68850,0,0,0,0,0,0,0,0,0,0,0,0,0,0,0,0,0,0,0,0,0,0,0,0,0,0,0,0,0,0,0,0,0,0.00113598,0,0,0,0.00408951,0,0.0097694,0,0,0,0.000113598,0,0,0,0,0,0,0.00363512,0.000113598,0,0.00670226,0,0,0,0,0.00636147,0,0.00318073,0,0,0.00613427,0.00556628,0,0.00102238,0.00102238,0.000340793,0.0999659,0.00579348,0.0604339,0.0798591,0.0531637,0.0134045,0.00215836,0.00988299,0.00181756,0.153357,0.0159037,0.0387368,0.0991707,0.0711121,0.0514597,0.000113598,0.095422,0.00159037,0.000454391,0.00352153,0.00545269,0,0.029081,0.00113598,0.0236283,0.0276042,0.00590708,0,0,0,0.000681586
68900,0,0,0,0,0,0,0,0,0,0,0,0,0,0,0,0,0,0,0,0,0,0,0,0,0,0,0,0,0,0,0,0,0,0.000457509,0,0,0,0.00571886,0,0.00560448,0.000114377,0,0,0,0,0,0,0.000114377,0,0,0.00354569,0,0,0.00354569,0,0.000343132,0,0,0.00663388,0,0.00457509,0,0.000114377,0.0040032,0.00537573,0,0.00125815,0,0.00102939,0.113805,0.00617637,0.0562736,0.0594762,0.0380876,0.0192154,0.00171566,0.0132678,0.00411758,0.17088,0.0179572,0.0307675,0.0937893,0.0840673,0.036372,0,0.111518,0.00263068,0.00125815,0.00354569,0.00834954,0,0.0268786,0.0014869,0.0131534,0.0280224,0.0147547,0,0,0,0
68950,0,0,0,0,0,0,0,0,0,0,0,0,0,0,0,0,0,0,0,0,0,0,0,0,0,0,0,0,0,0,0,0,0,0.000972973,0,0,0,0.00767568,0,0.00832432,0.0012973,0,0.000108108,0,0,0,0,0,0,0,0.00205405,0,0.000216216,0.00151351,0,0.000648649,0,0,0.0052973,0,0.0052973,0.000216216,0,0.00216216,0.0052973,0.000108108,0,0.000972973,0.000972973,0.0936216,0.00572973,0.0427027,0.0852973,0.0414054,0.00648649,0.00172973,0.0227027,0.00313514,0.160649,0.0142703,0.0338378,0.104324,0.0888649,0.0340541,0,0.109946,0.00454054,0.00118919,0.00248649,0.00378378,0,0.0182703,0.000972973,0.0245405,0.0287568,0.0235676,0,0,0,0
69000,0,0,0,0,0,0,0,0,0,0,0,0,0,0,0,0,0,0,0,0,0,0,0,0,0,0,0,0,0,0,0,0,0,0.000232099,0,0,0,0.00731113,0,0.00348149,0.00011605,0,0,0,0,0,0,0,0,0,0.00011605,0,0,0.00011605,0,0.000348149,0,0,0.00499014,0,0.00591853,0,0,0.00232099,0.00615063,0,0.00011605,0.0011605,0.00475804,0.09342,0.00324939,0.044331,0.125914,0.0378322,0.00951607,0.00011605,0.0236741,0.00266914,0.136707,0.00255309,0.0432865,0.0873854,0.106882,0.0208889,0,0.100963,0.00568643,0.00487409,0.00591853,0.00626668,0.000232099,0.0275038,0.00336544,0.0252988,0.0331902,0.0110247,0,0.00011605,0,0
69050,0,0,0,0,0,0,0,0,0,0,0,0,0,0,0,0,0,0,0,0,0,0,0,0,0,0,0,0,0,0,0.000126438,0,0,0.000252876,0,0,0,0.00455178,0,0.00657479,0,0,0,0,0,0,0,0,0,0,0,0,0,0.00139082,0,0.00101151,0,0,0.00252876,0,0.00202301,0,0,0.00139082,0.0059426,0.000252876,0.000758629,0.000885068,0.00278164,0.0988747,0.00391959,0.0642306,0.114932,0.0288279,0.00113794,0,0.0547478,0.00252876,0.130611,0.00328739,0.0338854,0.081932,0.0973574,0.0159312,0.000252876,0.0944494,0.00897711,0.0128967,0.00379315,0.00834492,0,0.0354027,0.0026552,0.019345,0.0342648,0.0168163,0,0,0,0.000126438
69100,0,0,0,0,0,0,0,0,0,0,0,0,0,0,0,0,0,0,0,0,0,0,0,0,0,0,0,0,0,0,0,0,0.000397772,0.000132591,0,0,0,0.00159109,0,0.00782286,0,0,0,0,0,0,0,0,0,0,0.00278441,0,0,0.000530363,0,0.000397772,0,0,0.00225404,0,0.00106073,0,0,0.005834,0.00331477,0.000662954,0.000265182,0.000132591,0.00265182,0.0778308,0.00543622,0.0506497,0.103023,0.0436224,0.00106073,0,0.0316892,0.00185627,0.191063,0.00265182,0.0245293,0.0734553,0.0795545,0.0307611,0,0.0851233,0.005834,0.005834,0.00411032,0.0125961,0,0.0230708,0.005834,0.0261204,0.0536993,0.0290374,0,0,0,0.00172368
69150,0,0,0,0,0,0,0,0,0,0,0,0,0,0,0,0,0,0,0,0,0,0,0,0,0,0,0,0,0,0,0,0,0.000472311,0,0,0,0,0.000826544,0,0.00885583,0,0,0,0,0,0,0,0.00165309,0,0,0.00141693,0,0,0.00118078,0,0.000236155,0,0,0.00295194,0,0.00118078,0.000118078,0,0.00791121,0.00696658,0,0.00200732,0.00165309,0.00177117,0.098831,0.0120439,0.0625812,0.0996576,0.0285748,0.000472311,0.000118078,0.022789,0.00330618,0.19164,0.0042508,0.025859,0.088086,0.0817098,0.0194828,0,0.0798205,0.0140512,0.00401464,0.00141693,0.0109812,0.000354233,0.0233794,0.00177117,0.0305821,0.0231432,0.0307002,0,0,0,0.00118078
69200,0,0,0,0,0,0,0,0,0,0,0,0,0,0,0,0,0,0,0,0,0,0,0,0,0,0,0,0,0,0,0,0,0.000342427,0,0,0,0,0.0021687,0,0.00673439,0,0,0,0,0,0,0,0.000684853,0.00102728,0.000114142,0.00422326,0,0,0.00342427,0,0.000342427,0,0,0.00502226,0,0.000228284,0,0,0.0182628,0.00422326,0,0.00239699,0.00125556,0.00102728,0.0805844,0.0101587,0.028878,0.100331,0.0400639,0.00239699,0.000456569,0.0158658,0.00342427,0.20089,0.00525054,0.032074,0.0910855,0.0948522,0.0259103,0.00205456,0.0783016,0.00776167,0.000798996,0.000913138,0.0214587,0.00308184,0.0241982,0.00365255,0.0349275,0.01929,0.0196325,0,0,0,0.000228284
69250,0,0,0,0,0,0,0,0,0,0,0,0,0,0,0,0,0,0,0,0,0,0,0,0,0,0,0,0,0,0,0,0,0,0,0.000222568,0,0,0.00623192,0,0.0084576,0,0,0,0,0,0,0,0,0,0,0.0021144,0,0,0.0042288,0,0.000333853,0,0,0.0110171,0.000111284,0.00122413,0,0.000445137,0.0116848,0.00200312,0.000556421,0.00456265,0.000667705,0.00333853,0.0980414,0.0077899,0.0400623,0.0831293,0.0449588,0.00267082,0.00122413,0.0153572,0.00367238,0.163699,0.0131315,0.0263744,0.108725,0.087692,0.0262631,0.00523036,0.0862453,0.00901402,0.00300467,0.000333853,0.0142444,0.00834632,0.0233697,0.00278211,0.0247051,0.0205876,0.0217004,0,0,0,0.000445137
69300,0,0,0,0,0,0,0,0,0,0,0,0,0,0,0,0,0,0,0,0,0,0,0,0,0,0,0,0,0,0,0,0,0.000112854,0,0,0,0,0.00383704,0,0.0129782,0,0,0,0,0,0,0,0,0,0,0.00124139,0.000451416,0,0.00282135,0,0.00519129,0,0,0.00925403,0,0.00056427,0,0,0.0056427,0.00191852,0,0.00349848,0.00169281,0.00214423,0.082722,0.0144453,0.035549,0.0819321,0.0522514,0.00744837,0,0.0241508,0.00315991,0.171538,0.00519129,0.0275364,0.103149,0.0922018,0.0226837,0.00282135,0.0863334,0.00598127,0.00169281,0.000789979,0.0118497,0.00203137,0.0312606,0.00519129,0.0330662,0.0215551,0.0197495,0,0,0,0.00236994
69350,0,0,0,0,0,0,0,0,0,0,0,0,0,0,0,0,0,0,0,0,0,0,0,0,0,0,0,0,0,0,0,0,0,0,0.000340175,0,0,0.0066901,0,0.0129266,0,0,0,0,0,0,0,0.000113392,0,0,0.000113392,0.000453566,0,0.00566958,0,0.00464905,0,0,0.00612314,0.000566958,0.000566958,0,0,0.00430888,0.00453566,0,0.00442227,0,0.00306157,0.0797143,0.00691688,0.0407076,0.0826624,0.0549949,0.00374192,0.000226783,0.0227917,0.00544279,0.17553,0.00623653,0.0305023,0.111237,0.108062,0.0218846,0.00215444,0.074725,0.0040821,0.00181426,0.00124731,0.00725706,0.00204105,0.0319764,0.00430888,0.0216578,0.0248327,0.0172355,0,0,0.000226783,0.00124731
69400,0,0,0,0,0,0,0,0,0,0,0,0,0,0,0,0,0,0,0,0,0,0,0,0,0,0,0,0,0,0,0,0,0.000804598,0,0.00264368,0,0,0.00643678,0,0.00413793,0.000229885,0,0,0,0,0,0,0.000804598,0,0,0.000229885,0.00091954,0,0.00448276,0.000344828,0.000229885,0,0,0.00310345,0,0.000229885,0.000114943,0,0.00655172,0.00517241,0,0.00471264,0,0.00482759,0.0704598,0.00310345,0.0377011,0.0922989,0.0426437,0.00850575,0,0.0318391,0.00793103,0.192299,0.00609195,0.031954,0.108391,0.113908,0.0225287,0.0016092,0.0801149,0.0037931,0.000574713,0.00310345,0.00275862,0.0016092,0.0268966,0.0037931,0.0205747,0.0304598,0.0062069,0,0,0.000229885,0.00264368
69450,0,0,0,0,0,0,0,0,0,0,0,0,0,0,0,0,0,0,0,0,0,0,0,0,0,0,0,0,0,0,0,0,0,0,0.00188805,0,0,0.00510884,0,0.00999556,0,0,0,0,0,0,0,0.00177699,0,0,0.000111062,0.000777432,0,0.00921813,0,0,0,0,0.00222124,0,0.00188805,0.000222124,0.000111062,0.00555309,0.00322079,0,0.000888494,0.000111062,0.00766326,0.0618614,0.00488672,0.0420924,0.0802976,0.0482008,0.00199911,0.00344291,0.0354287,0.00733008,0.195691,0.0108841,0.0313194,0.0925144,0.123723,0.0181031,0.00199911,0.0847401,0.00188805,0.000111062,0.000111062,0.008996,0.000777432,0.030542,0.00355398,0.0186584,0.0348734,0.00288761,0,0,0.000666371,0.00166593
69500,0,0,0,0,0,0,0,0,0,0,0,0,0,0,0,0,0,0,0,0,0,0,0,0,0,0,0,0,0,0,0,0,0,0,0.000803397,0,0,0.0027545,0,0.00401699,0,0,0,0,0,0,0,0,0,0,0,0.000344313,0.000803397,0.00929645,0.000114771,0.000803397,0,0,0.00241019,0.000114771,0.000459084,0.000229542,0,0.00321359,0.00332836,0,0.000573855,0.000688626,0.0035579,0.066682,0.00149202,0.0430391,0.0868817,0.051647,0.00401699,0.000688626,0.0160679,0.00241019,0.175714,0.0185929,0.0284632,0.0829795,0.128429,0.0145759,0.00390222,0.11546,0.00390222,0.000114771,0,0.0106737,0.00539424,0.0293814,0.00378744,0.0141168,0.0514174,0.00309882,0,0,0.000803397,0.0027545
69550,0,0,0,0,0,0,0,0,0,0,0,0,0,0,0,0,0,0,0,0,0,0,0,0,0,0,0,0,0,0,0,0,0,0.000625469,0.000250188,0,0,0.00375281,0,0.00212659,0,0,0,0,0,0,0,0,0,0,0.000125094,0,0,0.00650488,0,0.00462847,0.000250188,0,0.00212659,0.000750563,0.000375281,0.000250188,0,0.004003,0.00425319,0,0.00125094,0.00162622,0.0020015,0.0527896,0.00250188,0.0411559,0.0738054,0.0676758,0.0138854,0.000125094,0.0247686,0.000875657,0.166375,0.00788091,0.0250188,0.104203,0.104328,0.0182637,0.00450338,0.111334,0.00350263,0.00275206,0.000875657,0.0110083,0.00262697,0.0399049,0.00150113,0.0215161,0.0549162,0.00688016,0,0,0.000125094,0
69600,0,0,0,0,0,0,0,0,0,0,0,0,0,0,0,0,0,0,0,0,0,0,0,0,0,0,0,0,0,0,0,0,0,0.00122727,0,0,0,0.00390494,0,0.00435122,0,0,0,0,0,0,0,0,0,0,0.000669419,0,0,0.00468593,0,0.00100413,0.00011157,0,0.00535535,0.000334709,0.000557849,0,0,0.00981814,0.0047975,0,0.0011157,0.00133884,0.00167355,0.0670534,0.00557849,0.0344751,0.09026,0.060694,0.0059132,0.00022314,0.0245454,0.00323552,0.148276,0.0059132,0.0108223,0.0909294,0.114136,0.0278924,0.0011157,0.139574,0.00446279,0.00580163,0.000334709,0.00981814,0.00156198,0.0315742,0.00245454,0.0129421,0.0547808,0.00468593,0,0,0,0
69650,0,0,0,0,0,0,0,0,0,0,0,0,0,0,0,0,0,0,0,0,0,0,0,0,0,0,0,0,0,0,0,0,0,0.000531237,0,0,0,0.00414365,0,0.00531237,0.000743731,0,0,0,0,0,0,0,0,0,0.000956226,0,0,0.00509987,0,0.00148746,0.000106247,0,0.00424989,0.000956226,0.00191245,0.000106247,0,0.0038249,0.00467488,0.000106247,0.00148746,0,0.00350616,0.0785168,0.00106247,0.0324054,0.0930727,0.0480238,0.00690608,0,0.0301742,0.00297493,0.151721,0.00733107,0.009881,0.0982788,0.126116,0.0232682,0.000743731,0.123566,0.00265618,0.00361241,0.000956226,0.00350616,0.00138122,0.0301742,0.00329367,0.0171058,0.0593923,0.00424989,0,0,0,0.000424989
69700,0,0,0,0,0,0,0,0,0,0,0,0,0,0,0,0,0,0,0,0,0,0,0,0,0,0,0,0,0,0,0,0,0,0.000967846,0,0,0,0.00494677,0,0.00505431,0.00204323,0,0,0,0.000107538,0,0,0,0,0,0.000860308,0.000322615,0,0.00397892,0,0.000430154,0,0,0.00828046,0.00118292,0.00430154,0.000322615,0,0.00699,0.00451661,0,0.000215077,0.000107538,0.002796,0.0669965,0.00516185,0.0281751,0.0877514,0.0395741,0.00914077,0.000322615,0.0133348,0.00430154,0.158082,0.00473169,0.0231208,0.0795784,0.135176,0.0230132,0.000860308,0.14808,0.00215077,0.00548446,0.000645231,0.00505431,0.00182815,0.0429078,0.000537692,0.0269921,0.0340897,0.00483923,0,0.000107538,0,0.000537692
69750,0,0,0,0,0,0,0,0,0,0,0,0,0,0,0,0,0,0,0,0,0,0,0,0,0.000101543,0,0,0,0,0,0,0,0.00132006,0.000101543,0,0,0,0.00680341,0,0.0103574,0.00101543,0,0,0,0.000406174,0,0,0,0,0,0.00121852,0,0.000101543,0.0110682,0,0.00132006,0,0,0.00741267,0.00111698,0.00030463,0,0,0.00406174,0.00578798,0.000203087,0.000203087,0,0.00426483,0.0602153,0.00517872,0.0352356,0.0760561,0.0410236,0.00639724,0.000101543,0.00974817,0.00264013,0.132819,0.00446791,0.0250812,0.119618,0.112307,0.0254874,0.000203087,0.131905,0.00365556,0.00680341,0.00111698,0.00639724,0.00142161,0.0682372,0.0016247,0.0261982,0.03158,0.00578798,0,0.000913891,0,0.000609261
69800,0,0,0,0,0,0,0,0,0,0,0,0,0,0,0,0,0,0,0,0,0,0,0,0,0,0,0,0,0,0,0,0,0.000975927,0,0,0,0,0.00379527,0,0.0105183,0.000759054,0,0,0,0,0,0,0,0,0.00130124,0.000216873,0,0.000433745,0.00401214,0,0.00162655,0,0,0.00542182,0.000433745,0.000867491,0.000108436,0,0.00216873,0.00650618,0.000325309,0.0023856,0.000108436,0.0071568,0.0598569,0.0152895,0.0379527,0.0965083,0.0410974,0.00813273,0,0.0111689,0.00249404,0.116352,0.00412058,0.0201692,0.117653,0.123617,0.0126871,0.000216873,0.0998699,0.00672305,0.00986771,0.00466276,0.0105183,0.00151811,0.0630015,0.00693993,0.0278681,0.0451095,0.00412058,0,0.000542182,0,0.00281935
69850,0,0,0,0,0,0,0,0,0,0,0,0,0,0,0,0,0,0,0,0,0,0,0,0,0,0,0.000106191,0,0,0,0,0,0,0,0,0,0,0.00679622,0,0.00509716,0.00159286,0,0,0,0,0,0,0,0,0.000637146,0.00297335,0,0.000743337,0.00212382,0,0.000424764,0,0,0.0133801,0.000212382,0.000849527,0,0,0.00297335,0.0104067,0.000955718,0.00265477,0.00169905,0.00562812,0.0694489,0.00860147,0.0458745,0.0801742,0.0436445,0.00477859,0.000318573,0.016141,0.000849527,0.151747,0.00955718,0.0123181,0.105023,0.117553,0.00488478,0.000637146,0.110545,0.00775194,0.00191144,0.00159286,0.0163534,0.00530955,0.0481045,0.00509716,0.0280344,0.0346182,0.00424764,0,0.000955718,0.000212382,0.00446002
69900,0,0,0,0,0,0,0,0,0,0,0,0,0,0,0,0,0,0,0,0,0,0,0,0,0,0,0,0,0,0,0,0,0.000208725,0,0,0,0,0.00563557,0,0.00480067,0.000417449,0,0,0,0,0,0,0,0,0.000104362,0.00198288,0,0,0.00584429,0.000834899,0.000313087,0,0,0.00876644,0.000313087,0.000626174,0.000521812,0,0.00448758,0.00396577,0.00219161,0.00386141,0.00240033,0.00459194,0.0469631,0.00907952,0.0498852,0.0630349,0.0391359,0.00667919,0,0.0180547,0.00407013,0.159883,0.00730536,0.0157587,0.12106,0.118869,0.00219161,0,0.140889,0.00469631,0.00219161,0.00260906,0.0102275,0.00354832,0.0388228,0.00500939,0.0362137,0.0306825,0.00855771,0,0.000104362,0.000104362,0.0025047
69950,0,0,0,0,0,0,0,0,0,0,0,0,0,0,0,0,0,0,0,0,0,0,0,0,0,0,0,0,0,0,0,0,0,0,0,0,0,0.00848033,0,0.00248756,0.000791497,0,0,0,0,0,0,0,0,0,0.00158299,0,0,0.00531434,0,0,0,0,0.00746269,0.00282678,0.00135685,0,0.00113071,0.00814111,0.00938489,0.000904568,0.000565355,0.000113071,0.00554048,0.0617368,0.00983718,0.0523519,0.0447761,0.0399141,0.00565355,0,0.0195613,0.00361827,0.153777,0.0108548,0.0221619,0.108209,0.114541,0.00644505,0,0.111036,0.00226142,0.00339213,0.00203528,0.0070104,0.00836725,0.0556309,0.00995025,0.0357304,0.0414971,0.00927182,0,0,0,0.0042967
70000,0,0,0,0,0,0,0,0,0,0,0,0,0,0,0,0,0,0,0,0,0,0,0,0,0,0,0,0,0,0,0,0,0,0.00130577,0.000870511,0,0,0.0078346,0,0.00533188,0.000217628,0.000217628,0,0,0,0,0,0,0,0,0.00359086,0,0.000108814,0.00478781,0,0.000217628,0.000326442,0,0.00663765,0.00119695,0.00195865,0.00054407,0.00108814,0.00924918,0.0039173,0.00054407,0.000435256,0.000217628,0.00587595,0.0557127,0.0130577,0.0539717,0.0492927,0.0420022,0.00511425,0,0.0240479,0.00348205,0.153863,0.0125136,0.011099,0.0974973,0.0946681,0.00511425,0.000217628,0.121872,0.00228509,0.0108814,0.000108814,0.0196953,0.00761697,0.0598477,0.0225245,0.0325354,0.0285092,0.00707291,0,0,0,0.00892274
70050,0,0,0,0,0,0,0,0,0,0,0,0,0,0,0,0,0,0,0,0,0,0,0,0,0,0,0,0,0,0,0,0,0,0.00155941,0,0,0,0.00135149,0,0.00862876,0.000623765,0.000311883,0,0,0,0,0,0,0,0,0.00353467,0,0.000311883,0.000415844,0,0,0.000207922,0,0.00821291,0.000311883,0.00145545,0,0.00124753,0.00519805,0.00343071,0.00332675,0.000831687,0.00228714,0.00322279,0.047822,0.00935648,0.0470943,0.0540597,0.058634,0.0117476,0.000207922,0.0243269,0.00686142,0.167273,0.018505,0.0203763,0.0794261,0.111862,0.00790103,0.000207922,0.123713,0.000103961,0.00571785,0,0.0123713,0.00270298,0.0540597,0.01601,0.0247427,0.0324358,0.00790103,0,0,0,0.00810895
70100,0,0,0,0,0,0,0,0,0,0,0,0,0,0,0,0,0,0,0,0,0,0,0,0,0,0,0,0,0,0,0,0,0,0.000209096,0,0,0,0.00564558,0,0.00250915,0.00115003,0,0,0.000313643,0,0,0,0,0,0,0.00188186,0,0,0.00167277,0.000104548,0.000731835,0,0,0.00575013,0,0,0.000313643,0.000104548,0.0070047,0.00470465,0.00156822,0,0.00230005,0.0021955,0.0604286,0.00815473,0.0577104,0.0775745,0.0377418,0.0142185,0.000627287,0.0285416,0.0046001,0.138003,0.0142185,0.0203868,0.0707789,0.118871,0.00731835,0.000627287,0.152326,0.000627287,0.00658651,0,0.015264,0.00250915,0.0457919,0.0151594,0.0199686,0.0336644,0.00418191,0,0,0,0.00595923
70150,0,0,0,0,0,0,0,0,0,0,0,0,0,0,0,0,0,0,0,0,0,0,0,0,0,0,0,0,0,0,0,0,0,0,0.000561745,0,0,0.00870705,0,0.00215336,0,0,0,0.000187248,0,0,0,0,0,0,0.00131074,0,0,0.0030896,0,9.36242e-05,0,0,0.010954,0,0,0.000748994,9.36242e-05,0.0023406,0.00262148,0.000936242,0.00121711,9.36242e-05,0.000561745,0.0596386,0.00898792,0.0462504,0.088943,0.0367007,0.00964329,0.000187248,0.0221889,0.0027151,0.158974,0.0195675,0.0111413,0.0807977,0.145773,0.00674094,9.36242e-05,0.147271,0.00177886,0.00149799,0.000561745,0.00767718,9.36242e-05,0.0502762,0.00730269,0.0101114,0.0284618,0.00159161,0,0,0,0.00936242
70200,0,0,0,0,0,0,0,0,0,0,0,0,0,0,0,0,0,0,0,0,0,0,0,0,0,0,0,0,0,0,0,0,0,0,0.000691358,0,0,0.00612346,0,0.00681481,0,0,0,0,0,0,0,0,0,0,0.00187654,0,0.000197531,0.0022716,0,0,0,0,0.00454321,0,0.000296296,0.00128395,0,0.00641975,0.00108642,0.00118519,0.00217284,0.000493827,0.00108642,0.0584691,0.0162963,0.0435556,0.0821728,0.0453333,0.00592593,0.000790123,0.0171852,0.00740741,0.154765,0.012642,0.00839506,0.103309,0.113679,0.0124444,0.000987654,0.134617,0.00108642,0,0.00207407,0.0105679,0.000888889,0.0527407,0.00622222,0.0234074,0.0396049,0.00454321,9.87654e-05,0,0,0.00424691
70250,0,0,0,0,0,0,0,0,0,0,0,0,0,0,0,0,0,0,0,0,0,0,0,0,0,0,0,0,0,0,0,0,0,0,0.000387184,0,0,0.00580776,0,0.000774368,9.67961e-05,0,0,0,0,0,0,0,0,0,0.00183912,0,0,0.0074533,0,0,0,0,0.00358145,0,0.000193592,0.000387184,0,0.00271029,0.00154874,0.000871164,0.00435582,0.000967961,9.67961e-05,0.0559481,0.00716291,0.0497532,0.0918595,0.0507211,0.00116155,0.00145194,0.0154874,0.0048398,0.133772,0.0100668,0.0172297,0.097764,0.127771,0.0173265,0.00154874,0.135514,0.00106476,9.67961e-05,0.000871164,0.0120995,0.00145194,0.0501404,0.00474301,0.0272965,0.0423967,0.00619495,0,0.000193592,0,0.00300068
70300,0,0,0,0,0,0,0,0,0,0,0,0,0,0,0,0,0,0,0,0,0,0,0,0,0,0,0,0,0,0,0,0,0,0.000629044,0.000449317,0,0,0.00341481,0,0.00647017,0.000718907,0,0,0.000449317,0,0,0,0,0,0,0,0,0,0.00557153,0,0,0,0,0.00503235,0,0.000808771,0.000449317,0,0.0026959,0.00593098,0,0.00422358,0.000718907,0.000449317,0.0790798,0.00611071,0.0440331,0.0893242,0.0446621,0.00026959,0.00206686,0.0187815,0.000898634,0.132279,0.0257908,0.0173436,0.101006,0.0929188,0.0268692,0.0017074,0.135873,0.00278577,0.000359454,0.00377426,0.0131201,0.00125809,0.0233645,0.00395399,0.035496,0.0442128,0.0103343,0,0,0,0.00431344
70350,0,0,0,0,0,0,0,0,0,0,0,0,0,0,0,0,0,0,0,0,0,0,0,0,0,0,0,0,0,0,0,0,0,0.000488854,0.00117325,0,0,0.00439969,0,0.00694173,0.00127102,0.000293312,0,0,0,0,0,0,0,0,0,0,0,0.00410637,0,0.000684396,0,0,0.00215096,0.00146656,0.00117325,0.00195542,0,0.00958154,0.00244427,0,0.000488854,0.00215096,0.00136879,0.0646265,0.00821275,0.0548494,0.0886781,0.0532851,0.000977708,0.0016621,0.0191631,0.00205319,0.138639,0.0124169,0.0114392,0.0899492,0.0896558,0.0181854,0.00322644,0.117521,0.00371529,0.00185765,0.00831052,0.0124169,0.00205319,0.0412593,0.00811498,0.0296246,0.0476144,0.0233672,0,0,0,0.00498631
70400,0,0,0,0,0,0,0,0,0,0,0,0,0,0,0,0,0,0,0,0,0,0,0,0,0,0,0,0,0,0,0,0,0,0.000513505,0.00133511,0,0,0.00749718,0,0.00749718,0.00112971,0,0,0,0,0,0,0,0,0,0.000410804,0,0,0.00267023,0.000102701,0.000924309,0.000308103,0.000102701,0.00369724,0.000718907,0.000616206,0.00246482,0,0.00421074,0.00215672,0.000102701,0.000616206,0.00390264,0.00523775,0.0632638,0.00883229,0.0602855,0.0770258,0.038821,0.00225942,0.00472425,0.021978,0,0.112663,0.00729177,0.0103728,0.0825716,0.109685,0.0262915,0.00472425,0.121598,0.00112971,0.000102701,0.00318373,0.0136592,0.00441614,0.039848,0.00883229,0.0489884,0.0536099,0.018897,0,0,0,0.00872959
70450,0,0,0,0,0,0,0,0,0,0,0,0,0,0,0,0,0,0,0,0,0,0,0,0,0,0,0,0,0,0,0,0,0,0,0.00125013,0,0,0.00541723,0,0.00572976,0.00291697,0,0,0,0,0,0,0,0,0,0.000312533,0.000520888,0,0.00583394,0.000104178,0.000104178,0,0,0.00541723,0.00125013,0.00145849,0,0,0.00468799,0.00291697,0.000312533,0.000729243,0.00333368,0.0041671,0.0732368,0.00489634,0.0543807,0.0803209,0.0385457,0.00302115,0.00354204,0.0169809,0.000312533,0.137306,0.0141681,0.00802167,0.0917804,0.098031,0.014064,0.00562559,0.104282,0.00145849,0.00208355,0.000937598,0.0203146,0.00781331,0.0325034,0.0113553,0.0286488,0.078654,0.00375039,0,0,0,0.0175018
70500,0,0,0,0,0,0,0,0,0,0,0,0,0,0,0,0,0,0,0,0,0,0,0,0,0,0,0,0,0,0,0,0,0,0,0.00150081,0,0,0.0017317,0,0.00704225,0.00300162,0,0,0,0,0,0,0,0,0,0.000923574,0,0,0.00450242,0,0.000115447,0,0,0.00207804,0.000115447,0.00300162,0,0,0.00877396,0.00380974,0,0.000230894,0.00554145,0.0126991,0.0436389,0.00207804,0.0413299,0.107366,0.0348649,0.00507966,0.00138536,0.021704,0.00126991,0.132533,0.0220503,0.0153544,0.0691526,0.134726,0.00738859,0.00935119,0.091203,0.00161625,0.00150081,0.00150081,0.00623413,0.00207804,0.0352113,0.00981298,0.0527592,0.0718079,0.00461787,0,0.000692681,0.000230894,0.0163934
70550,0,0,0,0,0,0,0,0,0,0,0,0,0,0,0,0,0,0,0,0,0,0,0,0,0,0,0,0,0,0,0,0,0,0,0.000596374,0,0,0.00250477,0,0.00322042,0,0,0,0,0,0,0,0,0,0,0.000477099,0,0,0.00489027,0,0.00023855,0,0,0.00656011,0,0.00262405,0,0,0.012166,0.00178912,0.00107347,0.00023855,0.0023855,0.0188454,0.0692987,0.0023855,0.0505725,0.055105,0.0427004,0.00369752,0.000119275,0.036021,0.000954198,0.136212,0.00894561,0.0106155,0.0710878,0.145038,0.0205153,0.00548664,0.0978053,0.00107347,0.0014313,0.00310115,0.00811069,0,0.0359017,0.00942271,0.0533158,0.0604723,0.00381679,0,0,0,0.00918416
70600,0,0,0,0,0,0,0,0,0,0,0,0,0,0,0,0,0,0,0,0,0,0,0,0,0,0,0,0,0,0,0,0,0,0,0.000810279,0,0,0.00775553,0,0.00208357,0.000231508,0,0.0012733,0,0,0,0,0,0,0,0.000115754,0,0,0.00300961,0,0,0.000347262,0,0.00717676,0,0.00138905,0,0,0.00590346,0.000926033,0.000115754,0.000347262,0.00231508,0.00856581,0.0659799,0.0015048,0.0545202,0.0627387,0.0476907,0.00821854,0,0.0363468,0.000115754,0.126404,0.0234981,0.0158583,0.0789443,0.126982,0.0251186,0.00717676,0.105799,0.000694525,0.00567195,0.00185207,0.00300961,0,0.0372728,0.00856581,0.0398194,0.0570668,0.00694525,0,0,0,0.0098391
70650,0,0,0,0,0,0,0,0,0,0,0,0,0,0,0,0,0,0,0,0,0,0,0,0,0,0,0,0,0,0,0,0,0.000995135,0,0,0,0,0.00574967,0,0.00508625,0.00386997,0,0,0,0,0,0,0,0,0,0.000331712,0,0.000221141,0.00342769,0,0.000221141,0,0,0.0129368,0,0.000773994,0.000110571,0,0.00829279,0.00243255,0.000884564,0,0,0.00586024,0.0881247,0.00552853,0.0342769,0.0552853,0.0435648,0.00309598,0,0.0272004,0,0.113998,0.0231092,0.0276426,0.087019,0.10272,0.0227775,0.00762937,0.10659,0.00121628,0.00331712,0.00254312,0.00464396,0,0.0442282,0.016475,0.0269792,0.0806059,0.00984078,0,0,0,0.0103936
70700,0,0,0,0,0,0,0,0,0,0,0,0,0,0,0,0,0,0,0,0,0,0,0,0,0,0,0,0,0,0,0,0,0.000434122,0,0.000325591,0,0,0.00412416,0,0.00586065,0.00586065,0,0,0,0,0,0,0,0,0,0.000542652,0,0,0.00336445,0,0.000434122,0,0,0.00879097,0.000434122,0.000434122,0,0,0.00369004,0.00195355,0.000217061,0.00010853,0.000542652,0.00293032,0.0672889,0.00347298,0.02659,0.0951812,0.0301715,0.00434122,0,0.0396136,0.000651183,0.129368,0.00792273,0.0204037,0.0849794,0.102995,0.015954,0.00857391,0.114825,0.0010853,0.00238767,0.00238767,0.00488387,0,0.044606,0.0145431,0.021272,0.0866073,0.0224658,0,0,0.000325591,0.00705448
70750,0,0,0,0,0,0,0,0,0,0,0,0,0,0,0,0,0,0,0,0,0,0,0,0,0,0,0,0,0,0,0,0,0,0,0.000444642,0,0,0.00400178,0,0.00655847,0.00144509,0,0,0,0,0,0,0,0,0,0.00155625,0,0,0.00578035,0,0.00144509,0,0,0.00889284,0.00111161,0.00655847,0.000111161,0,0.00578035,0.00266785,0,0,0.00233437,0.00111161,0.0486883,0.00655847,0.0226767,0.101712,0.0432414,0.0042241,0.000111161,0.0508004,0.00144509,0.134393,0.011783,0.0244553,0.0812583,0.107381,0.00711427,0.0134504,0.109271,0.00767008,0.000444642,0.00233437,0.00678079,0,0.0445754,0.0174522,0.0241218,0.054024,0.0153402,0.000111161,0,0,0.00878168
70800,0,0,0,0,0,0,0,0,0,0,0,0,0,0,0,0,0,0,0,0,0,0,0,0,0,0,0,0,0,0,0,0,0,0,0,0,0,0.00120907,0,0.00856423,0.0027204,0,0,0,0,0,0,0,0,0,0.00191436,0,0,0.00332494,0,0.000604534,0,0,0.00201511,0,0.00403023,0,0,0.00483627,0.00110831,0,0.000604534,0.000302267,0.00110831,0.0414106,0.0129975,0.0296222,0.0858438,0.0476574,0.00392947,0,0.0273048,0.00332494,0.138942,0.0184383,0.0153149,0.101159,0.131889,0.0144081,0.0113854,0.0881612,0.00302267,0.000100756,0.00151134,0.0225693,0.000100756,0.0432242,0.0126952,0.0271033,0.0732494,0.00604534,0,0,0,0.00624685
70850,0,0,0,0,0,0,0,0,0,0,0,0,0,0,0,0,0,0,0,0,0,0,0,0,0,0,0,0,0,0,0,0,0,0,0,0,0,0.00174466,0,0.00574713,0.00184729,0,0,0,0,0,0,0,0,0,0.00194992,0,0,0.00420772,0,0.00102627,0,0,0.00667077,0,0.0056445,0,0,0.00574713,0,0,0.000718391,0.00133415,0.00184729,0.0450534,0.0131363,0.0418719,0.0763547,0.0401273,0.00533662,0,0.0313013,0.00297619,0.153017,0.0169335,0.0153941,0.107553,0.124795,0.018165,0.0124179,0.078202,0.000718391,0.000307882,0.00153941,0.0150862,0.000102627,0.047619,0.0155993,0.027812,0.0534688,0.00892857,0,0,0,0.00769704
70900,0,0,0,0,0,0,0,0,0,0,0,0,0,0,0,0,0,0,0,0,0,0,0,0,0,0,0,0,0,0,0,0,0,0,0.000343328,0,0,0.00354772,0,0.00766766,0.00228885,0,0,0,0,0,0,0,0,0,0.00331884,0,0,0.00709545,0,0.000457771,0,0,0.0117876,0,0.0061799,0,0,0.00469215,0.000343328,0,0.0016022,0.00446326,0.00480659,0.062829,0.0169375,0.0362783,0.0711833,0.0417716,0.00366217,0.000457771,0.0274662,0.00572213,0.173724,0.00801099,0.0130465,0.0902953,0.128405,0.0146487,0.00251774,0.0725566,0.000915541,0.00205997,0.00411994,0.0107576,0,0.037995,0.0196841,0.0339895,0.0466926,0.0085832,0,0,0,0.00709545
70950,0,0,0,0,0,0,0,0,0,0,0,0,0,0,0,0,0,0,0,0,0,0,0,0,0,0,0,0,0,0,0,0,0,0,0,0,0,0.00168331,0,0.00695769,0.0048255,0,0,0,0,0,0,0,0,0,0.000448883,0,0,0.00605993,0,0.000112221,0,0,0.0053866,0,0.00549882,0,0,0.00359107,0.000673325,0,0.000673325,0.00875323,0.00381551,0.0644148,0.00965099,0.0322074,0.0765346,0.0510605,0.00774324,0.00392773,0.0308607,0.00246886,0.164179,0.0148132,0.0199753,0.0913478,0.108069,0.0195264,0.00448883,0.0804623,0.00280552,0.00179553,0.00201998,0.0163842,0,0.0215464,0.0223319,0.0264841,0.0498261,0.0134665,0,0,0.000785546,0.0123443
71000,0,0,0,0,0,0,0,0,0,0,0,0,0,0,0,0,0,0,0,0,0,0,0,0,0,0,0,0,0,0,0,0,0,0,0,0,0,0.0038787,0,0.00282087,0.000235073,0,0,0,0,0,0,0,0,0,0,0,0,0.00599436,0,0.000117536,0,0,0.000822755,0,0.00658204,0.000117536,0,0.00634697,0.000470146,0,0.00117536,0.00199812,0.00246827,0.0591208,0.0164551,0.0377292,0.0901504,0.0492478,0.0106958,0.00505407,0.0269158,0.00223319,0.183827,0.0275035,0.0166902,0.0816878,0.0836859,0.00834509,0.00564175,0.0655853,0.00246827,0.0038787,0.000470146,0.0153973,0,0.0271509,0.0138693,0.0421956,0.0693465,0.00540668,0,0.000235073,0.00105783,0.0149271
71050,0,0,0,0,0,0,0,0,0,0,0,0,0,0,0,0,0,0,0,0,0,0,0,0,0,0,0,0,0,0,0,0,0,0,0.000223314,0,0,0.00279142,0,0.00446628,0.0023448,0,0,0,0,0,0,0,0,0,0.000558285,0,0,0.00346137,0,0.000446628,0,0,0.00256811,0.000334971,0.00267977,0,0,0.0109424,0.00290308,0.000558285,0.0015632,0.000558285,0.0112774,0.050469,0.0147387,0.045891,0.112662,0.0315989,0.00502456,0.00714605,0.0328272,0.00279142,0.219406,0.0179768,0.0116123,0.0664359,0.0912238,0.0101608,0.00513622,0.0604064,0.0023448,0.00413131,0.00346137,0.0180884,0,0.030929,0.00792765,0.0347253,0.0521438,0.00524788,0,0,0.00100491,0.00681108
71100,0,0,0,0,0,0,0,0,0,0,0,0,0,0,0,0,0,0,0,0,0,0,0,0,0,0,0,0,0,0,0,0,0,0,0.000109769,0,0,0.00548847,0,0.00153677,0.000878156,0,0,0.000109769,0,0,0,0,0,0,0,0,0,0.0039517,0,0,0,0,0.00669594,0,0.00109769,0,0,0.00559824,0.000878156,0.000439078,0,0.000109769,0.00351262,0.0453348,0.0174533,0.0296378,0.115258,0.0329308,0.0116356,0.00461032,0.0371021,0.000548847,0.196048,0.0284303,0.0187706,0.0849616,0.108672,0.00878156,0.00515917,0.0671789,0.0050494,0.0064764,0.00384193,0.00669594,0.000219539,0.0298573,0.00812294,0.0390779,0.0469813,0.0025247,0,0,0,0.00823271
71150,0,0,0,0,0,0,0,0,0,0,0,0,0,0,0,0,0,0,0,0,0,0,0,0,0,0,0,0,0,0,0,0,0,0,0,0,0,0.00140222,0,0.00388308,0,0,0,0,0,0,0,0,0,0,0.000107863,0,0,0.0020494,0,0,0,0,0.00668752,0.000215726,0.00226513,0.000215726,0,0.00679538,0.00345162,0.000755043,0,0,0.00388308,0.0448711,0.00830547,0.0278287,0.0921152,0.0533923,0.00981555,0.0061482,0.0453026,0.000107863,0.184123,0.0216805,0.0203862,0.118326,0.0961061,0.00377521,0.00248085,0.0732391,0.00345162,0.00862906,0.0032359,0.0106785,0,0.0327904,0.00798188,0.027613,0.05048,0.0093841,0,0,0.000970769,0.00506957
71200,0,0,0,0,0,0,0,0,0,0,0,0,0,0,0,0,0,0,0,0,0,0,0,0,0,0,0,0,0,0,0,0,0,0,0,0,0,0.000944684,0,0.005983,0.000944684,0,0,0,0.00104965,0,0,0,0,0,0,0,0,0.00230923,0,0,0,0,0.00608796,0,0.00136454,0,0,0.0106014,0.00146951,0.00020993,0,0.00020993,0.0038837,0.0493335,0.00619293,0.0287604,0.10507,0.044925,0.00503831,0.00430356,0.0308597,0.000629789,0.175711,0.00871208,0.0213079,0.100556,0.114622,0.0108114,0.00419859,0.0694867,0.00220426,0.00692768,0.0017844,0.0225674,0,0.050803,0.00692768,0.02981,0.0488086,0.00860712,0,0,0.000839719,0.00514328
71250,0,0,0,0,0,0,0,0,0,0,0,0,0,0,0,0,0,0,0,0,0,0,0,0,0,0,0,0,0,0,0,0,0,0,0,0,0,0.00264628,0,0.00411644,0.00254827,0,0,0,0,9.80104e-05,0,0,0,0,0.000294031,0,0,0.00254827,0,0.000686073,0,0,0.0123493,0,0.000294031,0.000294031,0,0.00989905,0.00245026,0,0,0,0.00666471,0.0506714,0.00558659,0.0455748,0.108203,0.0357738,0.00166618,0.00499853,0.0180339,0,0.15025,0.0158777,0.0242086,0.106341,0.11673,0.00588062,0.00176419,0.084975,0.00411644,0.00431246,0.000686073,0.0114672,0,0.0539057,0.00803685,0.0350877,0.0496913,0.00695874,0,9.80104e-05,0,0.00421445
71300,0,0,0,0,0,0,0,0,0,0,0,0,0,0,0,0,0,0,0,0,0,0,0,0,0,0,0,0,0,0,0,0,0,0,0,0,0,0.00624537,0,0.00179951,0.000105854,0,0,0,0,0,0.000105854,0,0,0.000105854,0.00105854,0,0,0.00285805,0,0.00084683,0,0,0.00942098,0,0,0.000105854,0,0.00402244,0.00243464,0.00116439,0,0,0.00359903,0.0490103,0.00582195,0.040542,0.114216,0.0546205,0.00211707,0.00402244,0.0330264,0.000105854,0.132635,0.0116439,0.0171483,0.0891288,0.120885,0.00952683,0.00254049,0.0563142,0.00402244,0.00508098,0.000529269,0.0202181,0,0.0630888,0.0115381,0.0408595,0.0548322,0.0140785,0,0.000105854,0,0.0084683
71350,0,0,0,0,0,0,0,0,0,0,0,0,0,0,0,0,0,0,0,0,0,0,0,0,0,0,0,0,0,0,0,0,0,0,0,0,0,0.00725398,0,0.00200439,0,0,0,0,0,0,0,0,0,0,0.00171805,0,0,0.0016226,0,9.54472e-05,0,0,0.00410423,0,0.000286342,0,0.000190894,0.00381789,0.00334065,0.00267252,0,0.00152715,0.00248163,0.0592727,0.00553594,0.0589864,0.0989787,0.0477236,0.00362699,0.00763577,0.0297795,0.00229073,0.127899,0.0154624,0.010881,0.0651904,0.128472,0.00515415,0.00820846,0.08218,0.00143171,0.00839935,0.000763577,0.0258662,0,0.0616589,0.0106901,0.0380834,0.0460055,0.00964016,9.54472e-05,0,0.00124081,0.00773122
71400,0,0,0,0,0,0,0,0,0,0,0,0,0,0,0,0,0,0,0,0,0,0,0,0,0,0,0,0,0,0,0,0,0,0,0,0,0,0.00816131,0,0.000672108,0,0,9.60154e-05,0,0.000384061,0.000672108,0,0,0,0,0.00201632,0,0,0.00316851,0,0.000384061,0,0,0.00547288,0,0.000384061,0,0,0.00528084,0.00288046,0.000960154,0,9.60154e-05,0.0024964,0.0479117,0.00883341,0.0588574,0.0926548,0.049832,0.00172828,0.00633701,0.0406145,0.00518483,0.141431,0.00739318,0.00739318,0.0691311,0.109746,0.00441671,0.00691311,0.1012,0.00220835,0.0111378,0.0012482,0.0241959,0.000288046,0.0480077,0.0151704,0.0253481,0.0493519,0.0141143,0.000192031,0,0.00115218,0.0148824
71450,0,0,0,0,0,0,0,0,0,0,0,0,0,0,0,0,0,0,0,0,0,0,0,0,0,0,0,0,0,0,0,0,0,0,0,0,0,0.00365875,0,0.00669284,0.000178476,0,0,0,0.000267714,0,0,0,0,0,0.000803141,0,0,0.00107085,0,0.001874,0,0,0.016509,8.92379e-05,0.00196323,0,0,0.00508656,0.00196323,0.00205247,0.000178476,0,0.00124933,0.0483669,0.00526504,0.0391754,0.0819204,0.0658576,0.00553275,0.00383723,0.0394432,0.00490808,0.126093,0.0103516,0.0166875,0.0860253,0.113243,0.00678208,0.00348028,0.0856684,0.001874,0.00794217,0,0.0251651,0.000892379,0.0464037,0.0142781,0.0273068,0.05738,0.018383,0,0,8.92379e-05,0.0140104
71500,0,0,0,0,0,0,0,0,0,0,0,0,0,0,0,0,0,0,0,0,0,0,0,0,0,0,0,0,0,0,0,0,0,0,0,0,0,0.00294506,0,0.00355438,0.000406215,0,0,0,0.00152331,0,0,0,0,0,0.00142175,0,0,0.00182797,0,0.00304661,0,0,0.0197014,0.000507769,0,0,0,0.00558546,0.00152331,0.00335127,0.00172641,0,0.00162486,0.0429572,0.0041637,0.0248807,0.0906875,0.0464101,0.00842896,0.00365594,0.0422464,0.00152331,0.146745,0.0101554,0.0193968,0.0823601,0.121966,0.00863207,0.00203108,0.0994211,0.00223418,0.0081243,0.00192952,0.0164517,0.000609323,0.0496598,0.0157408,0.0260993,0.0576825,0.0109678,0,0.000101554,0,0.00599167
71550,0,0,0,0,0,0,0,0,0,0,0,0,0,0,0,0,0,0,0,0,0,0,0,0,0,0,0,0,0,0,0,0,0,9.60338e-05,0,0,0,0.00451359,0,0.00528186,0.00076827,0,0,0,0.00115241,0,0,0,0,0,0.00240085,0,0,0.000960338,0,0.00144051,0,0,0.0179583,0.00144051,0.000384135,0.000480169,0,0.0059541,0.00268895,0.00307308,0.000672237,0.000960338,0.00124844,0.0547393,0.0071065,0.0172861,0.0810525,0.0565639,0.0109479,0.00537789,0.0390858,0.000384135,0.147796,0.00672237,0.028522,0.0736579,0.116393,0.00749064,0.00115241,0.0889273,0.00480169,0.0172861,0.00460962,0.0134447,9.60338e-05,0.028522,0.0290022,0.0241045,0.0605013,0.0146932,0,0,0,0.00825891
71600,0,0,0,0,0,0,0,0,0,0,0,0,0,0,0,0,0,0,0,0,0,0,0,0,0,0,0,0,0,0,0,0,0,0,0,0,0,0.00275398,0,0.00203998,0.000917993,0,0,0,0.00183599,0,0,0,0,0,0.00163199,0,0,0.00326397,0,0,0,0,0.0120359,0.00336597,0.000305998,0.000101999,0.000509996,0.00499796,0.00203998,0.00112199,0,0.00265198,0.000407997,0.0520196,0.00795594,0.0230518,0.0844553,0.0691554,0.00560996,0.00499796,0.0424317,0.00305998,0.140555,0.0151979,0.0192778,0.0679315,0.134435,0.00836393,0.00132599,0.0881273,0.00173399,0.0126479,0.000815993,0.0119339,0,0.0377397,0.0310078,0.0235618,0.0513056,0.00917993,0,0.000509996,0,0.0116279
71650,0,0,0,0,0,0,0,0,0,0,0,0,0,0,0,0,0,0,0,0,0,0,0,0,0,0,0,0,0,0,0,0,0,0,0,0,0,0.00167429,0,0.00133944,0.000892957,0,0,0,0.000446478,0,0,0,0,0,0.00725527,0,0,0.00312535,0,0.00212077,0,0,0.0101574,0.00145105,0.00011162,0,0.00011162,0.00491126,0.00156267,0.00145105,0.000334859,0.000446478,0.000781337,0.0541355,0.0103806,0.0266771,0.0923094,0.0505637,0.00468802,0.00613908,0.0674182,0.00971091,0.142427,0.00792499,0.0210961,0.0725527,0.121219,0.00825985,0.00412993,0.0859471,0.00346021,0.0114968,0.00100458,0.0104922,0,0.0435316,0.0250028,0.0132827,0.048108,0.00725527,0,0.000892957,0.00011162,0.0116084
71700,0,0,0,0,0,0,0,0,0,0,0,0,0,0,0,0,0,0,0,0,0,0,0,0,0,0,0,0,0,0,0,0,0,0,0,0,0,0.00244927,0,0.00268253,0.000349895,0,0,0,0.00069979,0,0,0,0,0,0.00863074,0,0,0.00268253,0,0.000933053,0,0,0.0092139,0.000349895,0.00151621,0,0,0.00548169,0.000116632,0.00198274,0.000233263,0.000116632,0.00139958,0.0817588,0.00594822,0.0314906,0.0872405,0.0693958,0.00828085,0.00349895,0.0393049,0.0118964,0.137859,0.00968043,0.0187777,0.0762771,0.0972708,0.013296,0.002216,0.0900397,0.00349895,0.0166783,0.000349895,0.00804759,0,0.0435036,0.0152787,0.0239095,0.0377887,0.0136459,0,0.0047819,0.000233263,0.0092139
71750,0,0,0,0,0,0,0,0,0,0,0,0,0,0,0,0,0,0,0,0,0,0,0,0,0,0,0,0,0,0,0,0,0,0,0,0,0,0.000886088,0,0.00383972,0.000196909,0,0,0,0.000492271,0,0,0,0,0,0.00324899,0,0,0.00118145,0,0.000393817,0,0,0.00403662,0,0,0,0,0.00649798,0.000886088,0.00206754,0.00127991,0.00118145,0.00275672,0.0810279,0.0034459,0.0233337,0.108989,0.0665551,0.00571035,0.00285517,0.0407601,0.00571035,0.145122,0.0158511,0.0144728,0.0666535,0.0898887,0.011913,0.000984543,0.1019,0.00354435,0.0154573,0.000393817,0.0114207,0,0.0347544,0.00728562,0.0417446,0.0440091,0.0068918,0.000590726,0.00876243,0.001083,0.00994388
71800,0,0,0,0,0,0,0,0,0,0,0,0,0,0,0,0,0,0,0,0,0,0,0,0,0,0,0,0,0,0,0,0,0,0,0,0,0,0.00351878,0,0.00133143,0.000475511,0,0,0,0.00142653,0,0,0,0,0,0.00646695,0,0,0.000951022,0,0.000380409,0,0,0.00209225,0,0.000570613,0,9.51022e-05,0.00646695,0.00294817,0.00266286,0.00123633,0.0041845,0.00770328,0.074465,0.0125535,0.0205421,0.102806,0.0495483,0.00466001,0.00389919,0.0374703,0.00817879,0.145221,0.0190204,0.0195911,0.0863528,0.0723728,0.0128388,0.00199715,0.106134,0.00133143,0.00627675,0,0.0112221,0,0.0272943,0.0184498,0.0450785,0.0450785,0.0118878,9.51022e-05,0.00285307,0.000190204,0.0100808
71850,0,0,0,0,0,0,0,0,0,0,0,0,0,0,0,0,0,0,0,0,0,0,0,0,0,0,0,0,0,0,0,0,0,0,0,0,0,0.00125096,0,0.0017321,0.0024057,0,0,0,9.62279e-05,0,0,0,0,9.62279e-05,0.00962279,9.62279e-05,0,0.00182833,0,0.000866051,0,9.62279e-05,0.00365666,0,0.00144342,0,0,0.00808314,0.00471517,0.00192456,0.00125096,0.00134719,0.00952656,0.0752502,0.0142417,0.0345458,0.0987298,0.0327175,0.00654349,0.00144342,0.03801,0.00798691,0.156563,0.0294457,0.0138568,0.0955543,0.0841994,0.0058699,0.00365666,0.0893957,0.0034642,0.00529253,0,0.0123172,0,0.0245381,0.0203041,0.0298306,0.0496536,0.00866051,0.000288684,9.62279e-05,0.000288684,0.00721709
71900,0,0,0,0,0,0,0,0,0,0,0,0,0,0,0,0,0,0,0,0,0,0,0,0,0,0,0,0,0,0,0,0,0,0,0,0,0,0.00175456,0,0.0055561,0.00194951,0,0,0,0.0011697,0,0,0,0,0,0.0102349,0,0,0.00224193,0,0.00107223,0,0,0.00565357,0,0.000487377,9.74754e-05,0,0.00935764,0.00545862,0.00126718,0.00204698,0.000974754,0.00857783,0.0792475,0.00887026,0.0335315,0.0947461,0.033824,0.00350911,0.00136466,0.0296325,0.00926016,0.128083,0.0121844,0.0124768,0.0992299,0.0784677,0.00760308,0.00438639,0.0966956,0.00243688,0.00477629,0,0.0195926,0.000292426,0.0268057,0.0284628,0.0419144,0.0544887,0.0156935,0,0,0.000584852,0.013939
71950,0,0,0,0,0,0,0,0,0,0,0,0,0,0,0,0,0,0,0,0,0,0,0,0,0,0,0,0,0,0,0,0,0,0,0,0,0,0.00341915,0,0.00261464,0.000905068,0,0,0,0.0019107,0,0,0,0,0,0.00543041,0,0,0.00462591,0,0.00110619,0,0,0.00201126,0,0.000201126,0,0,0.00683829,0.00432422,0.00130732,0.000905068,0.00160901,0,0.0519912,0.0154867,0.0368061,0.0861826,0.059634,0.00532985,0.00834674,0.0200121,0.0057321,0.122989,0.0133749,0.0194087,0.0871883,0.0931215,0.00593323,0.00603379,0.0927192,0.00311746,0.00643604,0,0.0240346,0,0.0396219,0.0192076,0.0483709,0.0600362,0.0145817,0,0,0.00824618,0.00884956
72000,0,0,0,0,0,0,0,0,0,0,0,0,0,0,0,0,0,0,0,0,0,0,0,0,0,0,0,0,0,0,0,0,0,0,0,0,0,0.00633306,0,0.00498339,0.000207641,0,0,0,0.00124585,0,0,0.000103821,0,0,0.00612542,0,0,0.00591777,0,0.00134967,0,0,0.00477575,0.000103821,0,0,0,0.00384136,0.0129776,0.00508721,0.00259551,0.000830565,0,0.0507683,0.0162998,0.0336379,0.0668605,0.0593854,0.0035299,0.00560631,0.0216985,0.00622924,0.12064,0.0130814,0.0348837,0.0916736,0.0930233,0.00737126,0.00840947,0.0899086,0.00145349,0.0137043,0,0.00446429,0,0.0418397,0.0184801,0.0405939,0.0658223,0.0185839,0,0.000103821,0.00529485,0.0101744
72050,0,0,0,0,0,0,0,0,0,0,0,0,0,0,0,0,0,0,0,0,0,0,0,0,0,0,0,0,0,0,0,0,0,0,0,0,0,0.00645444,0,0.00273493,0,0,0,0,0.00284433,0,0,0,0,0,0.00207855,0,0,0.000328192,0,0.00142216,0,0,0.00842359,0,0.000656383,0,0,0.00557926,0.00459468,0.00273493,0.00229734,0,0,0.0365387,0.0157532,0.0331474,0.0551362,0.0595121,0.00426649,0.00525107,0.0188163,0.00350071,0.144076,0.00765781,0.0320534,0.0957226,0.0927688,0.0144404,0.0108303,0.0913467,0.000218794,0.00328192,0,0.00240674,0,0.0511979,0.0171754,0.0505415,0.0608249,0.0397112,0,0,0.00218794,0.0114867
72100,0,0,0,0,0,0,0,0,0,0,0,0,0,0,0,0,0,0,0,0,0,0,0,0,0,0,0,0,0,0,0,0,0,0,0,0,0,0.00730668,0,0.00395778,0.000202963,0,0,0,0.00263852,0,0,0,0,0,0.00172519,0,0,0.00182667,0,0.00101482,0,0,0.0088289,0,0.000710371,0,0,0.00405927,0.00436371,0.00213111,0.00172519,0.000202963,0.000101482,0.0482038,0.0165415,0.0336919,0.0741831,0.0555105,0.00872742,0.00446519,0.0316623,0.00355186,0.100974,0.0072052,0.0374467,0.0983357,0.115385,0.0122793,0.0124822,0.101583,0.000101482,0.00923483,0.000202963,0.000913335,0,0.0394764,0.0302415,0.0407956,0.0386645,0.0209052,0,0,0.000405927,0.0160341
72150,0,0,0,0,0,0,0,0,0,0,0,0,0,0,0,0,0,0,0,0,0,0,0,0,0,0,0,0,0,0,0,0,0,0,0,0,0,0.00938822,0,0.00433302,0.000309502,0,0.000515836,0,0.000722171,0,0,0,0,0,0.00113484,0,0.000103167,0.00319818,0,0.00134117,0,0.000206334,0.0105231,0,0.00144434,0,0,0.00361085,0.0117611,0.00319818,0.00278552,0.00134117,0,0.0447746,0.0165068,0.0391004,0.0729392,0.052409,0.00608687,0.00278552,0.0318787,0.00237285,0.122769,0.00990405,0.024038,0.0921283,0.103889,0.0118642,0.0106262,0.0796451,0.000619003,0.0157846,0,0.0056742,0.000619003,0.0498298,0.0354895,0.0307438,0.0513773,0.0107294,0,0,0.000206334,0.0192923
72200,0,0,0,0,0,0,0,0,0,0,0,0,0,0,0,0,0,0,0,0,0,0,0,0,0,0,0,0,0,0,0,0,0,0,0,0,0,0.0130002,0,0.00213285,0.000101564,0,0.00152346,0,0.00121877,0,0,0,0,0.000203128,0.00233597,0,0.0011172,0.00517977,0,0.00203128,0,0,0.0104611,0,0,0,0,0.00477351,0.0090392,0.003961,0.0014219,0.00050782,0.00192972,0.0539305,0.0150315,0.0322974,0.0660167,0.04286,0.0100548,0.00243754,0.0247816,0.00304692,0.128885,0.0137112,0.0310786,0.0880561,0.111619,0.00995328,0.0120861,0.067337,0.00152346,0.0171643,0,0.00802356,0.00294536,0.0489539,0.0328052,0.0235629,0.0518992,0.0146252,0.000203128,0,0.000812513,0.0233597
72250,0,0,0,0,0,0,0,0,0,0,0,0,0,0,0,0,0,0,0,0,0,0,0,0,0,0,0,0,0,0,0,0,0,0,0,0,0,0.0110283,0,0.00157546,0.000525155,0,0.00157546,0,0.000945279,0,0,0,0,0,0.00115534,0,0,0.00262577,0,0.000840248,0,0.000945279,0.00493646,0,0,0,0,0.00756223,0.00808739,0.00315093,0.00105031,0.000105031,0.0105031,0.0477891,0.020271,0.0332948,0.0615482,0.040647,0.00535658,0.0016805,0.0282533,0.00241571,0.120471,0.01691,0.0188005,0.0820292,0.0864405,0.0128138,0.00325596,0.0851801,0.000840248,0.013654,0,0.0128138,0.00105031,0.0529356,0.0595526,0.0317194,0.0560865,0.0172251,0.000105031,0,0.000945279,0.0293036
72300,0,0,0,0,0,0,0,0,0,0,0,0,0,0,0,0,0,0,0,0,0,0,0,0,0,0,0,0,0,0,0,0,0,0,0,0,0,0.0113545,0,0.00572749,0.00100482,0,0.00231109,0,0,0,0,0,0,0,0.000803859,0,0,0,0,0.000502412,0,0,0.00401929,0,0,0,0,0.0103497,0.00522508,0.000703376,0,0.000100482,0.00351688,0.0373794,0.0167805,0.0252211,0.0703376,0.0495378,0.00532556,0,0.0357717,0.00351688,0.112741,0.0167805,0.0277331,0.0847066,0.0849076,0.00904341,0.00351688,0.102894,0.00130627,0.0126608,0.000100482,0.0218047,0.00120579,0.0511455,0.0494373,0.0371785,0.0616961,0.00934486,0,0,0.00100482,0.0213023
72350,0,0,0,0,0,0,0,0,0,0,0,0,0,0,0,0,0,0,0,0,0,0,0,0,0,0,0,0,0,0,0,0,0,0,0,0,0,0.00993195,0,0.00579364,0.000183925,0,0,0.000183925,0.000183925,0,0,0,0,0,0.0007357,0,0.000551775,0,0,0,0,0.000183925,0.00459812,9.19625e-05,0,0,0,0.00818466,0.00965606,0.000275887,0.00036785,0,0.0007357,0.0337502,0.0164613,0.0202317,0.0805591,0.056373,0.00818466,9.19625e-05,0.0261173,0.00634541,0.129299,0.0133346,0.0167372,0.103642,0.0524186,0.0088284,0.00754092,0.111091,0.00174729,0.00910429,0.00036785,0.0210594,0.00137944,0.0447857,0.0528784,0.0545338,0.0429465,0.0111275,0.000183925,0,0.00340261,0.0238183
72400,0,0,0,0,0,0,0,0,0,0,0,0,0,0,0,0,0,0,0,0,0,0,0,0,0,0,0,0,0,0,0,0,0,0,0,0,0,0.00911728,0,0.00279735,0.000310816,0,0,0,0.000518027,0,0,0,0,0,0.00113966,0,0.00155408,0.000207211,0,0.000310816,0,0,0.00476585,0,0,0,0,0.00839204,0.0104642,0,0.000103605,0,0.00352259,0.0352259,0.0142976,0.03046,0.0854745,0.0513883,0.00787402,0.000103605,0.0359511,0.00922089,0.130232,0.0137795,0.0254869,0.087443,0.0781185,0.0095317,0.00818483,0.109822,0.000518027,0.00352259,0.0019685,0.0131579,0.00134687,0.0454828,0.0467261,0.0405097,0.0346042,0.00922089,0.000414422,0.000103605,0.000103605,0.026523
72450,0,0,0,0,0,0,0,0,0,0,0,0,0,0,0,0,0,0,0,0,0,0,0,0,0,0,0,0,0,0,0,0,0,0,0,0,0,0.00490294,0,0.00460276,0.00110066,0,0,0,0.00080048,0.00010006,0,0,0,0.00020012,0.00030018,0,0.00020012,0.00040024,0,0,0,0,0.0065039,0,0,0,0,0.00920552,0.00690414,0,0.00020012,0.00020012,0.00220132,0.0389234,0.0101061,0.0346208,0.0726436,0.0372223,0.0124074,0,0.0289174,0.0085051,0.105964,0.0176106,0.0188113,0.0852512,0.0891535,0.00890534,0.0151091,0.114068,0.00080048,0.00490294,0.005003,0.0182109,0.0025015,0.061637,0.0480288,0.0355213,0.0476286,0.00970582,0.00010006,0,0.00090054,0.0290174
72500,0,0,0,0,0,0,0,0,0,0,0,0,0,0,0,0,0,0,0,0,0,0,0,0,0,0,0,0,0,0,0,0,0,0,0,0,0,0.00845503,0,0.00724717,0,0,0,0,0.000329417,0,0.00076864,0,0,0.000109806,0,0,0.00076864,0.00296475,0,0.000988251,0,0,0.00911387,0,0.0019765,0,0,0.00878445,0.0112002,0.000219611,0.000988251,0,0.00428242,0.0562205,0.011859,0.0440321,0.0763149,0.0556715,0.00999231,0.00142747,0.0208631,0.00307456,0.131328,0.015263,0.0131767,0.0764247,0.049742,0.0146042,0.0125178,0.110025,0.000219611,0.00845503,0.0018667,0.0191062,0.00175689,0.061601,0.0390908,0.0308554,0.0386516,0.00603931,0.000329417,0,0.00494125,0.0263534
72550,0,0,0,0,0,0,0,0,0,0,0,0,0,0,0,0,0,0,0,0,0,0,0,0,0,0,0,0,0,0,0,0,0,0,0,0,0,0.00603704,0,0.0035813,0,0,0,0,0.000102323,0,0,0,0,0.000511614,0.000920905,0,0,0.00235342,0,0.000204645,0,0,0.00593472,0,0.000716259,0,0,0.00757188,0.00746956,0.000102323,0.00102323,0,0.00603704,0.0596541,0.0136089,0.047887,0.0588356,0.0569938,0.00818582,0.000613936,0.0204645,0.0013302,0.149289,0.0109485,0.0167809,0.0666121,0.0445104,0.0247621,0.0223064,0.111122,0.00184181,0.0045022,0.00347897,0.0134043,0.00511614,0.0465568,0.0554589,0.0402128,0.0353013,0.0113578,0,0.000102323,0.00562775,0.0205669
72600,0,0,0,0,0,0,0,0,0,0,0,0,0,0,0,0,0,0,0,0,0,0,0,0,0,0,0,0,0,0,0,0,0,0,0,0,0,0.00292483,0,0.000779955,0.00136492,0,0,0,0,0,0,0,0,0,0.00204738,0,0,0.00194989,0,0.000292483,0,0,0.00409476,0,0,0,0,0.016574,0.00419226,0,0.00438725,0,0.00643463,0.068831,0.0182315,0.0397777,0.0531344,0.0481622,0.0155016,0.00292483,0.0166715,0.00224237,0.140002,0.026616,0.0150141,0.0630789,0.0467973,0.0200838,0.0216438,0.109681,0.00438725,0.0156966,0.00399727,0.0334406,0.00194989,0.0428,0.0460174,0.0371454,0.04319,0.0070196,0,0,0.0017549,0.00916447
72650,0,0,0,0,0,0,0,0,0,0,0,0,0,0,0,0,0,0,0,0,0,0,0,0,0,0,0,0,0,0,0,0,0,0,0,0,0,0.004752,0,0.001782,0,0,0,0,0.000693001,0,0,0,0,0,0.00801901,0,0,0.001386,0,0.003168,0,0,0.003762,0,0.000396,0,0,0.00930601,0.00663301,0.000396,0.000495,0.001089,0.00514801,0.0742501,0.016434,0.0662311,0.0519751,0.03762,0.00683101,0.000198,0.021681,0.002574,0.121275,0.016929,0.014454,0.0843481,0.0788041,0.01287,0.012276,0.0989011,0.004356,0.017226,0.00821701,0.021186,0.004455,0.039303,0.026037,0.040887,0.044451,0.014157,0.000396,0.000297,0.00584101,0.00851401
72700,0,0,0,0,0,0,0,0,0,0,0,0,0,0,0,0,0,0,0,0,0,0,0,0,0,0,0,0,0,0,0,0,0,0,0,0,0,0.00397812,0,0.00208851,0,0,0,0,0.000497265,0,0,0,0,0,0.00457484,0,0,0.000895077,0.000397812,0.00328195,0,0,0.00328195,9.9453e-05,0.000795624,0,0,0.00626554,0.0155147,0.00139234,0.000198906,0.00099453,0.000397812,0.0844356,0.0123322,0.0567877,0.0609647,0.0433615,0.0117355,0.000497265,0.0175037,0.00238687,0.145102,0.0166087,0.00795624,0.0701144,0.101542,0.00696171,0.0122327,0.088911,0.00238687,0.0128294,0.00397812,0.0246643,0.00228742,0.0394828,0.0346096,0.0331179,0.043461,0.0103431,9.9453e-05,0,0.000696171,0.00795624
72750,0,0,0,0,0,0,0,0,0,0,0,0,0,0,0,0,0,0,0,0,0,0,0,0,0,0,8.91345e-05,0,0,0,0,0,0,0,0,0,0,0.00178269,0,0.00329798,0,0,0,0,0.000802211,0,0,0,0,0,0.0123897,0,0,0,0,0.000713076,0,0,0.00552634,0,0.00133702,0,0,0.00205009,0.011944,0.000356538,0.000713076,0.000267404,0,0.070238,0.0120332,0.0408236,0.0648008,0.0263838,0.00615028,0.00213923,0.0131919,0.00525894,0.151707,0.00677422,0.0223728,0.0928782,0.0994741,0.00597201,0.00882432,0.0904715,0.00632855,0.00953739,0.000534807,0.0242446,0.00401105,0.0368126,0.0431411,0.0492022,0.0389518,0.0153311,0,0,0.000356538,0.0107853
72800,0,0,0,0,0,0,0,0,0,0,0,0,0,0,0,0,0,0,0,0,0,0,0,0,0,0,0,0,0,0,0,0,0,0,0,0,9.59049e-05,0.0019181,0,0.00268534,0.00258943,0,0,0,0.00115086,0,0,0,0,0,0.00258943,0,0,0,0,0.000575429,0,0,0.00469934,0,0.00105495,9.59049e-05,0,0.00431572,0.0116045,0.00297305,0.000863144,0.00143857,0,0.0782584,0.0137144,0.0426777,0.0865062,0.0285796,0.00690515,9.59049e-05,0.0130431,0.017167,0.139925,0.0115086,0.0216745,0.091685,0.064544,0.0129472,0.0217704,0.0863144,0.00575429,0.01007,0,0.0253189,0.00316486,0.0366357,0.029251,0.0459384,0.0476647,0.0108372,0,0,0.00153448,0.0078642
72850,0,0,0,0,0,0,0,0,0,0,0,0,0,0,0,0,0,0,0,0,0,0,0,0,0,0,0.00036245,0,0,0,0,0,0,0,0,0,0,0.00398695,0,0.000996738,0.000453063,0,0,0,0.000181225,0,0,0,0,0,0.00570859,0,0,0,0,0.00036245,0,0,0.0065241,0,0,0,0,0.00516491,0.00516491,0.00172164,0,0.000543675,0,0.0628851,0.011236,0.0382385,0.085357,0.0241029,0.00498369,0.000271838,0.0138637,0.016129,0.139996,0.00788329,0.024556,0.0884378,0.0685937,0.0151323,0.0203878,0.0808264,0.00172164,0.00851758,0.000181225,0.031805,0.00407756,0.0473904,0.0435846,0.0476622,0.0552736,0.0119609,0.000271838,0.000181225,0.00380573,0.00951432
72900,0,0,0,0,0,0,0,0,0,0,0,0,0,0,0,0,0,0,0,0,0,0,0,0,0,0,0.000277034,0,0,0,0,0,0,0,0,0,0,0.00387847,0,0.00258565,0.00129282,0,0,0,0.000554068,0,0,0,0,9.23446e-05,0.00618709,0,0,0.000461723,0,9.23446e-05,0,0,0.0043402,0,0.00221627,0,0,0.00360144,0.00627943,0.000369379,0.00156986,0,0,0.0594699,0.00969619,0.0337981,0.0693508,0.0269646,0.0147751,0,0.0186536,0.0180995,0.130668,0.00424785,0.0306584,0.0947456,0.0918829,0.0174531,0.0168991,0.0765537,0.00120048,0.00627943,0.000461723,0.0210546,0.00387847,0.0549451,0.037769,0.0515283,0.0507895,0.0145905,0,0,0.00101579,0.00877274
72950,0,0,0,0,0,0,0,0,0,0,0,0,0,0,0,0,0,0,0,0,0,0,0,0,0,0,0,0,0,0,0,0,0,0,0,0,0,0.00451935,0,0.00630826,0.000941531,0,0,0,0.000753225,0,0,0,0,0,0.00837963,0,0,0.000470765,0.000188306,0.00122399,0,0,0.00536673,0,0.000188306,0,0,0.00244798,0.00310705,0.000753225,0.000659072,0,0,0.0527257,0.00828547,0.0429338,0.0662838,0.0232558,0.00969777,0.000376612,0.0142171,0.00941531,0.128707,0.009227,0.0181715,0.0960362,0.0921759,0.0195838,0.0182657,0.0853969,0.00263629,0.00611995,0.00131814,0.0296582,0.0014123,0.0659072,0.0403917,0.0511251,0.0448169,0.0145937,0.000282459,0,0.00235383,0.00932116
73000,0,0,0,0,0,0,0,0,0,0,0,0,0,0,0,0,0,0,0,0,0,0,0,0,0,0,0,0,0,0,0,0,0,0,0,0,0,0.00368739,0,0.00676022,0.00204855,0,0,0,0.000204855,0,0,0,0,0,0.00860391,0,0.000102428,0.000614565,0,0.000716993,0,0,0.0108573,0.000204855,0.000102428,0,0,0.0052238,0.00676022,0.0040971,0.000716993,0,0,0.0504968,0.00532623,0.0306258,0.0566424,0.023251,0.00850149,0,0.0121889,0.00716993,0.149749,0.00747721,0.0197685,0.0927993,0.0978183,0.0235583,0.0124962,0.0719041,0.00153641,0.00839906,0.000204855,0.0271433,0.0011267,0.071392,0.032572,0.0614565,0.0480385,0.0169005,0,0,0,0.0107549
73050,0,0,0,0,0,0,0,0,0,0,0,0,0,0,0,0,0,0,0,0,0,0,0,0,0,0,0,0,0,0,0,0,0,0,0,0,0,0.00245723,0,0.0032763,0.00182017,0,0,0,0,0,0,0,0,0,0.0097379,0,0,0.000182017,0,0.000364033,0,0,0.00445941,0,0,0,0.00054605,0.00800874,0.0043684,0.0021842,0.000910084,0,0,0.054787,0.0043684,0.0375865,0.0682563,0.0260284,0.010375,0.000364033,0.0245723,0.0116491,0.146432,0.0132872,0.0170186,0.0744448,0.0783582,0.0336731,0.00664361,0.0836367,9.10084e-05,0.00682563,0,0.0315799,0.00118311,0.065526,0.0319439,0.043411,0.0678012,0.00900983,0,0,0,0.0128322
73100,0,0,0,0,0,0,0,0,0,0,0,0,0,0,0,0,0,0,0,0,0,0,0,0,0,0,0,0,0,0,0,0,0,0,0,0,0,0.000744463,0,0.00483901,0.00204727,0,0,0,0,0,0,0,0,0,0.00604876,0,0,0,0,9.30579e-05,0,0,0.00790992,0,0,0,0,0.00437372,0.00586265,0.00232645,0.000837521,0,0,0.0528569,0.00651405,0.0406663,0.0731435,0.0294993,0.00874744,0.00186116,0.0287549,0.00316397,0.118184,0.0139587,0.0258701,0.0907314,0.0715615,0.0258701,0.0132142,0.0855202,0.000186116,0.00335008,0.000465289,0.0219617,0.00167504,0.0617904,0.0416899,0.0510888,0.0695142,0.00549042,0,0,0.000186116,0.0174018
73150,0,0,0,0,0,0,0,0,0,0,0,0,0,0,0,0,0,0,0,0,0,0,0,0,0,0,0,0,0,0,0,0,0,0,0,0,0,0.00138799,0,0.00564449,0.000185065,0.000462663,0,0,0,0,0,0,0,0,0.00314611,0,0,0,0,0,0,9.25326e-05,0.0119367,0,0,0,0.000277598,0.00564449,0.00647728,0.00101786,0.00471916,0,0.000277598,0.0516332,0.00434903,0.0369205,0.0565374,0.0414546,0.00545942,0.0045341,0.0150828,0.0110114,0.129453,0.00943833,0.0179513,0.0914222,0.0857777,0.0275747,0.00999352,0.087906,0.000740261,0.0144351,0.00240585,0.0254465,0.00129546,0.0664384,0.0366429,0.0462663,0.0610715,0.0039789,9.25326e-05,0,0,0.0134172
73200,0,0,0,0,0,0,0,0,0,0,0,0,0,0,0,0,0,0,0,0,0,0,0,0,0,0,0,0,0,0,0,0,0,0,0,0,0,0.00110152,0,0.00495686,0.000458968,0,0,0,0,0,0,0.000275381,0,0,0.00403892,0,0,0.000275381,0,0,0,0.000183587,0.0071599,0,0.000917936,0,0,0.00596659,0.00550762,0.000183587,0.00211125,9.17936e-05,0,0.0562695,0.00541583,0.0335047,0.0728842,0.0335965,0.0029374,0.00257022,0.0250597,0.0162475,0.133009,0.00670094,0.01689,0.0860106,0.0682945,0.025794,0.00771067,0.106572,0.000826143,0.00367175,0.00247843,0.0194603,0.000275381,0.0513126,0.0477327,0.051588,0.0692124,0.00504865,0,0.000734349,0,0.0149624
73250,0,0,0,0,0,0,0,0,0,0,0,0,0,0,0,0,0,0,0,0,0,0,0,0,0,0,0,0,0,0,0,0,0,0,0,0,0,0.00355366,0,0.00479744,0.0010661,0,0,0,0,0,0,0,0,0,0.00444208,0,0,0.00266525,0,0.00115494,0,0,0.00541933,0,8.88415e-05,0,0,0.00595238,0.00328714,0,0.00195451,0.00293177,0,0.0354478,0.00764037,0.0447761,0.0629886,0.0443319,0.00302061,0.00310945,0.0150142,0.0126155,0.124023,0.0115494,0.023543,0.0961265,0.0679638,0.021855,0.00382018,0.102434,0.000621891,0.00550817,0.00222104,0.0143923,0.00142146,0.0709844,0.0483298,0.0502843,0.065565,0.0104833,0,0,0,0.0126155
73300,0,0,0,0,0,0,0,0,0,0,0,0,0,0,0,0,0,0,0,0,0,0,0,0,0,0,0,0,0,0,0,0,0,0,0,0,0,0.00806595,0,0.00354547,0.00141819,0,0,0,0,0,0,0,0,0,0.00390002,0,0,0.00655912,0,0.00141819,0,0,0.00390002,0,0,0,0,0.00824322,0.00345683,0,0.000620457,0.00186137,0.000177274,0.0536252,0.0106364,0.0450275,0.0523843,0.0350115,0.00345683,0.000975004,0.0113455,0.0130296,0.139071,0.0117001,0.0192342,0.111594,0.0741003,0.0198546,0.0070023,0.0833186,8.86368e-05,0.0118773,0.000975004,0.0136501,0.000177274,0.0581457,0.0397979,0.042457,0.0691367,0.0102819,0,0,8.86368e-05,0.018791
73350,0,0,0,0,0,0,0,0,0,0,0,0,0,0,0,0,0,0,0,0,0,0,0,0,0,0,0,0,0,0,0,0,0,0,0,0,0,0.00358522,0,0.00174664,9.19287e-05,0.000919287,0,0,9.19287e-05,0,0,0,0,0,0.00147086,0,0,0.0032175,0,0.00110314,0,0,0.00395293,0,0,0,0,0.00717044,0.00505608,0,0.000459643,0.00147086,0,0.0599375,0.0138812,0.039989,0.0581908,0.0336459,0.00717044,0.000183857,0.0132377,0.0099283,0.144788,0.0120427,0.0214194,0.0867807,0.0931237,0.0102041,0.00643501,0.0746461,0.000459643,0.0117669,0.000643501,0.0216032,0.0032175,0.0703254,0.0410002,0.0475271,0.0509285,0.0149844,0,0,0,0.0216032
73400,0,0,0,0,0,0,0,0,0,0,0,0,0,0,0,0,0,0,0,0,0,0,0,0,0,0,0,0,0,0,0,0,0,0,0,0,0,0.00288184,0,0.0023415,9.00576e-05,0,0,0,0,0,0,0,0,0,0.00414265,0,0,0.000630403,0,0.000180115,0,0,0.00369236,0.000990634,0,0,0,0.00936599,0.00369236,0,0.000990634,0.000900576,9.00576e-05,0.0623199,0.0123379,0.0507024,0.0602486,0.0232349,0.00423271,9.00576e-05,0.0126081,0.00558357,0.128332,0.010897,0.0245857,0.101045,0.103116,0.0104467,0.00522334,0.0815922,0,0.00783501,0.00324207,0.0144993,0.00252161,0.0735771,0.0362032,0.0511527,0.0401657,0.0200829,0.000540346,0.000270173,0.00369236,0.0196326
73450,0,0,0,0,0,0,0,0,0,0,0,0,0,0,0,0,0,0,0,0,0,0,0,0,0,0,0,0,0,0,0,0,0,0,0,0,0,0.00490107,0,0.00190597,0.000363042,0,0,0,0,0,9.07606e-05,0,0,0,0.00245054,0,0,0.000635324,0,0.000816845,0,0,0.00199673,0.000363042,0,0,0,0.00626248,0.00408423,0,0.00199673,0.00245054,0,0.0400254,0.00952986,0.0402069,0.0779633,0.0324015,0.00308586,0,0.0167907,0.00653476,0.139136,0.0114358,0.0245961,0.0836812,0.109548,0.0153385,0.012525,0.070884,0,0.00571792,0.00526411,0.00825921,0.000544563,0.0957524,0.038301,0.0444727,0.0481939,0.0137048,0,0,0,0.0177891
73500,0,0,0,0,0,0,0,0,0,0,0,0,0,0,0,0,0,0,0,0,0,0,0,0,0,0,0,0,0,0,0,0,0,0,0,0,0,0.00508388,0,0.0029656,0.000254194,0,0,0,8.47314e-05,0,0,0,0,0,0.0072869,0,0,0.00177936,0,0.000169463,0,0,0.00499915,0,0.000932045,0,0,0.00804948,0.00499915,0,0.00211829,0.000423657,8.47314e-05,0.0424504,0.0124555,0.0383833,0.0682935,0.0191493,0.00576174,0,0.0151669,0.0043213,0.133028,0.0101678,0.0227927,0.0915099,0.107524,0.0156753,0.0208439,0.0846467,0,0.00720217,0.00059312,0.013557,0.000338926,0.0687172,0.0498221,0.0433825,0.0477885,0.0151669,0,0,0,0.0220302
73550,0,0,0,0,0,0,0,0,0,0,0,0,0,0,0,0,0,0,0,0,0,0,0,0,0,0,0,0,0,0,0,0,0,0,0,0,0,0.00535259,0,0.00518267,0.000339847,0,0,0,8.49618e-05,0,0,0,0,0,0.00790144,0,0,0.000934579,0,0.00161427,0,0.000594732,0.00552251,0,0,0,0,0.00416313,0.0100255,0,0.00305862,0.000934579,0,0.0407816,0.0109601,0.035599,0.055565,0.0248938,0.00798641,0,0.0195412,0.00161427,0.126253,0.013339,0.022175,0.0994053,0.105098,0.0191164,0.0151232,0.0951572,0.000509771,0.00892099,0.000254885,0.0186066,0.000254885,0.0611725,0.0610875,0.0438403,0.0468139,0.00968564,0,0,0.000169924,0.0103653
73600,0,0,0,0,0,0,0,0,0,0,0,0,0,0,0,0,0,0,0,0,0,0,0,0,0,0,0,0,0,0,0,0,0,0,0,0,0,0.0085808,0,0.00529991,0,0,0,0,0.000168251,0,0,0,0,0,0.0032809,0,0,0,0,8.41255e-05,0,0.000925381,0.00614116,0,0,8.41255e-05,0,0.00302852,0.00614116,0,0.000841255,0.000336502,8.41255e-05,0.0491293,0.00639354,0.0371835,0.0540086,0.0246488,0.00185076,0.000841255,0.016741,0.00445865,0.149323,0.0168251,0.0312106,0.0873223,0.101287,0.0238075,0.0169092,0.0847985,0.000673004,0.00841255,0.00109363,0.0171616,0.000168251,0.0620005,0.0521578,0.0439976,0.0520737,0.00950618,0.000420628,0,0,0.0105998
73650,0,0,0,0,0,0,0,0,0,0,0,0,0,0,0,0,0,0,0,0,0,0,0,0,0,0,0,0,0,0,0,0,0,0,0,0,0,0.00665661,0,0.00363895,0.000266264,0,0,0,0.000887548,0,0,0,0,0,0.00541404,0,0,0,0,0,0,0.000532529,0.00284015,0,0,0,8.87548e-05,0.0019526,0.00337268,0.000266264,0.000798793,0.000798793,8.87548e-05,0.0526316,0.00958552,0.0445549,0.0610633,0.018816,0.000266264,0.0019526,0.0122482,0.00399396,0.144404,0.0251176,0.02281,0.0850271,0.104198,0.0276915,0.0175734,0.0822757,0.00301766,0.0111831,0.000887548,0.0151771,0.00150883,0.0572468,0.0386083,0.0537854,0.0599095,0.00692287,0.00248513,0,0,0.0074554
73700,0,0,0,0,0,0,0,0,0,0,0,0,0,0,0,0,0,0,0,0,0,0,0,0,0,0,0,8.23588e-05,0,0,0,0,0,0,0,0,0,0.00840059,0,0.00452973,0.000411794,0,0,0,0.000411794,0,0,0,0,0,0.0051886,0,0,0.000247076,0,0.00065887,0,8.23588e-05,0.00197661,0,0,0,0,0.00123538,0.00592983,0,0.00444737,0.000164718,0.000164718,0.0523802,0.00609455,0.0469445,0.0563334,0.0288256,0,0,0.0114479,0.00873003,0.150305,0.0205897,0.0286608,0.0732169,0.115385,0.0194367,0.0133421,0.090677,0.00156482,0.00988305,8.23588e-05,0.0238017,0.00148246,0.0557569,0.0298139,0.0452973,0.0512271,0.0125185,0.00452973,0,0.000329435,0.00741229
73750,0,0,0,0,0,0,0,0,0,0,0,0,0,0,0,0,0,0,0,0,0,0,0,0,0,0,0,0,0,0,0,0,0,0,0,0,0,0.00625052,0,0.0102509,0.000583382,0,0,0,0.000333361,0,0,0,8.33403e-05,0,0.00808401,0,0,0.000416701,0,0.000500042,0,0,0.00358363,0,0,0,0,0.00100008,0.00241687,0,0.000750063,0.000666722,0,0.0735895,0.00266689,0.0464205,0.0517543,0.027419,0,0,0.0139178,0.00450038,0.150263,0.0133344,0.0260855,0.0864239,0.12426,0.00875073,0.0139178,0.0903409,0.00100008,0.0101675,0.000333361,0.0233353,0.00325027,0.0526711,0.0300858,0.0426702,0.0387532,0.0153346,0.000500042,0,8.33403e-05,0.0132511
73800,0,0,0,0,0,0,0,0,0,0,0,0,0,0,0,0,0,0,0,0,0,0,0,0,0,0,0,0,0,0,0,0,0,0,0,0,0,0.00443022,0,0.00656329,0.000574288,0,0,0,0,0,0,0,0,0,0.00582492,0,0,0,0,0.00131266,0,8.20412e-05,0.00459431,0,0,0,0,0.00377389,0.00213307,8.20412e-05,0.00533268,0,8.20412e-05,0.0495529,0.00861432,0.0420871,0.0446304,0.0201821,0,0.000328165,0.0105013,0.00270736,0.138814,0.0123882,0.027976,0.083682,0.148084,0.0169825,0.0169005,0.077693,0.00360981,0.0143572,0.000984494,0.0212487,0.00188695,0.0526704,0.0433177,0.0548035,0.0422512,0.0180491,0.00106654,0,8.20412e-05,0.0097629
73850,0,0,0,0,0,0,0,0,0,0,0,0,0,0,0,0,0,0,0,0,0,0,0,0,0,0,0,0,0,0,0,0,0,0,0,0,0,0.00883817,0,0.00798009,0,0,0,0,0,0,0,0,0,0,0.00532006,0,0,0.0012013,0,0.000514845,0,0,0.00703621,0,0,0,0,0.00197357,0.00197357,0,0.00617814,0.00128711,0,0.0628111,0.00489102,0.0470225,0.0460786,0.0190493,0.0012013,8.58074e-05,0.016046,0.000772267,0.135662,0.00875236,0.0256564,0.0869229,0.108375,0.0143298,0.0216235,0.0912133,0.00163034,0.020937,0.0012013,0.0234254,0.00205938,0.0423031,0.029861,0.0529432,0.0564613,0.0218809,0.000858074,0,0,0.0136434
73900,0,0,0,0,0,0,0,0,0,0,0,0,0,0,0,0,0,0,0,0,0,0,0,0,0,0,0,0,0,0,0,0,0,0,0,0,0,0.00605791,0,0.00454343,0,0,0,0,0,0,0,0,0,0,0.00775056,0,0,0.000623608,0,0.00106904,0.000356347,0.000445434,0.0134521,0,0,0,0,0.00383073,0.00249443,0,0.00258352,0.00347439,0,0.045167,0.00427617,0.0428508,0.0425835,0.0246771,0.00391982,0,0.0141648,0.004098,0.137728,0.0116704,0.0353675,0.0688641,0.117506,0.0168374,0.0182628,0.105479,0.00579065,0.00899777,0.00240535,0.0151448,0,0.06049,0.0224499,0.0606682,0.0635189,0.012294,0,0.000712695,0,0.00739421
73950,0,0,0,0,0,0,0,0,0,0,0,0,0,0,0,0,0,0,0,0,0,0,0,0,0,0,0,0,0,0,0,0,0,0,0,0,0,0.00575566,0,0.00352766,0.000742666,0,0,0,0,0,0,0,0,0,0.00482733,0,0,9.28333e-05,0,0.0019495,0,0,0.00761233,0,0,0,0,0.00594133,0.001671,0,0.00779799,9.28333e-05,0,0.0371333,0.00324916,0.028964,0.0548645,0.051244,0.00148533,9.28333e-05,0.0104902,0.00399183,0.129595,0.0169885,0.0450241,0.0814148,0.1127,0.015596,0.0186595,0.0950613,0.00204233,0.001671,0.0019495,0.0253435,0.000649833,0.0608058,0.02228,0.0615485,0.0621055,0.00733383,0,0.000835499,0,0.00686966
74000,0,0,0,0,0,0,0,0,0,0,0,0,0,0,0,0,0,0,0,0,0,0,0,0,0,0,0,0,0,0,0,0,0,0,0,0,0,0.00834665,0,0.00319659,0.00133191,0.000887942,0,0,0,0,0,0,0,0,0.00550524,0,0,0,0,0.00106553,0,0.000443971,0.00683715,0,0,0,0,0.00106553,0.00106553,8.87942e-05,0.00923459,8.87942e-05,0.000266383,0.0496359,0.0061268,0.027615,0.057805,0.0374711,0.000621559,8.87942e-05,0.00736992,0.00559403,0.141716,0.0243296,0.0345409,0.052211,0.122802,0.0173149,0.0158054,0.097052,0.00186468,0.00142071,0.00337418,0.0292133,0.00204227,0.0518558,0.0202451,0.0900373,0.0434204,0.00808027,0,0.00239744,0,0.00852424
74050,0,0,0,0,0,0,0,0,0,0,0,0,0,0,0,0,0,0,0,0,0,0,0,0,0,0,0,0,0,0,0,0,0,0,0,0,0,0.00534453,0,0.00410384,0.00162245,0,0.000190876,0,0,0,0,0,0,0,0.00467646,0,0,0,0,0.00124069,0,9.54381e-05,0.00505822,0,9.54381e-05,0,0,0.00248139,0.000572628,0,0.00496278,0,0,0.0417064,0.00811224,0.0434243,0.0508685,0.0437106,9.54381e-05,0,0.00534453,0.00687154,0.171598,0.0168925,0.0341668,0.0675701,0.143062,0.0180378,0.0198511,0.0846536,0.00143157,0.00133613,0.00219508,0.0299676,0.000668066,0.0533499,0.0158427,0.0543997,0.0362665,0.0127887,0,0.000286314,0,0.00505822
74100,0,0,0,0,0,0,0,0,0,0,0,0,0,0,0,0,0,0,0,0,0,0,0,0,0,0,0,0,0,0,0,0,0,0,0,0,0,0.00525029,0,0.010229,0.00226306,0,9.05223e-05,0,0,0,0,0,0,0,0.00452612,0,0,0.00181045,0,9.05223e-05,0,0,0.00362089,0,0,0,0,0.00778492,0,0,0.00316828,9.05223e-05,0,0.0578438,0.00543134,0.0315018,0.0551281,0.0381099,0.000724179,0.000181045,0.00506925,0.00823753,0.122567,0.0153888,0.0373857,0.0656287,0.109894,0.0322259,0.0167466,0.120214,0,0.00226306,0.00280619,0.0351227,0.00334933,0.0572101,0.01213,0.0582964,0.0432697,0.0136689,9.05223e-05,0.000814701,0,0.00977641
74150,0,0,0,0,0,0,0,0,0,0,0,0,0,0,0,0,0,0,0,0,0,0,0,0,0,0,0,0,0,0,0,0,0,0,0,0,0,0.00370605,0,0.00786405,0.00180783,0,0,0,0,0,0,0,0,0,0.00650818,0,0,0.00162705,0,0.000361566,0,0,0.00614661,9.03914e-05,0,0,0,0.00587544,9.03914e-05,0,0.00587544,0,0,0.0655338,0.00623701,0.0294676,0.04619,0.0419416,0.000271174,9.03914e-05,0.00876797,0.00804483,0.150411,0.00994305,0.0325409,0.0511615,0.112447,0.0215132,0.0134683,0.118594,0,0.00334448,9.03914e-05,0.0305523,0.000542348,0.0620085,0.00921992,0.0576697,0.0514327,0.0144626,0,0.000180783,0,0.0139203
74200,0,0,0,0,0,0,0,0,0,0,0,0,0,0,0,0,0,0,0,0,0,0,0,0,0,0,0,0,0,0,0,0,0,0,0,0,0,0.00306425,0,0.0128316,0.000574548,0,0,0,0,0,0,0,0,0,0.00507517,0,0,0.00162788,0,0.000574548,0,0,0.00756488,0.000670305,0,0,0,0.00746912,0.000670305,0,0.00564972,9.57579e-05,0,0.0520923,0.0125443,0.0404098,0.0599445,0.0346644,0.00162788,0,0.0171407,0.00708609,0.141722,0.0129273,0.0195346,0.0604233,0.115101,0.0148425,0.00785215,0.11491,9.57579e-05,0.00248971,0.000574548,0.0301637,0.00047879,0.054965,0.0137891,0.0550608,0.0592742,0.009097,0,0.000383032,0,0.0149382
74250,0,0,0,0,0,0,0,0,0,0,0,0,0,0,0,0,0,0,0,0,0,0,0,0,0,0,0,0,0,0,0,0,0,0,0,0,0,0.00896985,0,0.00416127,0,0,0,0,0,0,0,0,0,0,0.00425375,0,0,0.00416127,0.000184945,0.000554836,0,0,0.0141483,0,0,0,0,0.00471611,0.00240429,0,0.00961716,0,0,0.03403,0.0128537,0.0365267,0.0598299,0.0307009,0.000277418,0,0.00878491,0.0159053,0.151748,0.0125763,0.0197892,0.0697244,0.106251,0.0193268,0.011744,0.0989458,9.24727e-05,0.00120215,9.24727e-05,0.0279268,0.000462364,0.0461439,0.0241354,0.0604772,0.0728685,0.0132236,0,0.000369891,0,0.0108193
74300,0,0,0,0,0,0,0,0,0,0,0,0,0,0,0,0,0,0,0,0,0,0,0,0,0,0,0,0,0,0,0,0,0,0,0,0,0,0.0083047,0,0.00362734,9.54563e-05,0,0,0,0,0,0,0,0,0,0.00286369,0,0,0.00200458,0.000954563,0.00076365,0,0,0.00887743,0.000477281,0,0,9.54563e-05,0.00601375,0.00515464,0,0.00591829,0,0,0.0381825,0.00859107,0.0250095,0.0598511,0.0241504,9.54563e-05,0,0.00811378,0.0311187,0.143662,0.0139366,0.0269187,0.0584192,0.108534,0.0197595,0.0133639,0.0906835,0,0,0,0.0495418,0.00190913,0.0397098,0.0205231,0.0656739,0.0700649,0.0257732,0,0,0.000190913,0.0110729
74350,0,0,0,0,0,0,0,0,0,0,0,0,0,0,0,0,0,0,0,0,0,0,0,0,0,0,0,0,0,0,0,0,0,0,0,0,0,0.00373932,0,0.00578704,0.000267094,0,0,0,0,0,0,0,0,0,0.00275997,0,0,0.000267094,0.00151353,0.00222578,0,0,0.00400641,0.00115741,0,0,0,0.00730057,0.00347222,0,0.00836895,0,0,0.0407764,0.0123754,0.0213675,0.0535078,0.0165598,0.000178063,0,0.00712251,0.0153134,0.146813,0.016916,0.0305377,0.0611645,0.11583,0.011307,0.0191417,0.0959758,0.000979345,0.00151353,0.000979345,0.0423789,0.000623219,0.0514601,0.0166489,0.0775463,0.0699786,0.0211895,0,0.000712251,0.000445157,0.00979345
74400,0,0,0,0,0,0,0,0,0,0,0,0,0,0,0,0,0,0,0,0,0,0,0,0,0,0,0,0,0,0,0,0,0,0,0,0,0,0.00792225,0,0.00498203,0,0,0,0,0,0,0,0,0,0,0.000408363,0,0,0.000408363,0.000571709,0.00334858,0,0,0.00620712,0,0,0,0,0.00710552,0.0026952,0,0.0100457,0,0,0.0383861,0.0059621,0.0140477,0.0597844,0.0264619,0,0.000980072,0.00808559,0.0151911,0.144071,0.0136393,0.0208265,0.0668082,0.103153,0.0200915,0.0258902,0.101519,0,0.0068605,0.00236851,0.0478602,0.0026952,0.0450833,0.0247468,0.0656648,0.0621529,0.0182947,0,0.00138844,8.16727e-05,0.014211
74450,0,0,0,0,0,0,0,0,0,0,0,0,0,0,0,0,0,0,0,0,0,0,0,0,0,0,0,0,0,0,0,0,0,0,0,0,0,0.00695512,0,0.00525677,0.000485241,0.000566114,0,0,0,0,0,0,0,0,0.000808734,0,0,0.000404367,0,0.00105135,0,0,0.00727861,0,0,8.08734e-05,8.08734e-05,0.00412455,0.0051759,0,0.0115649,0.000323494,0,0.0427012,0.00719774,0.0285483,0.0579054,0.0277396,0,0,0.00655075,0.00905782,0.131177,0.0136676,0.0310554,0.0621108,0.100445,0.017226,0.0198949,0.104408,0.000323494,0.00606551,0.00558027,0.027497,0.0024262,0.0541043,0.0224019,0.0566114,0.0901739,0.0148807,0,0.000323494,0.000485241,0.0152851
74500,0,0,0,0,0,0,0,0,0,0,0,0,0,0,0,0,0,0,0,0,0,0,0,0,0,0,0,0,0,0,0,0,0,0,0,0,0,0.00700191,0,0.00596754,0.000397836,0,0,0,0,0,0,0,0,0,0.000795672,0,0,0,0,0.00119351,0,7.95672e-05,0.00875239,0,0,0,0,0.000795672,0.00636537,0,0.00875239,0.000159134,0.000636537,0.0416932,0.00676321,0.0404997,0.0431254,0.033816,0,0,0.00827498,0.00811585,0.122533,0.00517187,0.0323838,0.0765436,0.112826,0.0246658,0.0210853,0.104074,0,0.00930936,0.00238701,0.0287237,0.00668364,0.0453533,0.0237906,0.0525143,0.0780554,0.0161521,7.95672e-05,0,0,0.0144812
74550,0,0,0,0,0,0,0,0,0,0,0,0,0,0,0,0,0,0,0,0,0,0,0,0,0,0.000230326,0,0,0,0,0,0,0,0,0,0,0,0.0114395,0,0.00506718,0,0,0,0,0,0,0,0,0,0,0.00268714,0,0,0,0,0.00130518,0,0,0.00583493,0,0,0,0,0.00360845,0.00514395,0.00115163,0.0163532,0.000230326,0,0.0361612,0.00660269,0.0359309,0.0442226,0.0275624,0,0.00084453,0.00982726,0.011977,0.113628,0.00890595,0.0264875,0.0809981,0.116929,0.0231094,0.028714,0.102495,0,0.00345489,0.000614203,0.0320154,0.00706334,0.0474472,0.022572,0.0648752,0.0662572,0.0198848,0,0,0,0.00836852
74600,0,0,0,0,0,0,0,0,0,0,0,0,0,0,0,0,0,0,0,0,0,0,0,0,0,0.000150455,0,0,0,0,0,0,0,0,0,0,0,0.0095539,0,0.00947867,0,0,0,0,0,7.52276e-05,0,0,0,0,0.00443843,0,0,0,0,0.00180546,0,0,0.00842549,0,0,0,0,0.00248251,0.00150455,0.00030091,0.0187317,0.000677048,0,0.0447604,0.00601821,0.0375386,0.0472429,0.0242985,0.000150455,0.0030091,0.0139171,0.0184308,0.12578,0.00488979,0.0239224,0.0883924,0.091251,0.00962913,0.0345295,0.105018,0,0.0043632,0.00150455,0.0269315,0.00925299,0.0605582,0.0182051,0.0562702,0.0531107,0.0199353,0,7.52276e-05,7.52276e-05,0.0133153
74650,0,0,0,0,0,0,0,0,0,0,0,0,0,0,0,0,0,0,0,0,0,0,0,0,0,0.000310222,0,0,0,7.75555e-05,0,0,0,0,0,0,0,0.0085311,0,0.0064371,0.000232666,0,0,0,0,0,0,0,0,0.000775555,0.00333488,0,0,0,0,0.00131844,0,0,0.00411044,0,0,0,0,0.002094,0.00178378,7.75555e-05,0.0186909,0.00178378,0,0.049713,0.00674732,0.0445168,0.0490926,0.0145029,0,0.00116333,0.00868621,0.00674732,0.124166,0.01047,0.025128,0.0960136,0.0721266,0.0102373,0.0264464,0.106716,0,0.00542888,0.00333488,0.032806,0.00480844,0.0480068,0.0441291,0.0587095,0.0684815,0.016752,0,0,0.000310222,0.0152009
74700,0,0,0,0,0,0,0,0,0,0,0,0,0,0,0,0,0,0,0,0,0,0,0,0,0,7.51993e-05,0,0,0,0,0,0,0,0,0,0,0,0.0128591,0,0.00804632,0,0,0,0,0,0,0,0,0,0.000300797,0.000977591,0.000150399,0,0,0,0.000902391,0.000977591,0,0.00421116,0,0,0,0,0.00383516,0.00172958,0.000451196,0.00962551,0.000902391,0,0.0480523,0.00270717,0.0254174,0.0431644,0.0179726,0.000977591,0.000300797,0.0116559,0.00939991,0.110317,0.0136863,0.0358701,0.0927959,0.0864792,0.0136863,0.0215822,0.0931719,0,0.00789592,0.00624154,0.0333133,0.00849752,0.0564747,0.0308317,0.0771545,0.062641,0.0181982,0,0,0.000451196,0.026019
74750,0,0,0,0,0,0,0,0,0,0,0,0,0,0,0,0,0,0,0,0,0,0,0,0,0,0,0,0,0,0,0,0,0,0,0,0,0,0.00758279,0,0.00448777,0.000154751,0,0,0,0,0,0,0,0,7.73754e-05,0.00185701,0.000232126,0,0.000464253,0,0.00193439,0,0,0.00704116,0,0,0,0,0.00255339,0.00239864,0.000309502,0.00642216,0.000232126,0.000928505,0.0506035,0.00611266,0.0332714,0.0529248,0.015243,0.000928505,0.00116063,0.0106004,0.00920768,0.133705,0.0236769,0.0306407,0.0874342,0.096255,0.00874342,0.0235995,0.0922315,0,0.00704116,0.00657691,0.0319561,0.00580316,0.0528474,0.0181832,0.0560198,0.0643764,0.0155525,0.000309502,0,0.000309502,0.0280099
74800,0,0,0,0,0,0,0,0,0,0,0,0,0,0,0,0,0,0,0,0,0,0,0,0,0,0,0,0,0,0.000500036,0,0,0,0,0,0,0,0.00964355,0,0.00507179,0.000142867,0,0,0,0,0,0,0,0,0,0.00121437,7.14337e-05,0,0.00114294,0.000857204,0.00078577,0,0,0.00492892,0,0,0,0,0.00278591,0.00450032,0.000428602,0.00607186,0.000428602,0.000500036,0.0468605,0.00542896,0.0294307,0.0531467,0.0189299,0.000428602,0.000571469,0.0070005,0.00685763,0.139296,0.0174298,0.0295021,0.0618616,0.0804343,0.0173584,0.0338596,0.111937,0,0.00342882,0.00278591,0.0375027,0.00250018,0.070005,0.0298593,0.067862,0.0477177,0.0143582,0.00571469,0,0,0.0188585
74850,0,0,0,0,0,0,0,0,0,0,0,0,0,0,0,0,0,0,0,0,0,0,0,0,0,0,0,0,0,0,0,0,0,0,0,0,0,0.00877387,0,0.00759419,0,0,0,0,0,0,0,0,0,0,0.00154833,0,0,0.00066357,0.00184325,0.00213817,0,0,0.00611959,7.373e-05,0,0,0,0.00353904,0.00265428,0,0.0119443,7.373e-05,0.00199071,0.045344,0.00169579,0.0361277,0.0471135,0.0190223,7.373e-05,0.00014746,0.00766792,0.00486618,0.143331,0.0118705,0.0186537,0.0556662,0.0850844,0.016663,0.0316302,0.111037,0.00051611,0.00117968,0.00110595,0.0475559,0.00051611,0.0819878,0.0291234,0.0527907,0.0538229,0.0230038,0.00287547,0.00044238,0,0.0201283
74900,0,0,0,0,0,0,0,0,0,0,0,0,0,0,0,0,0,0,0,0,0,0,0,0,0,0,0,0,0,0,0,0,0,7.57404e-05,0,0,0,0.00386276,0,0.00658941,7.57404e-05,0,0,0,0,0,0,0,0,0,0.00583201,0,0,0.00189351,0,0.000681663,0,0,0.00302961,0,0,0,0.000605923,0.0039385,0.0046959,0,0.0132546,0,0.00121185,0.0584716,0.00151481,0.0356737,0.0546845,0.0256002,0,7.57404e-05,0.00999773,0.0090131,0.137317,0.0159812,0.0244641,0.0502159,0.0832387,0.0109066,0.0234795,0.12535,0.00204499,0.0046959,0.000908884,0.0543816,0.000227221,0.0543058,0.0235553,0.0568053,0.0546088,0.0174203,0.00325684,0.000378702,0,0.0156783
74950,0,0,0,0,0,0,0,0,0,0,0,0,0,0,0,0,0,0,0,0,0,0,0,0,0,0,0,0,0,7.59129e-05,0,0,0,0,0,0,0,0.0101723,0,0.00979276,0.000607303,0,0,0,0,0,0,0,0,0,0.00652851,0.000151826,0,0.000455477,0,0.00129052,0,0,0.00311243,0.000151826,0,0.000303651,0,0.00280878,0.00326425,7.59129e-05,0.00698398,0,0.00159417,0.0509375,0.00197373,0.0431944,0.052304,0.0241403,0,0.000151826,0.0129811,0.0205724,0.111061,0.0070599,0.0254308,0.049647,0.0762165,0.0105519,0.0255067,0.117058,0.00250512,0.00614894,0.00167008,0.0545054,0.000910954,0.0635391,0.0298338,0.0758369,0.0382601,0.0230016,0.00159417,0,0,0.0260381
75000,0,0,0,0,0,0,0,0,0,0,0,0,0,0,0,0,0,0,0,0,0,0,0,0,0,0,0,0,0,0.000222701,0,0,0,0,0,0,0,0.00794299,0,0.00660678,0,0,0,0,0,0,0,0,0,0,0.00519635,0.000148467,0.000222701,0.000296934,0,0.00141044,0,0,0.00623562,0,0,7.42335e-05,0,0.00415708,0.00141044,0,0.00920496,0,0.000519635,0.0547844,0.00623562,0.0522604,0.0594611,0.0233093,0.000371168,0,0.016851,0.0131393,0.100512,0.00430555,0.0294707,0.0684433,0.0831416,0.0180387,0.0307327,0.0980625,0.00163314,0.00957613,0.000296934,0.0390468,0.00126197,0.0602034,0.0262044,0.0628016,0.0422389,0.019078,0.00118774,7.42335e-05,0,0.0336278
75050,0,0,0,0,0,0,0,0,0,0,0,0,0,0,0,0,0,0,0,0,0,0,0,0,0,0,0,0,0,0,0,0,0,0,0,0,0,0.00664943,0,0.00642778,0,0,0,0,0,0,0,0,0,0,0.00088659,0.000221648,0.000443295,0,0,0.0016993,0,0,0.00716661,0,0,0,0,0.00280754,0.00199483,0,0.0106391,0.000147765,0.000147765,0.0631696,0.00642778,0.0365719,0.0638345,0.0259328,0.00177318,7.38825e-05,0.0101219,0.0110824,0.086812,0.0108607,0.0305874,0.0772072,0.0990765,0.0184706,0.0267455,0.0945696,0.00650166,0.00997414,0.000369413,0.0298485,0.00435907,0.0429996,0.019505,0.0741781,0.0469154,0.030809,0.00132989,0,7.38825e-05,0.0305874
75100,0,0,0,0,0,0,0,0,0,0,0,0,0,0,0,0,0,0,0,0,0,0,0,0,0,0,0,0,0,0,0,0,0,0,0,0,0,0.00439544,0,0.00454444,0,0,0,0,0,0,0,0,0,0,0.00156448,0.000372495,0.000446994,0,0,0.00171348,0,0,0.0111004,0,0,0,0.000223497,0.0113238,0.00201147,7.4499e-05,0.00692841,7.4499e-05,0,0.0577367,0.0113983,0.0397825,0.0616107,0.0309171,0.000595992,0,0.00901438,0.00536393,0.106757,0.0154958,0.0242867,0.0568427,0.075989,0.0206362,0.0296506,0.109737,0.00193697,0.0106534,0.00111748,0.0409744,0.00424644,0.0320346,0.0299486,0.0608657,0.0498398,0.0329286,0.000893988,0,7.4499e-05,0.033897
75150,0,0,0,0,0,0,0,0,0,0,0,0,0,0,0,0,0,0,0,0,0,0,0,0,0,0,0,0,0,0,0,0,0,0,0,0,0,0.00250258,0,0.00603562,0,0,0,0,0,0,0,0,0,0,0.00228176,0,0.000883262,7.36052e-05,0,0.000294421,0,0,0.0105255,0,0,0,0,0.00655086,0.00161931,7.36052e-05,0.00640365,0,0,0.0743412,0.0127337,0.0457088,0.0573384,0.0228912,0.000220816,0.000220816,0.00934786,0.00434271,0.104151,0.019579,0.0345208,0.0579273,0.0861917,0.0139114,0.0382747,0.109009,0.00191373,0.00596202,0.000662447,0.0337848,0.0110408,0.0334168,0.0315766,0.0586633,0.0412189,0.0288532,0.00360665,7.36052e-05,0,0.0212719
75200,0,0,0,0,0,0,0,0,0,0,0,0,0,0,0,0,0,0,0,0,0,0,0,0,0,0,0,0,0,7.85608e-05,0,0,0,0,0,0,0,0.00714903,0,0.00479221,0,0,0,0,0,0,0,0,0,0,0.00337811,0,0.00102129,0.000471365,0,0.00109985,0,0,0.00345667,0,0,0,0,0.0120198,0.0036138,0.000314243,0.00565638,0.000157122,0,0.0673266,0.0113128,0.049729,0.0467437,0.0256894,0,0.000628486,0.00777752,0.00597062,0.0941158,0.00911305,0.0372378,0.0586849,0.0789536,0.0153193,0.0373164,0.110456,0.00157122,0.00950585,0.00416372,0.0461152,0.00487077,0.0418729,0.0215257,0.064027,0.0483149,0.0223898,0.00769896,0,0,0.0283604
75250,0,0,0,0,0,0,0,0,0,0,0,0,0,0,0,0,0,0,0,0,0,0,0,0,0,0,0,0,0,0.000332143,0,0,0,0,0,0,0,0.00498215,0,0.00689197,0,0,0,0,0,0,0,0,0,0,0.00597858,0,0.000830358,0.000249107,0,0.000332143,0,0,0.0055634,0,8.30358e-05,0.000415179,0,0.00606161,0.00357054,0.000249107,0.00780536,0,0,0.064851,0.00606161,0.0455036,0.0611143,0.0296438,0,8.30358e-05,0.0122893,0.0120402,0.108362,0.0171054,0.0269866,0.0646018,0.0622768,0.0178527,0.0358715,0.121066,0.000249107,0.00614465,0.00431786,0.0380304,0.00514822,0.0433447,0.0124554,0.0641867,0.0605331,0.0136179,0.00207589,0,0.000166072,0.0206759
75300,0,0,0,0,0,0,0,0,0,0,0,0,0,0,0,0,0,0,0,0,0,0,0,0,0,0,0,0,0,0.000843817,0,0,0,0,0,0,0,0.00513961,0,0.00744093,0.000920528,0,0,0,0,0,0,0,0,0,0.0021479,0,0.00122737,0.000536975,0,7.67106e-05,0,0,0.00682725,0,0,0,0,0.00467935,0.00138079,7.67106e-05,0.0173366,0,0,0.0561522,0.00774778,0.0395827,0.0481743,0.0227831,7.67106e-05,0.000306843,0.0110463,0.0123504,0.127493,0.0192544,0.0226296,0.0655109,0.0704204,0.0152654,0.0326787,0.117137,0.00184106,0.00559988,0.0036054,0.0473305,0.00797791,0.0387389,0.0228598,0.0550015,0.0681191,0.014575,0.00115066,0,0.000536975,0.0154188
75350,0,0,0,0,0,0,0,0,0,0,0,0,0,0,0,0,0,0,0,0,0,0,0,0,0,0,0,0,0,0,0,0,0,0,0,0,0,0.00892095,0,0.00612831,0.000698162,0,0,0,0,0,0,0,0,0,0.00224963,0,7.75735e-05,0.00255993,0,0.000155147,0,0,0.0038011,0,0,0,7.75735e-05,0.00248235,0.00294779,0,0.0178419,0,7.75735e-05,0.0502676,0.00480956,0.038554,0.0498798,0.0282368,0,0.000698162,0.0145062,0.0160577,0.0999922,0.0222636,0.0172989,0.0802886,0.0772632,0.0144287,0.035839,0.113955,0.0014739,0.00853309,0.00442169,0.0479404,0.00690404,0.033822,0.0192382,0.0600419,0.0608176,0.0159026,0.00155147,0,0.0011636,0.025832
75400,0,0,0,0,0,0,0,0,0,0,0,0,0,0,0,0,0,0,0,0,0,0,0,0,0,0,0,0,0,0,0,0,0,0,0,0,0,0.00885674,7.38062e-05,0.00494501,7.38062e-05,0,0,0,0,0,0,0,0,0,0.000738062,0.000147612,0.000664256,0.00162374,0,0.000295225,0,0,0.00309986,0,0,0,0,0.00140232,0.00391173,0,0.0138756,0,0,0.0398553,0.00848771,0.0358698,0.0536571,0.0323271,7.38062e-05,0.000295225,0.0232489,0.0132851,0.109381,0.0177873,0.0207395,0.0612591,0.0995645,0.0151303,0.0172706,0.11713,0.0047236,0.013728,0.00154993,0.0390435,0.00428076,0.0444313,0.0185992,0.0512215,0.0617758,0.0188206,0.00184515,7.38062e-05,0.000664256,0.0341723
75450,0,0,0,0,0,0,0,0,0,0,0,0,0,0,0,0,0,0,0,0,0,0,0,0,0,0,0,0,0,0,0,0,0,0,0,0,0,0.00385645,0,0.00621754,0,0.000157406,0,0,0,0,0,0,0,0,0.000157406,0,0.000236109,0.00354163,0,0.000865733,0,0,0.00653235,0,0.000944436,0,0,0.000157406,0.007949,0,0.0103888,0,7.8703e-05,0.0347867,0.0111758,0.057768,0.0506847,0.0346293,0,0.000157406,0.0202267,0.011648,0.116559,0.0169998,0.0286479,0.059893,0.0889344,0.0258146,0.0234535,0.0931056,0.00716197,0.0156619,0.00110184,0.0416339,0.00448607,0.0546199,0.0189674,0.0515504,0.047694,0.0163702,0.00212498,0,0.000157406,0.0229026
75500,0,0,0,0,0,0,0,0,0,0,0,0,0,0,0,0,0,0,0,0,0,0,0,0,0,0,0,0,0,0,0,0,0,0,0,0,0,0.00278083,0,0.00731797,0.000585437,0.000292719,0,0,0,0,0,0,0,0,0,0,0.000658617,0.00292719,0,0.00109769,0,0,0.00373216,0,0.000219539,0,0,0.000219539,0.00739115,0.000146359,0.00731797,0,0,0.0324186,0.00746432,0.0394438,0.0491035,0.0230516,0,7.31797e-05,0.0161727,0.0116356,0.118258,0.0119283,0.0342481,0.0562752,0.0864252,0.0276619,0.0212953,0.129089,0.00153677,0.0105379,0.00117087,0.0575924,0.00314673,0.0381266,0.0163922,0.076985,0.0652763,0.0117819,0.0046835,0,0.000878156,0.0126601
75550,0,0,0,0,0,0,0,0,0,0,0,0,0,0,0,0,0,0,0,0,0,0,0,0,0,0,0,0,0,0,0,0,0,0,7.67813e-05,0,0,0.00583538,0,0.00476044,0.000307125,0,0,0,0,0,0,0,0,0,0.000153563,0,0.000537469,0.00153563,0,0.00138206,0,0,0.00322482,0,0,0,0,0,0.00476044,7.67813e-05,0.0142045,0,0,0.0398495,0.00836916,0.0350891,0.0383139,0.0214988,0.00130528,0.000153563,0.0197328,0.0122082,0.0980498,0.014051,0.0218059,0.0823096,0.0830006,0.0208077,0.0262592,0.141354,0.000537469,0.00691032,0.000383907,0.0731726,0.00268735,0.0373157,0.0152795,0.0584306,0.0727119,0.0102119,0.00138206,0,0.0012285,0.0187346
75600,0,0,0,0,0,0,0,0,0,0,0,0,0,0,0,0,0,0,0,0,0,0,0,0,0,0,0,0,0,0,0,0,0,0,0,0,0,0.00680845,0,0.00328947,0.000688494,0,0,0,0,0,0,0,0,0,0.00130049,0,0,0.00152999,0,0.00145349,0,0,0.00481946,0,0,0,0,0.00229498,0.00283048,7.64994e-05,0.0142289,0.000152999,0,0.0341952,0.00573745,0.0367197,0.0459761,0.0222613,0.00214198,0.000152999,0.0211138,0.0155294,0.110159,0.0175949,0.0166769,0.0862913,0.0945532,0.0130814,0.0280753,0.107099,0.00107099,0.00933293,0.00374847,0.0616585,0.00474296,0.0431457,0.0175949,0.062041,0.0737454,0.00367197,0.00328947,0,0.00275398,0.0163709
75650,0,0,0,0,0,0,0,0,0,0,0,0,0,0,0,0,0,0,0,0,0,0,0,0,0,0,0,0,0,0,0,0,0,0,0,0,0,0.00627979,0,0.00166452,0.000302641,0,0,0,0,0,0,0,0,0,0.000832261,0,0,0.000983582,0,0.00136188,0,0,0.00529621,0,0,0.00166452,0.000605281,0,0.00809563,0,0.00877658,0,0,0.0288265,0.00491791,0.0354846,0.0528108,0.0245139,0.000680941,0,0.0135432,0.0134675,0.0978286,0.0130892,0.0186881,0.073012,0.0909435,0.0135432,0.0264054,0.108572,0.00128622,0.00983582,0.0018915,0.0657487,0.0133918,0.0539457,0.0174775,0.0881441,0.0640841,0.00817129,0.00219414,0.000453961,0.00136188,0.019823
75700,0,0,0,0,0,0,0,0,0,0,0,0,0,0,0,0,0,0,0,0,0,0,0,0,0,0,0,0,0,0,0,0,0,0,0,0,0,0.00654941,0,0.00360586,0.000220767,0,0,0.000147178,0,0,0,0,0,0,0.000883067,0,0,0.000515123,7.35889e-05,0.000809478,0.000147178,0,0.0108176,0,0.000147178,0.000735889,0.00154537,0,0.00964015,0,0.00235485,0,0.000220767,0.0394437,0.00323791,0.0416513,0.0539407,0.0216351,0.000515123,0,0.0213408,0.00978733,0.103098,0.0189124,0.0123629,0.076974,0.103392,0.013246,0.0325999,0.115903,7.35889e-05,0.0128781,0.00110383,0.0498197,0.00713813,0.0609316,0.0205313,0.0565899,0.0506292,0.00588711,0.00139819,7.35889e-05,0.000883067,0.0256089
75750,0,0,0,0,0,0,0,0,0,0,0,0,0,0,0,0,0,0,0,0,0,0,0,0,0,0,0,0,0,0.000574053,0,0,0,0,0,0,0,0.00409013,0,0.00444891,0,0,0,0,0,0,0,0,0,0,0.00200918,7.17566e-05,0,0,0,0.00043054,0.00021527,0.000143513,0.00739093,0.00021527,0.000574053,0.000287026,0.000358783,7.17566e-05,0.00538175,0,0.00624282,0,0,0.0317882,0.0021527,0.0416906,0.035376,0.0197331,0.000287026,0.000358783,0.0127009,0.0113375,0.117466,0.01593,0.0208094,0.0613519,0.119905,0.0153559,0.0296355,0.12665,0.00222445,0.00904133,0.000574053,0.0481487,0.00437715,0.0630741,0.0206659,0.0589839,0.0520235,0.00746269,0.00832377,7.17566e-05,0.000717566,0.0292767
75800,0,0,0,0,0,0,0,0,0,0,0,0,0,0,0,0,0,0,0,0,0,0,0,0,0,0,0,0,0,0,0,0,0,0,0.000377387,0,0,0.00437769,0,0.00415126,0,0,0,0,0,0,0,0,0,0,0.000830251,0,0,0.000679297,0,0.000830251,0,0.00120764,0.00347196,0,0,0.00173598,0,0.00105668,0.0056608,0,0.0105668,0,7.54774e-05,0.0455129,0.00445317,0.0370594,0.0274738,0.0178127,0,0,0.0141898,0.015171,0.104234,0.0110197,0.0295871,0.0657408,0.0915541,0.0141143,0.0380406,0.117594,0.00211337,0.00920824,0.00128312,0.0652125,0.00928372,0.0603064,0.0184165,0.0634765,0.0576647,0.0138124,0.000452864,0.000528342,7.54774e-05,0.0295871
75850,0,0,0,0,0,0,0,0,0,0,0,0,0,0,0,0,0,0,0,0,0,0,0,0,0,0,0,0,0,0,0,0,0,0,0.000747608,0,0,0.0107656,0,0.0062799,0.000224282,0,0,0,0,0,0,0,0,0,0.00276615,0,0,0.000523325,0,0.00186902,0,0.000747608,0.00568182,0,7.47608e-05,0.00119617,0,0.000224282,0.010616,0,0.00568182,0,0,0.0492673,0.00672847,0.0311005,0.0390251,0.0221292,0.00119617,0.000224282,0.0133822,0.0118122,0.111767,0.00657895,0.0162978,0.074985,0.0888906,0.0127841,0.041567,0.103544,0.00261663,0.00784988,0.000897129,0.0713965,0.00852273,0.0599581,0.0183164,0.0547996,0.0580144,0.0101675,0,0,0,0.0287829
75900,0,0,0,0,0,0,0,0,0,0,0,0,0,0,0,0,0,0,0,0,0,0,0,0,0,0,0,0,0,0,0,7.17669e-05,0,0,0,0,0,0.00595665,0,0.00279891,0.000645902,0,0,0,0,0,0,0,0,7.17669e-05,0.00351658,0,0,0.00236831,0,0.0012918,0,0.00143534,0.00588489,0,7.17669e-05,0.000574135,0,0.000143534,0.00947323,0,0.00818143,0,0,0.0691833,0.00667432,0.0269126,0.0279173,0.0223913,7.17669e-05,0.000574135,0.0149993,0.0165782,0.0919334,0.00832496,0.0195924,0.0651643,0.095737,0.015071,0.0288503,0.0874839,0.00093297,0.00983207,0.00122004,0.0591359,0.00387541,0.0754988,0.0143534,0.0724846,0.081599,0.00538252,0,0.000645902,0,0.035094
75950,0,0,0,0,0,0,0,0,0,0,0,0,0,0,0,0,0,0,0,0,0,0,0,0,0,0,0,0,0,0,0,0,0,0,0,0,0,0.00674628,0,0.00317928,0.000465261,0,0,0,0,0,0,0,0,0,0.00372208,0,0,0.000852978,0,0.00124069,0,0.00186104,0.00317928,0,0,0.00116315,0,0.00023263,0.00372208,0,0.0128722,0,0,0.0411756,0.0076768,0.0251241,0.0334988,0.0209367,0.00023263,0.000465261,0.0116315,0.0165943,0.110654,0.0148108,0.023263,0.0555211,0.0806452,0.0201613,0.0238058,0.109104,0.000387717,0.0159739,0.000775434,0.0665323,0.0023263,0.0850651,0.0169045,0.0521867,0.0835143,0.0058933,0.000387717,7.75434e-05,0,0.0354373
76000,0,0,0,0,0,0,0,0,0,0,0,0,0,0,0,0,0,0,0,0,0,0,0,0,0,0,0,0,0,0,0,0,0,0,0,0,0,0.01127,0,0.00626893,0.00183137,0,0,0,0,0.00028175,0,0,0,0,0.00154962,0,0,0.00105656,0,0.00577587,0,0.000352187,0.00648024,0,0,0.000211312,0,0.000563499,0.00507149,0,0.0116926,0.000845249,7.04374e-05,0.0457843,0.0109882,0.0355005,0.041065,0.0273297,0.00140875,7.04374e-05,0.01127,0.0136649,0.119744,0.0147214,0.0281045,0.0639572,0.0829048,0.0152849,0.020286,0.0914982,0.000352187,0.0173276,0.00119744,0.0403606,0.00176094,0.079383,0.0109882,0.0548707,0.0752976,0.0147919,0,0,7.04374e-05,0.0266958
76050,0,0,0,0,0,0,0,0,0,0,0,0,0,0,0,0,0,0,0,0,0,0,0,0,0,0,0,0,0,0,0,0,0,0,0,0,0,0.00640564,0,0.00698143,0.000791709,0,0,0,0,0,0,0,0,0,0.00129552,0,0,0.000791709,0,0.00230315,0,0,0.00158342,0,7.19735e-05,0,0,0.00129552,0.00359868,0,0.00798906,0.00129552,0,0.035195,0.013459,0.0390096,0.0457752,0.0209443,0.00251907,0.000143947,0.0113718,0.0147546,0.128401,0.0100043,0.0218799,0.0741327,0.0755722,0.00986037,0.0254786,0.0868001,0.00179934,0.0186411,0.000791709,0.0444077,0.0038146,0.0813301,0.029941,0.0588024,0.0793148,0.00957248,7.19735e-05,0.000503815,0.000143947,0.0211602
76100,0,0,0,0,0,0,0,0,0,0,0,0,0,0,0,0,0,0,0,0,0,0,0,0,0,0,0,0,0,0,7.12657e-05,0,0,0,0,0,0,0.00406214,0,0.00313569,0.00142531,0,0,0,0,0,0,0,0,0,0,0,0,0.0024943,0,0.00135405,0,0,0.00463227,0,7.12657e-05,0.000712657,7.12657e-05,0.0027081,0.00505986,0,0.00783922,0.000997719,0.000142531,0.0324971,0.0166762,0.0430445,0.0299316,0.0231613,0.000997719,0,0.00997719,0.01126,0.126995,0.018244,0.0125428,0.0774658,0.097634,0.0177452,0.0212372,0.069484,0.00163911,0.0102623,0.00612885,0.0493158,0.00527366,0.0946408,0.0287201,0.0515251,0.0674886,0.0187429,0.000213797,0.000427594,0.000285063,0.0216648
76150,0,0,0,0,0,0,0,0,0,0,0,0,0,0,0,0,0,0,0,0,0,0,0,0,0,0,0,0,0,0,0,0,0,0,0,0,0,0.0036452,0,0.00378815,0.00135802,0,0,0,0,0,0,0,0,0,0,0,0,0.000285898,0,0.000571796,0,0,0.00357373,0,0.00078622,0.000142949,0,0.00185834,0.00686155,0,0.00807662,0,7.14745e-05,0.029519,0.0119362,0.0395254,0.0345937,0.025159,0,0.000285898,0.0103638,0.0177972,0.121292,0.0161532,0.0255164,0.0668287,0.0824816,0.00972053,0.0241584,0.0829104,0.00200129,0.00807662,0.00257308,0.0481738,0.00500322,0.0928454,0.0304481,0.0580373,0.0819098,0.0148667,0.00385962,0,0,0.0229433
76200,0,0,0,0,0,0,0,0,0,0,0,0,0,0,0,0,0,0,0,0,0,0,0,0,0,0,0,0,0,0,0,0,0,0,0,0,0,0.00516138,0,0.00225356,0.00218087,0,0,0,0,0,0,0,0,0,7.26956e-05,0,0,0.000290782,0,0,0,0,0.00225356,0,0.00138122,7.26956e-05,0,0.00152661,0.00697877,0,0.0141756,0,7.26956e-05,0.040346,0.0133033,0.0338034,0.0362024,0.0359116,0,0.000218087,0.0260977,0.00995929,0.0968305,0.0081419,0.0195551,0.0684792,0.109843,0.0114132,0.0189735,0.0678249,0.0015993,0.0140302,0.00254434,0.0556848,0.00428904,0.0928322,0.0253707,0.0547397,0.0744402,0.0156295,0.0015993,0.000218087,0,0.0236987
76250,0,0,0,0,0,0,0,0,0,0,0,0,0,0,0,0,0,0,0,0,0,0,0,0,0,0,0,0,0,7.11642e-05,0,0,0,0,7.11642e-05,0,0,0.0111728,0,0.00263308,0.000925135,0,0,0,0,0,0,0,0.000213493,0,0.000213493,0,0,0.000640478,0,0,0,0,0.00540848,0,0.00234842,0.000711642,0,0.00306006,0.00519499,0,0.0140194,0,0,0.0413464,0.00683177,0.0456874,0.0316681,0.015585,0.000142328,0.000711642,0.0141617,0.0133077,0.103544,0.0110305,0.0267578,0.0612724,0.0802733,0.0221321,0.0213493,0.0857529,0.00149445,0.0101053,0.00789923,0.0435525,0.00483917,0.0857529,0.0207088,0.0653999,0.0787077,0.0220609,0.000355821,0.00113863,7.11642e-05,0.0296755
76300,0,0,0,0,0,0,0,0,0,0,0,0,0,0,0,0,0,0,0,0,0,0,0,0,0,0,0,0,0,0,0,0,0,0,0.000204583,0,0,0.00661484,0,0.00681942,0.00177305,0,0,0,0,0,0,0,0.00047736,0,0.0011593,0,0,0.000272777,0,0.000272777,0,0,0.00525095,0,0.0011593,0.00047736,0,0.00177305,0.00143208,0,0.0127523,0,0.000136388,0.0418712,0.00668303,0.0408483,0.0296645,0.00954719,0.000204583,0.000750136,0.0170486,0.00838789,0.0909029,0.0070922,0.0282324,0.0810829,0.0960857,0.0138434,0.0283688,0.0912439,0.00443262,0.0157529,0.00531915,0.0340289,0.00490998,0.0786279,0.0177987,0.0826514,0.0760366,0.0163666,0.000954719,0.000136388,0,0.030551
76350,0,0,0,0,0,0,0,0,0,0,0,0,0,0,0,0,0,0,0,0,0,0,0,0,0,0,0,0,0,0.00020145,0,0,0,0,0,0,0,0.00819232,0,0.00557346,0.000940102,0,0,0,0,0,0,0,0,0,0.000268601,0,0,0,0,0.000604351,0,0,0.00416331,0,0.00141015,0.000537201,0,0.00268601,0.00154445,0,0.0176605,0,0,0.0444534,0.0115498,0.0339108,0.0311577,0.00738652,0,0.0001343,0.0168547,0.0136986,0.108246,0.01343,0.0322321,0.0666129,0.0913242,0.0216223,0.0331722,0.069299,0.00510341,0.0190706,0.00557346,0.0390814,0.00543916,0.0864894,0.0234354,0.061711,0.0717835,0.0160489,0.00167875,0.0001343,0,0.0255842
76400,0,0,0,0,0,0,0,0,0,0,0,0,0,0,0,0,0,0,0,0,0,0,0,0,0,0,0,0,0,0,0,0,0,0,0,0,0,0.00811302,0,0.00524549,0.00153868,0,0,0,0,0,0,0,0.000279759,0,0.00125892,0,0,0,0,0.00125892,0,0,0.00517555,0,0.00013988,0.00118898,0,0.0017485,0.00307735,0,0.0113303,0,0.000419639,0.0386068,0.0137082,0.0322423,0.0393761,0.0112603,0,0.000839278,0.0175549,0.0103511,0.114072,0.0132886,0.031403,0.0703595,0.0913414,0.0178347,0.0188138,0.0761645,0.00496573,0.013988,0.00636453,0.0434326,0.00363687,0.101203,0.0102112,0.054693,0.0689607,0.0202126,0.00251783,0.00118898,0,0.0306337
76450,0,0,0,0,0,0,0,0,0,0,0,0,0,0,0,0,0,0,0,0,0,0,0,0,0,0,0,0,0,0,0,0,0,0,0,0,0,0.00792291,0,0.00656674,0.00171306,0,0,0,0,0,0,0,0.000927909,0,0.00306924,0,0,0,0,0.00121342,0,0,0.0119914,0,0,0.00228408,0,0.000499643,0.00799429,0,0.00592434,0.000142755,0.000142755,0.0386153,0.0102784,0.0339757,0.0408994,0.0165596,0,0.000642398,0.0218415,0.00849393,0.0937188,0.0142041,0.0194147,0.0526053,0.111849,0.0197002,0.0176303,0.0684511,0.00356888,0.0180585,0.00449679,0.0473947,0.00628123,0.0952891,0.0169165,0.0571021,0.0800857,0.0167024,0.00278373,0.000642398,0,0.0314061
76500,0,0,0,0,0,0,0,0,0,0,0,0,0,0,0,0,0,0,0,0,0,0,0,0,0,0,0,0,0,0,0,0,0,0,0,0,0,0.00741702,0,0.00587181,0.000247234,0,0,0,0,0,0,0,6.18085e-05,0,0.000556277,0,0,0,0,0.00123617,0,0,0.0127326,0,0,0.00191606,0,0.00222511,0.00735521,0,0.0102602,0,6.18085e-05,0.0324495,0.00890043,0.0367143,0.0488287,0.0190988,0,0.000741702,0.0157612,0.00828234,0.0914766,0.00877681,0.017739,0.0572965,0.0878299,0.023549,0.0168119,0.0866555,0.00377032,0.00982755,0.00383213,0.0451202,0.00321404,0.104642,0.0242289,0.0600161,0.0854812,0.0189134,0.00234872,0.000370851,0,0.0273812
76550,0,0,0,0,0,0,0,0,0,0,0,0,0,0,0,0,0,0,0,0,0,0,0,0,6.33433e-05,0,0,0,0,0,0,0,0,0,0,0,0,0.00608095,0,0.00494077,0.000886806,0,0,0,0,0,0,0,0,0,0.00342054,0,0,0,0,0,0,0,0.00373725,0,0,0.00145689,0,0.00430734,0.00430734,6.33433e-05,0.016976,0,0,0.0319883,0.00829797,0.0430101,0.0334452,0.0174827,0,0.000126687,0.0111484,0.00392728,0.104073,0.0121619,0.0243872,0.0801292,0.093368,0.0226769,0.0170393,0.0919744,0.00506746,0.0126687,0.00557421,0.0457972,0.00956483,0.0879204,0.0248306,0.0479508,0.0694242,0.0194464,0.000760119,6.33433e-05,0,0.0294546
76600,0,0,0,0,0,0,0,0,0,0,0,0,0,0,0,0,0,0.000184831,0,0,6.16105e-05,0,0,0,0,0,0,0,0,0,0,0,0,0,0,0,0,0.00677715,0,0.00554494,0,0,0,0,0,0,0,0,0.000492884,0,0.00215637,0,0,0,0,0.000985768,0,0,0.00246442,0,0.000554494,0.0017867,0,0.00548333,0.005853,0,0.0110899,0,0.000184831,0.0340706,0.0129382,0.0287721,0.0289569,0.0239049,0,0.000123221,0.0158339,0.0141704,0.084468,0.0121373,0.0228575,0.0691886,0.0927238,0.0226111,0.023412,0.0963588,0.00154026,0.0204547,0.00536011,0.056312,0.00844064,0.103629,0.0147249,0.0444828,0.0674635,0.0110899,0.00246442,0.000184831,0,0.0377056
76650,0,0,0,0,0,0,0,0,0,0,0,0,0,0,0,0,0,0,0,0,0,0,0,0,0,0,0,0,0,0,0,0,0,0,0,0,0,0.00398089,0,0.00226605,0.000734934,0,0,0,0,6.12445e-05,0,0,0.000306222,0,0.00232729,0,0,0,0,0.000244978,0,0.000428711,0.00667565,0,0.000489956,0.000612445,0,0.00502205,0.00471583,0,0.00875796,0,0,0.0456271,0.0102891,0.033807,0.02805,0.0222317,6.12445e-05,6.12445e-05,0.0193533,0.00979912,0.0930304,0.0089417,0.0249878,0.0543851,0.10975,0.0214356,0.0234566,0.0863547,0.00159236,0.0192308,0.00404214,0.0602033,0.00888045,0.0960926,0.0132288,0.0608158,0.0635718,0.0137188,0.00293974,0.000612445,0,0.0268251
76700,0,0,0,0,0,0,0,0,0,0,0,0,0,0,0,0,0,0,0,0,0,0,0,0,0,0,0,0,0,0,0,0,0,0,0,0,0,0.00352423,0,0.00339836,0.00132159,0,0,0,0,0,6.29327e-05,0,0.000566394,0,0.00138452,0.000125865,0,0.000251731,0,0.000503461,0,0,0.00566394,0,6.29327e-05,0.000377596,0,0.0032725,0.00648206,0,0.0113279,0,0.000125865,0.0437382,0.0103839,0.0452486,0.0329138,0.0260541,0.000440529,0.000125865,0.020579,0.00604154,0.08691,0.0135305,0.0335431,0.0502203,0.104468,0.0167401,0.0265576,0.0771554,0.00371303,0.0186281,0.00220264,0.0721838,0.00950283,0.0761485,0.0144116,0.0551919,0.0704216,0.014034,0.00094399,0.000818125,6.29327e-05,0.0286344
76750,0,0,0,0,0,0,0,0,0,0,0,0,0,0,0,0,0,0,0,0,0,0,0,0,0,0,0,0,0,0,0,0,0,0,0,0,0,0.00325712,0,0.00651424,0.0012773,0,0,0,0,0,0,0,0.00012773,0,0.00114957,0.000319326,0,0,0,0.000830247,0,0,0.00664197,0,0,0.000574786,0,0.00140503,0.00619492,6.38651e-05,0.00983523,0.00012773,0.000191595,0.045919,0.00798314,0.0347426,0.0353174,0.0250351,0.000191595,0,0.0160301,0.00427896,0.0868566,0.00862179,0.0360838,0.0617576,0.113488,0.0159024,0.0242049,0.0919658,0.00453442,0.00849406,0.0025546,0.06725,0.0108571,0.0744029,0.0232469,0.0623962,0.0567122,0.0135394,0.000702516,0.00140503,0,0.0270149
76800,0,0,0,0,0,0,0,0,0,0,0,0,0,0,0,0,0,0,0,0,0,0,0,0,0,0,0,0,0,0,0,0,0,0,0,0,0,0.00345658,0,0.00672798,0.00111104,0,0,0,0,0,0,0,0,0,0.00228381,0.000246898,0,0,0,0.00141967,0,0,0.00358003,0,0,0.00160484,0,0.0035183,0.00709833,0,0.0106784,0,0,0.0427751,0.00759212,0.0290106,0.0346892,0.0204926,0.000987593,0,0.0129004,0.0108018,0.106722,0.00666626,0.0313561,0.0612925,0.109438,0.020616,0.0189494,0.0795013,0.00222209,0.0112339,0.0030245,0.0582063,0.00648108,0.0888834,0.0308006,0.0628356,0.0648725,0.00561694,0.00104932,0.00222209,6.17246e-05,0.0269736
76850,0,0,0,0,0,0,0,0,0,0,0,0,0,0,0,0,0,0,0,0,0,0,0,0,0,0,0,0,0,0,0,0,0,0,0,0,0,0.00602634,0,0.00453529,0.000869781,6.21272e-05,0,0,0,0,0,0,0,0,0.00111829,0,0,0,0,0.0006834,0,0,0.00397614,0,0.000124254,0,0,0.000497018,0.00956759,0,0.006834,0,0,0.0466576,0.00503231,0.0360338,0.0415631,0.0274602,0.000248509,0.00124254,0.0145999,0.0109344,0.0965457,0.00770378,0.0218067,0.0547341,0.0918241,0.0193837,0.0287028,0.0818216,0.00167744,0.00695825,0.00111829,0.0733723,0.006834,0.107791,0.0189488,0.0593315,0.0731859,0.00347913,0.000807654,0.00242296,0,0.0234841
76900,0,0,0,0,0,0,0,0,0,0,0,0,0,0,0,0,0,0,0,0,0,0,0,0,0,0,0,0,0,0,0,0,0,0,0,0,0,0.00750626,0,0.00878938,0.00109065,0,0,0,0,0,0,0,0.000128312,0,0.0021813,0,0,0,0,0.00141143,0,0,0.00474755,0,0.00096234,0,0,0.000898184,0.0084686,0,0.00635145,0.000128312,0.000128312,0.0335536,0.00538911,0.0311157,0.0373388,0.030025,0.000192468,0.00032078,0.0128312,0.0120613,0.0934753,0.012318,0.0235453,0.0788478,0.0905242,0.0207224,0.0313081,0.0826971,0.00494001,0.0103933,0.00224546,0.0623597,0.00442677,0.103676,0.0223263,0.0555591,0.0569064,0.00391352,0.000513248,0.00295118,0,0.0307307
76950,0,0,0,0,0,0,0,0,0,0,0,0,0,0,0,0,0,0,0,0,0,0,0,0,0,0,0,0,0,0,0,0,0,0,0,0,0,0.00446515,0,0.00556526,0.000258849,0,0,0,0,0,0,0,0.000711836,0.000711836,0.00168252,0,0,0,0.000129425,0.00135896,0,0.000388274,0.00711836,0,0.000258849,0,0,0.00200608,0.00556526,0,0.00562997,0,0.00310619,0.032615,0.00860674,0.0337798,0.0412865,0.0273733,0,0.000129425,0.0102893,0.0052417,0.102051,0.018443,0.0268556,0.0601178,0.095839,0.0248495,0.0265968,0.0883324,0.00440044,0.009448,0.00252378,0.0570763,0.00569469,0.0959684,0.0276322,0.0498932,0.0677538,0.00342975,0.00194137,0.00194137,0,0.0309325
77000,0,0,0,0,0,0,0,0,0,0,0,0,0,0,0,0,0,0,0,0,0,0,0,0,0,0,0,0,0,0,0,0,0,0,0,0,0,0.00604078,0,0.0061037,0.00163604,0,0,0,0,0,0,0,0.000440473,0.000125849,0.00289454,0,0,0.000566323,0.00119557,0.00220237,0,0.000125849,0.00742512,0.000377548,0.00169897,0,0,0.00276869,0.00270576,0.000314624,0.00748804,0,0.00446766,0.030959,0.00692172,0.0257362,0.0462497,0.0233451,0,6.29247e-05,0.0201359,0.00528568,0.113076,0.015039,0.0223383,0.0521646,0.0872766,0.0239114,0.0285049,0.0814246,0.00283161,0.00924994,0.00597785,0.0564435,0.0115152,0.0995469,0.0276869,0.0533602,0.0679587,0.0071105,6.29247e-05,0.00132142,0.000125849,0.0257991
77050,0,0,0,0,0,0,0,0,0,0,0,0,0,0,0,0,0,0,0,0,0,0,0,0,0,0,0,0.000468961,0,0,0,0,0,0,0,0,0,0.00738613,0,0.00955507,0.000410341,0,0,0,0,0,0,0,0,0,0.00169998,0,0,0.00269652,0.00158274,0.00246204,5.86201e-05,0,0.00621373,0,0.000468961,0.000410341,0,0.00164136,0.00527581,0,0.00932059,0,0.00140688,0.0408582,0.00891025,0.0232136,0.030248,0.0308928,0,0.000586201,0.0157688,0.00375169,0.0957266,0.0131309,0.0290756,0.0559822,0.110616,0.0186412,0.0344686,0.0855267,0.00369307,0.0103758,0.00439651,0.0492409,0.0101413,0.0942025,0.0261446,0.0500029,0.0611407,0.00738613,0.00023448,0.00398617,0.0011724,0.0294273
77100,0,0,0,0,0,0,0,0,0,0,0,0,0,0,0,0,0,0,0,0,0,0,0,0,0,0,0,0.000190949,0,0,0,0,0,0,0,0,0,0.00681051,0,0.00120934,0.000572847,0,0,0,0,0,0,0,0.000318248,0.000127299,0.00197314,0,0,0.00222774,0.000636497,0.00108204,0.000190949,0,0.0143848,0,0.00101839,0.00216409,0,0.00350073,0.00706511,0.000318248,0.0114569,0,0.000445548,0.0597034,0.00464643,0.0173127,0.0294698,0.0256508,0.000700146,0.000509197,0.00967475,0.00534657,0.0978932,0.015085,0.0343072,0.0613583,0.108777,0.0154669,0.0339253,0.0888549,0.00197314,0.00782891,0.00821081,0.0418815,0.0145121,0.101712,0.0159761,0.0421997,0.0705238,0.0097384,0.000127299,0.000572847,0.00120934,0.0191586
77150,0,0,0,0,0,0,0,0,0,0,0,0,0,0,0,0,0,0,0,0,0,0,0,0,0,0,0,0,0,0,0,0,0,0,0,0,0,0.00495383,0,0.00489267,0,0,0,0,0,0,0,0,0.000978533,0,0.00140664,0,0,0.00122317,0.000428108,0.00128433,0,6.11583e-05,0.00617699,6.11583e-05,0.00336371,0.00165128,0.000428108,0.00556541,0.00984649,0.000489267,0.0195095,0,0.0007339,0.0524127,0.00373066,0.0154119,0.0222616,0.0239741,6.11583e-05,0.000183475,0.00703321,0.00354718,0.113816,0.02587,0.0282552,0.0391413,0.116568,0.0184087,0.0182863,0.0860498,0.000917375,0.0130267,0.00795058,0.0477647,0.0120482,0.102257,0.0174913,0.0460522,0.0821356,0.0103358,6.11583e-05,0.0007339,0.000305792,0.020855
77200,0,0,0,0,0,0,0,0,0,0,0,0,0,0,0,0,0,0,0,0,0,0,0,0,0,0,0,0,0,0,0,0,0,0,0,0,0,0.00581893,0,0.00524845,5.70483e-05,0,0,0,0,0,0,0,0.00188259,0,0.000627532,0,5.70483e-05,0.00034229,0.00034229,0.00136916,0,0,0.00747333,0,0.000798676,0.000741628,0,0.00416453,0.00986936,5.70483e-05,0.0177991,0.000228193,0.0016544,0.0558503,0.00650351,0.0168293,0.0284671,0.0266416,0,0.00068458,0.0113526,0.00222488,0.105425,0.013007,0.0239603,0.0516287,0.109704,0.0205944,0.0216213,0.0794113,0.000741628,0.0191112,0.00730218,0.0402191,0.00713104,0.121399,0.0127788,0.046038,0.0840892,0.00616122,0.000570483,0.0016544,0.00131211,0.0190541
77250,0,0,0,0,0,0,0,0,0,0,0,0,0,0,0,0,0,0,0,0,0,0,0,0,0,0,0,0,0,0,0,0,0,0,0,0,0,0.00560355,0,0.00537007,0,0,0,0,0,0,0,0,0.000758814,0,0.000583703,0,0,0.000116741,0.000350222,0.00321037,0,0,0.00443614,0,0.000992295,0.000933925,0,0.0021597,0.00636236,5.83703e-05,0.0118492,0,0.00145926,0.0585454,0.00834695,0.0204296,0.0261499,0.0323955,0,0.000933925,0.0104483,0.00414429,0.101973,0.0114406,0.0164604,0.0633901,0.102323,0.0187952,0.0255078,0.0786248,0.00286014,0.0148844,0.00799673,0.0545179,0.00723792,0.110261,0.0185034,0.0514242,0.0693439,0.0086388,0.00116741,0.000875555,5.83703e-05,0.0280761
77300,0,0,0,0,0,0,0,0,0,0,0,0,0,0,0,0,0,0,0,0,0,0,0,0,0,0,0,0,0,0,0,0,0,0,0,0,0,0.00627306,0,0.00362854,0.000184502,0,0,0,0,0,0,0,0.00123001,0,0,0,0,0.000307503,0,0.00295203,6.15006e-05,0,0.00799508,0,0,0.000123001,0,0.00209102,0.00319803,0,0.00836408,0,0.00246002,0.0429889,0.00602706,0.0215252,0.0247232,0.0330258,0.000123001,0.000184502,0.0110701,0.00418204,0.113284,0.0207872,0.0238622,0.0597786,0.109656,0.0178352,0.0218327,0.0803198,0.00282903,0.0145756,0.00387454,0.0375769,0.00602706,0.105105,0.0146371,0.0662977,0.0729397,0.0123001,0.00166052,0.00178352,0.000123001,0.0301968
77350,0,0,0,0,0,0,0,0,0,0,0,0,0,0,0,0,0,0,0,0,0,0,0,0,0,0,0,0,0,0,0,5.87027e-05,0,0,0,0,0,0.00463751,0,0.00305254,0,0,0,0,0,0,0,0,0.000176108,0,0.000352216,0,0,0.000587027,0,0.00387438,0.000117405,0,0.00275903,0,0.000234811,0.000117405,0,0.00123276,0.004344,0.000117405,0.0101556,5.87027e-05,0.00170238,0.0413854,0.0065747,0.0132668,0.0273554,0.0252421,0,0.00363957,0.0122102,0.00563546,0.118168,0.0289991,0.0317581,0.0513648,0.108952,0.0123863,0.0204872,0.0805401,0.0022894,0.0147931,0.00722043,0.0464338,0.00898151,0.0956267,0.00997945,0.0723804,0.0763722,0.00933372,0.00111535,0.000939243,0,0.0329909
77400,0,0,0,0,0,0,0,0,0,0,0,0,0,0,0,0,0,0,0,0,0,0,0,0,0,0,0,0,0,0,0,0,0,0,0,0,0,0.00710531,0,0.00491017,0,0,0,0,0,0,0,0,0.0003466,0,0,0,0,0,0,0.00132863,0,0,0.003466,0.000519901,0.00127087,0.0001733,0,0.00508347,0.00554561,0,0.00895384,0,0.000519901,0.0470221,0.00976258,0.0217203,0.0249552,0.0353532,0.000519901,0.000866501,0.0183121,0.011149,0.102536,0.0251863,0.0294033,0.0533187,0.121483,0.00935821,0.0286523,0.0570735,0.00288834,0.020565,0.00658541,0.0358731,0.00710531,0.0951996,0.0124198,0.0582866,0.084686,0.00514124,0.000577667,0.00179077,0,0.0329848
77450,0,0,0,0,0,0,0,0,0,0,0,0,0,0,0,0,0,0,0,0,0,0,0,0,0,0,0,0,0,0,0,0,0,0,0,0,0,0.00620718,0,0.00585583,0,0,0,0,0,0,0,5.85583e-05,0,0,0,0,0,0.000234233,0,0.0021081,0,0,0.00398196,0.00035135,0.000527025,0,0,0.00433331,0.00327926,5.85583e-05,0.0102477,5.85583e-05,0.000175675,0.0440358,0.00936933,0.0256485,0.0292791,0.0323242,0.000234233,0.00450899,0.017626,0.0152837,0.109563,0.0207296,0.024126,0.0582069,0.111378,0.0149324,0.0222522,0.0804005,0.000995491,0.00679276,0.00989635,0.0381214,0.00655853,0.0976752,0.0202612,0.0472565,0.0634186,0.0127071,0.0014054,0.0007027,0.000175675,0.0366575
77500,0,0,0,0,0,0,0,0,0,0,0,0,0,0,0,0,0,0,0,0,0,0,0,0,0,0,0,0,0,0,0,0,0,0,0,0,0,0.00726942,0,0.00704225,0.000567924,0,0,0.000113585,0,0,0,0,0.000170377,0.000340754,0,0,0,0.00227169,0,0.00215811,0,0,0.00238528,0.000454339,0.000908678,0.000227169,0,0.00272603,0.00460018,0,0.0052249,0,0,0.047592,0.0105634,0.019139,0.0274307,0.0286801,0,0.00414584,0.0176056,0.0143685,0.0942185,0.0143117,0.0223194,0.0651976,0.108928,0.0177192,0.0171513,0.0800204,0.00471377,0.0115289,0.016697,0.0582122,0.00556565,0.101715,0.0172649,0.0567356,0.0597456,0.0101658,0.00113585,5.67924e-05,0,0.0306111
77550,0,0,0,0,0,0,0,0,0,0,0,0,0,0,0,0,0,0,0,0,0,0,0,0,0,0,0,0,0,0,0,0,0,0,0.000175943,0,0,0.00903173,0,0.00545423,0.000586476,0,0,0,0,0,0,0,0,0.000117295,0,0.000469181,0,0.00129025,0,0.00299103,0,0,0.00586476,0.000410533,0.000293238,0.000175943,0,0.000762419,0.00533693,5.86476e-05,0.0073896,0,0,0.0451586,0.00650988,0.0202334,0.0294997,0.0402909,0,0.000351886,0.0138995,0.00944226,0.107384,0.017477,0.0190605,0.0708463,0.0862706,0.0158935,0.0365374,0.0672688,0.00363615,0.0102633,0.0119055,0.0521964,0.00815201,0.0967685,0.0121401,0.0659199,0.0652161,0.0147205,0.000645123,0.000175943,5.86476e-05,0.0316697
77600,0,0,0,0,0,0,0,0,0,0,0,0,0,0,0,0,0,0,0,0,0,0,0,0,0,0,0,0,0,0,0.000115194,0,0,0,0.000172791,0,0,0.00858196,0,0.00535653,0,0,0,0,0,5.75971e-05,0,0,0,0.000172791,0.000172791,0.00103675,0,0.000172791,5.75971e-05,0.00213109,0,0,0.00299505,0.0019007,0.000403179,0.000863956,0,0.000460776,0.00362861,5.75971e-05,0.00627808,0,0.00097915,0.0540836,0.00575971,0.0236148,0.0332911,0.0398572,0.000115194,0.000403179,0.0105403,0.00800599,0.0973966,0.0217717,0.0290289,0.078044,0.0812118,0.0167031,0.0397996,0.0628384,0.00743002,0.0196406,0.0129593,0.0472296,0.0111738,0.0913489,0.0217141,0.0498214,0.0548324,0.0145145,0.000806359,0.000230388,0,0.0302385
77650,0,0,0,0,0,0,0,0,0,0,0,0,0,0,0,0,0,0,0,0,0,0,0,0,0,0,0,0,0,0,6.11658e-05,0,0,0,0.000183497,0,0,0.00819622,0,0.00422044,0,0,0,0,0,0,0,0,0,0.000305829,0.00122332,0.000795156,0,6.11658e-05,6.11658e-05,0.00195731,0.000550492,0,0.00336412,0.00226314,0.000244663,0.000489327,0,0.00311946,0.00354762,0.00110098,0.0098477,0,0.00152915,0.0440394,0.00605542,0.0283809,0.0253838,0.0342529,0,0.000305829,0.0163924,0.0118662,0.104471,0.0242217,0.0341917,0.0659368,0.0804331,0.0162701,0.0269741,0.0806777,0.00440394,0.0200624,0.00623891,0.0460579,0.011071,0.097743,0.0250168,0.0645911,0.0489938,0.00630008,0,0,0.000305829,0.0262401
77700,0,0,0,0,0,0,0,0,0,0,0,0,0,0,0,0,0,0,0,0,0,0,0,0,0,0,0,0,0,0,0,0,0,0,0,0,0,0.00791602,0,0.00384329,5.73625e-05,0,0,5.73625e-05,0,0,0,0,0,0.00022945,0.000630987,0.00166351,0,0.000573625,0,0.0018356,0.000401537,0,0.00608042,0.000401537,0.00172087,0.000114725,5.73625e-05,0.00464636,0.00212241,0.00166351,0.00866173,0,0.000172087,0.0390065,0.0036712,0.0244364,0.0243791,0.0367693,0,0.00378592,0.0152011,0.0142259,0.0889118,0.0182413,0.025641,0.0598864,0.074055,0.0243791,0.02501,0.0742844,0.00304021,0.0213388,0.00665405,0.0476109,0.00883382,0.126943,0.0207652,0.0690071,0.0573625,0.00894855,0.000114725,0.00022945,0,0.0344175
77750,0,0,0,0,0,0,0,0,0,0,0,0,0,0,0,0,0,0,0,0,0,0,0,0,0,0,0,0,0,0,0.000119725,0,0,0,0.000179587,0,0,0.0107752,0,0.00125711,0.000419036,0,0,0,0,0,0,0,0,0.000119725,0,0.000179587,0.000299312,0.00179587,0,0.00107752,0,0,0.00436995,0.000478899,0.00149656,0.000119725,0.000179587,0.00305298,0.00562706,0.00077821,0.0116133,0,0,0.0343011,0.00436995,0.0229273,0.0241844,0.0325651,0,0.000478899,0.0125112,0.0141874,0.107632,0.0207722,0.0228674,0.0640527,0.102963,0.019575,0.0179587,0.0761449,0.00161628,0.0175995,0.00239449,0.046513,0.00903921,0.125531,0.0134092,0.0608201,0.0457348,0.0135887,0,0.000239449,0.000119725,0.0419635
77800,0,0,0,0,0,0,0,0,0,0,0,0,0,0,0,0,0,0,0,0,0,0,0,0,0,0,0,0,0,0,0,0,0,0,0,0,0,0.00772451,0,0.00436346,0.000648623,0,0,0,0,0,0,0,0.000176897,0,0,0,0,0.00106138,0,0.00147414,0,0,0.0024176,0.000766555,0.00106138,0,0.000117931,0.00465829,0.00737072,0.000117931,0.0107907,0,0.000117931,0.0425143,0.00695796,0.0239991,0.0329029,0.0304263,0.000235863,0.00200484,0.0149773,0.00813727,0.108733,0.0208739,0.0153901,0.0511823,0.102541,0.0224659,0.0192228,0.0916917,0.00171001,0.0157439,0.0022407,0.037915,0.00471726,0.114394,0.0175718,0.0556047,0.0475264,0.00731175,0,0.000235863,0,0.0579044
77850,0,0,0,0,0,0,0,0,0,0,0,0,0,0,0,0,0,0,0,0,0,0,0,0,0,0,0,0,0,0,0,0,0,0,0,0,0,0.00856203,0,0.00323203,0.000113404,0,0,0,0,5.67022e-05,0,0,0.000113404,0,0,0,0.000850533,0.000396915,0,0.00323203,0,0,0.00555682,0.00051032,0.00170107,0,0.000283511,0.00204128,0.00476298,0,0.00674756,0.000623724,5.67022e-05,0.0484804,0.00742799,0.0256294,0.0272738,0.0250624,0.000396915,0.00192787,0.0150828,0.0115672,0.103595,0.0156498,0.0140621,0.0641869,0.0855069,0.0112837,0.0280676,0.0760377,0.00051032,0.0136652,0.0024949,0.0529032,0.00725788,0.12174,0.0178045,0.075017,0.0474597,0.0110569,0,0.000113404,0,0.0498979
77900,0,0,0,0,0,0,0,0,0,0,0,0,0,0,0,0,0,0,0,0,0,0,0,0,0,0,0,0,0,0,0,0,0,0,0,0,0,0.0107912,0,0.00429444,0,0,0,0,0,0,0,0,0.000110114,0,0.000880912,0,0.000770798,0.000385399,0.000110114,0.00451467,0,0,0.00478996,0.000110114,0.000825855,0,0,0.00556076,0.00770798,0.000165171,0.00445962,5.5057e-05,5.5057e-05,0.0514232,0.00754281,0.0193801,0.0280791,0.021252,0,0.000330342,0.0169576,0.00891923,0.105544,0.0105709,0.0135991,0.0588009,0.075373,0.0171227,0.0279689,0.0955239,0.00412927,0.0161868,0.00346859,0.0498816,0.0127182,0.120134,0.0180587,0.0634256,0.0536806,0.0118373,5.5057e-05,0,0,0.0424489
77950,0,0,0,0,0,0,0,0,0,0,0,0,0,0,0,0,0,0,0,0,0,0,0,0,0,0,0,0,0,0,0,0,0,0,0,0,0,0.00480065,0,0.00394158,0.000252666,0,0,0,0,0,0,0,0,0.000404265,0.000101066,0,0.000101066,0.00101066,0,0.00333519,0,0,0.0071757,0.000404265,0.00141493,0,0,0.0082369,0.00525544,5.05331e-05,0.0088433,0.000303199,0,0.0514427,0.00727677,0.0212744,0.025873,0.0428521,0,0,0.0137955,0.00995503,0.100915,0.0076305,0.0176361,0.0538683,0.0962151,0.0124817,0.0268331,0.0698368,0.00429532,0.013745,0.00469958,0.0470463,0.00525544,0.115216,0.0213755,0.0584668,0.0634191,0.0123301,0,5.05331e-05,0,0.0505837
78000,0,0,0,0,0,0,0,0,0,0,0,0,0,0,0,0,0,0,0,0,0,0,0,0,0,0,0,0,0,0,0,0,0,0,0,0,0,0.00435915,0,0.00560462,0.000509511,0,0,0,0,0,0,5.66123e-05,0,5.66123e-05,0,5.66123e-05,0,0.00288723,0,0.00203804,5.66123e-05,0,0.00583107,0.000792572,0.000452899,0,0,0.00634058,0.00447237,0.000566123,0.00418931,0,0.000452899,0.0520267,0.00990716,0.0217957,0.0216825,0.0331182,0,0.000226449,0.0197011,0.00900136,0.0981091,0.0114923,0.016644,0.0741621,0.0931839,0.0109828,0.0329484,0.0803895,0.00798234,0.00928442,0.00758605,0.0349298,0.00713315,0.113678,0.0232111,0.0678782,0.0450634,0.011832,0.000169837,0.00073596,5.66123e-05,0.0463655
78050,0,0,0,0,0,0,0,0,0,0,0,0,0,0,0,0,0,0,0,0,0,0,0,0,0,0,0,0,0,0,0,0,0,0,0,0,0,0.00552364,0,0.00568935,0.000939019,0,0,0,0,0,0,0,0,0,0,0,0,0.00104949,0,0.00237517,0,0,0.00287229,0.0012152,0.000828546,0,5.52364e-05,0.00165709,0.0053027,0.00110473,0.0083407,0.000165709,5.52364e-05,0.0461776,0.011213,0.0205479,0.0231993,0.0312638,0,0.000607601,0.0149691,0.0108263,0.115278,0.0172338,0.0201061,0.0730778,0.0997017,0.0122072,0.0271763,0.0663389,0.00254087,0.0103292,0.00508175,0.0528612,0.00662837,0.0995913,0.029662,0.0615334,0.0468405,0.00762262,0,0.00115996,0.000552364,0.0484976
78100,0,0,0,0,0,0,0,0,0,0,0,0,0,0,0,0,0,0,0,0,0,0,0,0,0,0,0,0,0,0,0,0,0,0,0,0,0,0.00766001,0,0.00726282,0.00119156,0,0,0,0,0,0,0,5.67408e-05,0,0.00141852,0,0,0.00141852,0,0.00141852,0,0,0.00493645,0.000170222,0.000964594,0,0,0.00465275,0.00470949,0.000340445,0.00357467,0,0,0.0522583,0.00334771,0.0316614,0.0304131,0.0255334,0,0.00068089,0.0116319,0.0125965,0.120631,0.0169088,0.0268384,0.0800613,0.0922606,0.0086246,0.0235474,0.0644576,0.00272356,0.010497,0.00561734,0.0523718,0.00805719,0.0931117,0.0208239,0.0588402,0.049251,0.00788697,0.000283704,0.00295052,0.000737631,0.0456196
78150,0,0,0,0,0,0,0,0,0,0,0,0,0,0,0,0,0,0,0,0,0,0,0,0,0,0,0,0,0,0,0,0,0,0,0,0,0,0.00894533,0,0.00254003,0.000552181,0,0,0,0,0,0,0,0.000662617,0,0.000220872,0,0,0.00165654,0.000165654,0.00088349,0,0,0.00541137,0,5.52181e-05,0,0,0.00430701,0.00287134,0.000386527,0.00463832,0,0.000165654,0.0561568,0.0036444,0.0306461,0.0287686,0.0214798,0.000110436,0.000386527,0.0156267,0.010878,0.118222,0.0133628,0.0196576,0.0655991,0.120155,0.00905577,0.0305356,0.0736057,0.00270569,0.0123136,0.0039757,0.0454445,0.00574268,0.104141,0.0221977,0.0540585,0.045831,0.0114301,0.000110436,0.00187742,0.00160133,0.037217
78200,0,0,0,0,0,0,0,0,0,0,0,0,0,0,0,0,0,0,0,0,0,0,0,0,0,0,0,0,0,0,0,0,0,0,0,0,0,0.00692775,0,0.00435131,0.00028627,0,0,0,0,0,0,0,0.00028627,0,0.000458033,0.000114508,0,0.000744303,0.000171762,0.000916065,0,0.000171762,0.0077293,0,0.00097332,5.72541e-05,0,0.00841635,0.00320623,0.000858811,0.00234742,0,0.000171762,0.0495248,0.00732852,0.0196954,0.02502,0.0190084,5.72541e-05,0.000114508,0.0180923,0.0153441,0.152582,0.0148861,0.0150578,0.0722547,0.0930379,0.0136837,0.0256498,0.0681896,0.00343525,0.0172335,0.00566816,0.0521585,0.00618344,0.0894309,0.0208405,0.0488377,0.0523875,0.0143708,5.72541e-05,0.00028627,0,0.0413947
78250,0,0,0,0,0,0,0,0,0,0,0,0,0,0,0,0,0,0,0,0,0,0,0,0,0,0,0,0,0,0,0,0,0,0,0,0,0,0.00737945,0,0.00416854,0.00033799,0,0,0,0,0,0,0,0,0,0,0.000112663,0,0.000450653,5.63317e-05,0.000112663,0,0,0.00642181,0,0.00140829,0.00129563,0,0.00737945,0.00580216,0.000112663,0.00264759,0,0.000112663,0.045178,0.00349256,0.0216877,0.0246733,0.0206737,0,0.00135196,0.0174628,0.0101397,0.141505,0.0207301,0.0147589,0.0611199,0.0816809,0.0132379,0.0167868,0.0754281,0.00614015,0.0111537,0.00625282,0.0660207,0.00636548,0.109847,0.0159982,0.0679923,0.0592609,0.0137449,0.000506985,0,5.63317e-05,0.0289545
78300,0,0,0,0,0,0,0,0,0,0,0,0,0,0,0,0,0,0,0,0,0,0,0,0,0,0,0,0,0,0,0,0,0,0,0,0,0,0.00820718,0,0.00155271,0.00155271,0,0,0,0,0,0,0,0,0,0,0.000277269,0,0.00099817,0,0.00155271,0,0,0.0085399,0,0.000831808,0.000776354,0,0.0092608,0.00221816,0.000609993,0.00388177,0,0.000443631,0.0385405,0.00526812,0.0370432,0.0262851,0.0120889,0,0.00160816,0.0293351,0.0135862,0.117063,0.0145844,0.0130871,0.0713137,0.103255,0.012588,0.017468,0.0786891,0.00931625,0.0120335,0.00449177,0.0530694,0.00598902,0.0938834,0.011978,0.0657683,0.0688183,0.00942716,0.000665447,0,0.000110908,0.0319414
78350,0,0,0,0,0,0,0,0,0,0,0,0,0,0,0,0,0,0,0,0,0,0,0,0.000272227,0,0,0,0,0,0,0,0,0,0,0,0,0,0.00909239,0,0.00261338,0,0,0,0,0,0,0,0,0,0,0,0.0005989,0,0.000653346,0,0.00147003,0,0.000108891,0.0065879,0,0.00136114,0,0,0.00849349,0.00223226,0.000544455,0.00370229,0,0.00103446,0.045952,0.00484565,0.0293461,0.0309795,0.0162792,5.44455e-05,0.00125225,0.0176948,0.0101269,0.130669,0.0125769,0.0205259,0.046442,0.0930473,0.00952796,0.0177492,0.077857,0.0023956,0.0136114,0.00468231,0.0471498,0.00446453,0.109925,0.0147003,0.0645723,0.0719769,0.0197093,0.0005989,0,0.000108891,0.042413
78400,0,0,0,0,0,0,0,0,0,0,0,0,0,0,0,0,0,0,0,0,0,0,0,0,0,0,0,0,0,0,0,0,0,0,0,0,0,0.00982503,0,0.00110394,0,0,0,0,0,0,0,0,0,0,0,0.000717558,0.000607165,0.00143512,0,0.00248385,0,0.00016559,0.0105426,0,0.00281504,0,0.00016559,0.00938345,0.00160071,0,0.00253905,0,0.00104874,0.054976,0.00187669,0.0284263,0.0269912,0.0155103,0.00016559,0.00204228,0.0289783,0.00805873,0.129436,0.00982503,0.0301374,0.0613236,0.0778275,0.00910747,0.0209196,0.0731909,0.000496771,0.0119225,0.0085003,0.0411768,0.00551968,0.103218,0.0125297,0.0696583,0.065629,0.00712038,5.51968e-05,0,5.51968e-05,0.0508914
78450,0,0,0,0,0,0,0,0,0,0,0,0,0,0,0,0,0,0,0,0,0,0,0,0,0,0,0,0,0,0,0,0,0,0,0,0,0,0.00910137,0,0.00135997,0,0,0,0,0,0.000104613,0,0.000104613,0,0,0,0.000104613,0.000523067,5.23067e-05,0,0.00245842,0,0.00015692,0.00768909,0,0.00141228,0.00015692,0.000575374,0.0109844,0.00245842,0,0.00167382,0,0.000941521,0.0458207,0.000993828,0.0271472,0.030704,0.0220734,0,0.0015169,0.0376085,0.0131813,0.113401,0.00742756,0.0216027,0.0718171,0.0805524,0.0149597,0.0321163,0.0611466,0.000993828,0.0164243,0.011769,0.0524113,0.00324302,0.105921,0.0109844,0.0631342,0.0641804,0.0136521,0,0,0.000366147,0.0349932
78500,0,0,0,0,0,0,0,0,0,0,0,0,0,0,0,0,0,0,0,0,0,0,0,0,0,0,0,0,0,0,0,0,0,0,0,0,0,0.00855752,0,0.00106969,0,0,0,0,0,5.34845e-05,0,0.000213938,0,0,0.000267423,0.000267423,0,0,0,0.00149757,0,0,0.00497406,5.34845e-05,0.000534845,0.000481361,0,0.00465315,0.00422528,0,0.00406482,0,0.000427876,0.0388832,0.00160454,0.0255121,0.0229449,0.0256191,0,0.00133711,0.0355137,0.0142269,0.110446,0.0115527,0.0286677,0.0680858,0.0833289,0.0124619,0.0378136,0.0581912,0.000213938,0.0129433,0.0146013,0.0547681,0.00427876,0.117987,0.00593678,0.0572284,0.0659464,0.00754132,5.34845e-05,0.000909237,0.000748783,0.0493127
78550,0,0,0,0,0,0,0,0,0,0,0,0,0,0,0,0,0,0,0,0,0,0,0,0,0,0,0,0,0,0,0,0,0,0,0,0,0,0.00809995,0,0.00269998,0.000476468,0,0,0,0,0,0,0,0,0,0.000794113,0,0,5.29409e-05,0,0.00121764,0,0,0.00539997,0,0,0.000529409,0,0.00704114,0.0058235,0,0.00651173,0.000105882,0.000423527,0.0450527,0.00291175,0.0320292,0.0258881,0.0381704,0.000211763,0.000847054,0.0246175,0.013447,0.10027,0.00693525,0.0168881,0.0718937,0.0807878,0.00905289,0.0201705,0.0632643,0.000899995,0.014347,0.0123352,0.0688231,0.00365292,0.107046,0.00947641,0.0645879,0.0668114,0.0111176,0,0,0.000741172,0.0485468
78600,0,0,0,0,0,0,0,0,0,0,0,0,0,0,0,0,0,0,0,0,0,0,0,0,0,0,0,0,0,0,0,0,0,0,0,0,0,0.00527634,0,0.00373075,0.000266482,0,0,0,0,0,0,5.32964e-05,0,0,0.000159889,0,0,0,0,0.000906038,0,0,0.00628897,0,5.32964e-05,5.32964e-05,0.000373075,0.00842083,0.00969994,0,0.00426371,0.000106593,5.32964e-05,0.0467409,0.00058626,0.0212653,0.0304855,0.0313383,0.00058626,0.00277141,0.0266482,0.0190801,0.101423,0.00980653,0.0199861,0.0650216,0.0851143,0.0125246,0.0170015,0.0630496,0.000799446,0.0174812,0.0102329,0.0617705,0.00522305,0.114001,0.00799446,0.0583062,0.0716303,0.0148697,0,0.000266482,0.00101263,0.0432767
78650,0,0,0,0,0,0,0,0,0,0,0,0,0,0,0,0,0,0,0,0,0,0,0,0,0,0,0,0,0,0,0,0,0,0,0,0,0,0.00698531,0,0.00385017,0.00088004,0,0,0,0,0,0,0,0,0,0.000385017,0.000385017,0,0,5.50025e-05,0.00104505,0,0,0.00313514,0,0.000935042,0,0,0.00825037,0.0044002,0.000385017,0.00264012,0.00022001,0.00066003,0.0411419,0.000770035,0.0180408,0.0347616,0.0309664,0,0.00242011,0.0261262,0.0110555,0.11765,0.00869039,0.0103405,0.0721082,0.0774435,0.0166657,0.0155657,0.0751884,0.00236511,0.0186458,0.0105605,0.067763,0.00610527,0.119685,0.0118255,0.0460371,0.0651779,0.0110005,0,0.000275012,0.00170508,0.0457071
78700,0,0,0,0,0,0,0,0,0,0,0,0,0,0,0,0,0,0,0,0,0,0,0,0,0,0,0,0,0,0,0,0,0,0,0,0,0,0.00625,0,0.00418478,0.000380435,0,0,0,0,0,0,0,0,0,0.000923913,0.000108696,0.000163043,0.000652174,0,0.00141304,0,5.43478e-05,0.00255435,0,0.000163043,0.000217391,0,0.0186957,0.00418478,0.00048913,0.0013587,0.00108696,0.00146739,0.034837,0.000380435,0.00956522,0.0402174,0.0351087,0.000380435,0.00309783,0.0284783,0.0151087,0.121359,0.0123913,0.0113587,0.0661413,0.0741848,0.0164674,0.0203261,0.0705435,0.00608696,0.018913,0.005,0.060163,0.00288043,0.113641,0.0125,0.0457609,0.0776087,0.0114674,0,0.00048913,0.000543478,0.0406522
78750,0,0,0,0,0,0,0,0,0,0,0,0,0,0,0,0,0,0,0,0,0,0,0,0,0,0,0,0,0,0,0,0,0,0,0,0,0,0.00819992,0,0.00262174,5.57818e-05,0,0,0,0,0,0,5.57818e-05,0,0,0.000446254,0.000446254,0.000111564,0,0,0,0,0,0.00262174,0.000334691,0.000111564,0.000390472,0,0.0146148,0.00379316,0,0.00323534,0.000725163,0.00133876,0.0322419,5.57818e-05,0.00831149,0.0372064,0.0224801,0.000334691,0.00217549,0.0222569,0.0208624,0.130139,0.0100407,0.014838,0.0600212,0.0749149,0.0161767,0.0366486,0.0780945,0.00239862,0.0230379,0.00686116,0.0565069,0.00591287,0.114576,0.00953868,0.0560049,0.0695041,0.0082557,0,0.00145033,0.000334691,0.0397166
78800,0,0,0,0,0,0,0,0,0,0,0,0,0,0,0,0,0,0,0,0,0,0,0,0,0,0,0,0,0,0,0,0,0,0,0,0,0,0.00975227,0,0.00173747,0.000336285,0,0,0,0,0,0,0.000168143,0,0,0.000280238,0.00263423,0.000168143,0.000280238,0,5.60475e-05,0,0,0.001177,0.000336285,0.000280238,0.000112095,0.000168143,0.00829503,0.00465194,0.000280238,0.00218585,0.00067257,0.00022419,0.037776,0.00022419,0.00779061,0.0419796,0.0276314,0.000336285,0.00325076,0.0174868,0.0230916,0.128853,0.0110974,0.0109853,0.0494339,0.0781863,0.0186638,0.0269028,0.0799238,0.00207376,0.0159175,0.00476404,0.0582334,0.00666966,0.114897,0.00935994,0.0634458,0.0654075,0.0126667,0.000168143,0.00123305,5.60475e-05,0.0476964
78850,0,0,0,0,0,0,0,0,0,0,0,0,0,0,0,0,0,0,0,0,0,0,0,0,0,0,0,0,0,0,0,0,0,0,0,0,0,0.00746188,0,0.00259544,0,0,0,0,0,0,0,0,0,0,0.000216286,0.000378501,0.000486644,0.00032443,0,0,0,0,0.00248729,0.000270358,5.40716e-05,0,0.000811074,0.010544,0.00135179,0.000865145,0.00346058,0.000865145,5.40716e-05,0.0553693,0.000108143,0.00919217,0.0363361,0.0302801,0.00194658,0.00162215,0.0170326,0.0170866,0.121445,0.015086,0.0107062,0.0590462,0.0716449,0.0220612,0.0217368,0.0606143,0.000702931,0.0244944,0.00416351,0.0707797,0.00735374,0.114037,0.012869,0.0628853,0.0607765,0.0133016,0,0.000919217,0,0.0441765
78900,0,0,0,0,0,0,0,0,0,0,0,0,0,0,0,0,0,0,0,0,0,0,0,0,0,0,0,0,0,0,0,0,0,0,0,0,0,0.006355,0,0.0028183,0,0,0,0,0,0,0,0,0,0,0.000331565,0.000165782,0.000110522,0.000165782,0,0,0,0.000331565,0.00337091,5.52608e-05,0.000221043,0,0.00066313,0.0107759,0.00193413,0.000386826,0.00292882,0.000276304,0.000331565,0.0535477,0.00138152,0.0150309,0.0316092,0.0250332,0.00348143,0.00265252,0.0181256,0.0133731,0.104332,0.00784704,0.00641026,0.0562003,0.0759836,0.00751547,0.0214412,0.0765915,0.000331565,0.0137599,0.00442087,0.0717838,0.00331565,0.125995,0.0143126,0.0760942,0.069076,0.0135389,0,0.00193413,0,0.0536583
78950,0,0,0,0,0,0,0,0,0,0,0,0,0,0,0,0,0,0,0,0,0,0,0,0,0,0,0,0,0,0,0,0,0,0,0,0,0,0.00665779,0,0.00486308,0,0,0,0,0,0,0,5.78938e-05,0,0,0.00075262,0,0,0,0,0.000289469,0,0.000231575,0.006542,0,5.78938e-05,0,0.000115788,0.0124472,0.00387889,0.000636832,0.0065999,0.000405257,5.78938e-05,0.0491519,0.000463151,0.0169629,0.0289469,0.0273838,0.00121577,0.00104209,0.0131998,0.014184,0.111619,0.00810514,0.0122735,0.0585885,0.0690094,0.0131419,0.0292364,0.0717883,0.000868407,0.0153998,0.00590517,0.0521623,0.00613675,0.13194,0.00822092,0.0726567,0.074683,0.00833671,0.000405257,0.00196839,0,0.0514097
79000,0,0,0,0,0,0,0,0,0,0,0,0,0,0,0,0,0,0,0,0,0,0,0,0,0,0,0,0,0,0,0,0,0,0,0,0,0,0.00397857,0,0.00297066,0,0,0,0,0,0,0,0.000106095,5.30476e-05,0,0,0.000106095,0,5.30476e-05,0.000159143,0.000159143,0,0,0.00716142,0,0,5.30476e-05,0.000848761,0.00694923,0.00217495,5.30476e-05,0.00933637,0.000318286,0,0.0370272,0.00206886,0.0168691,0.0294945,0.023394,0.00021219,0.000636571,0.0227044,0.0131028,0.134051,0.00652485,0.0161265,0.0639754,0.0575566,0.0141107,0.0182484,0.0782452,0.00175057,0.00917723,0.0120948,0.0584584,0.00583523,0.135855,0.0112991,0.0551164,0.0762294,0.0146411,0.000106095,0.00153838,0,0.049069
79050,0,0,0,0,0,0,0,0,0,0,0,0,0,0,0,0,0,0,0,0,0,0,0,0,0,0,0,0,0,0,0,0,0,0.000106826,0,0,0,0.00523448,0,0.00544814,0,0,0,0,0,0,0,0,0,0,0,0,0.000106826,0.000961436,0,0.000480718,5.34131e-05,0,0.00240359,0,0,0,0.000640957,0.0107894,0.00218994,0.00181605,0.00758466,0.000427305,0,0.046416,0.00208311,0.0241427,0.0288431,0.023021,0.000160239,0.000427305,0.0239825,0.0122316,0.129954,0.00566179,0.0143681,0.0584873,0.0640423,0.0138874,0.0251042,0.0760068,0.00272407,0.00742442,0.0107894,0.0613716,0.00988142,0.122476,0.00988142,0.0609443,0.0715201,0.00908023,0,0.000534131,0,0.0463092
79100,0,0,0,0,0,0,0,0,0,0,0,0,0,0,0,0,0,0,0,0,0,0,0,0,0,0,0,0,0,0,0,0,0,0,0,0,0,0.00522803,0,0.00350389,0,0,0.000111235,0,0,0,0,0,0,0,0,0.000500556,0.000389321,0.000111235,0,5.56174e-05,0.000111235,0,0.00261402,0,0.000111235,0.00272525,0.000278087,0.0104004,0.00322581,0.000723026,0.0117909,0.000444939,0.000278087,0.0437709,0.00205784,0.0146274,0.0246385,0.0243604,0.00100111,0.000111235,0.0216352,0.00917686,0.115406,0.00572859,0.0218576,0.0569522,0.0739711,0.0155172,0.0204116,0.0814238,0.0012792,0.0104004,0.0116796,0.062792,0.0137375,0.118354,0.0107341,0.0582314,0.0786986,0.0152392,5.56174e-05,0.000500556,5.56174e-05,0.0429922
79150,0,0,0,0,0,0,0,0,0,0,0,0,0,0,0,0,0,0,0,0,0,0,0,0,0,0,0,0,0,0,0,0,0,0,0,0,0,0.00469112,0,0.0028825,0.000113039,0,0,0,0,0,0,0,0,0,0.000452156,0,0.000282598,0.000113039,0,0,0,0,0.00333465,0,0,0.0020347,5.65195e-05,0.00825185,0.00316509,0.000678234,0.0109648,0.000395637,0.000226078,0.0456678,0.00129995,0.018934,0.0289945,0.0299553,0.00107387,0.000226078,0.0227209,0.0139038,0.114452,0.00712146,0.0213079,0.0487764,0.0787317,0.0161081,0.0169559,0.0763579,0.00276946,0.00593455,0.00943876,0.0668626,0.00593455,0.128412,0.015882,0.0640366,0.0718928,0.00746058,5.65195e-05,0.00141299,0.000734754,0.038942
79200,0,0,0,0,0,0,0,0,0,0,0,0,0,0,0,0,0,0,0,0,0,0,0,0,0,0,0,0,0,0,0,0,0,0,0,0,0,0.00457912,5.65323e-05,0.00582283,0.000169597,0,0,0,0,0,0,0,0,0,5.65323e-05,0,0.000282662,0.0015829,0.00124371,0.000169597,0,0,0.003505,0,0.000282662,0.00231782,0,0.00706654,0.00356154,0.000452258,0.00961049,0.00214823,0,0.0456781,0.00220476,0.0186557,0.0326191,0.02804,0.00130024,0,0.0285488,0.00921477,0.116287,0.0075188,0.0172989,0.0398553,0.0806716,0.0179773,0.0216519,0.0620725,0.00299621,0.0089321,0.00898864,0.075301,0.00373113,0.129968,0.00949743,0.0537622,0.0855334,0.00966702,5.65323e-05,0.00237436,5.65323e-05,0.0366329
79250,0,0,0,0,0,0,0,0,0,0,0,0,0,0,0,0,0,0,0,0,0,0,0,0,0,0,0,0,0,0,0,0,0,0,0,0,0,0.00359118,0,0.00587129,0.000570028,0,0,0,0,5.70028e-05,0,0,0,0.000114006,0.000285014,0.00039902,0,0.000741036,0.000114006,0.00102605,0.000228011,0,0.00342017,0,0.000342017,0.00142507,0,0.00974748,0.00279314,0.000912045,0.0151627,0.00142507,5.70028e-05,0.0331756,0.000570028,0.0220601,0.0334606,0.0269623,0.00102605,0,0.0360258,0.00923445,0.140398,0.0119136,0.0144217,0.0445192,0.081115,0.0164738,0.0164168,0.0634441,0.00387619,0.0112866,0.0157328,0.0599099,0.00524426,0.121074,0.0133387,0.0477113,0.0712535,0.0123696,0,0.00188109,0,0.0368238
79300,0,0,0,0,0,0,0,0,0,0,0,0,0,0,0,0,0,0,0,0,0,0,0,0,0,0,0,0,0,0,0,0,0,0,0,0,0,0.00271262,0,0.00377639,0.000265943,0,0,0,0,0,0,0,0,0.000372321,5.31887e-05,0,0,0.000585075,0.000212755,0.000106377,0.000106377,0,0.0023403,0.000212755,0.000372321,0.000851019,0,0.00989309,0.000425509,0.00159566,0.00664858,0.000638264,0,0.0343067,0.00287219,0.0180841,0.0287751,0.027073,0.00143609,0.000691453,0.0214882,0.0105314,0.144141,0.00787192,0.0181905,0.0467528,0.0906867,0.0135631,0.0168608,0.062869,0.00138291,0.00760598,0.0172863,0.0623903,0.00776554,0.123504,0.0172863,0.0491463,0.0827084,0.0119143,0.000904207,0.00101058,0,0.0397319
79350,0,0,0,0,0,0,0,0,0,0,0,0,0,0,0,0,0,0,0,0,0,0,0,0,0,0,0,0,0,0,0,0,0,0,0,0,0,0.00566981,0,0.00350497,0,0,0,0,0,0,0,0,0,0.000566981,0,0,0,0.000206175,0,0.000154631,0,0,0.00221638,0,0.000773156,0.000309262,0,0.00912324,0.0008247,0.000154631,0.00768002,0.000927787,5.15437e-05,0.0315448,0.000927787,0.0217515,0.0301531,0.0258234,0.00123705,0.00484511,0.0337096,0.00819545,0.121282,0.00953559,0.0178857,0.0513376,0.0870058,0.0140199,0.0251533,0.0578836,0.00407196,0.0128859,0.0175249,0.0573166,0.0061337,0.127107,0.0120097,0.0584506,0.0795835,0.00876243,0.00144322,0.000257719,0.000257719,0.0397402
79400,0,0,0,0,0,0,0,0,0,0,0,0,0,0,0,0,0,0,0,0,0,0,0,0,0,0,0,0,0,0,0,0,0,0,0,0,0,0.00535968,0,0.00362566,0,0,0,0,0,0,0,0,0,0.000157638,0.000420367,0,0,0.000420367,0,5.25458e-05,0,0,0.00336293,0,0.00152383,0.000525458,0,0.0133992,0.00136619,0.000472913,0.00656823,0,0.00063055,0.0291104,0.000578004,0.0225422,0.0168672,0.02291,0.00178656,0.00546477,0.0340497,0.00478167,0.119962,0.00409858,0.0155536,0.0543324,0.0759813,0.0171825,0.0243287,0.0603752,0.00267984,0.017708,0.0117177,0.0748778,0.00262729,0.131102,0.0119805,0.0507067,0.101991,0.00593768,0.000420367,0.000210183,0,0.0402501
79450,0,0,0,0,0,0,0,0,0,0,0,0,0,0,0,0,0,0,0,0,0,0,0,0,0,0,0,0,0,0,0,0,0,0,0,0,0,0.00469603,0,0.00311367,0,0,0,0,0,0,0,0,0,0,0.000816702,0,0.000153132,0.000357307,0,0,0,0,0.0050023,0,0.000867745,0.000306263,0,0.0198561,0.00265428,0.00066357,0.00913685,0,0.000102088,0.0265428,0.000816702,0.0235312,0.0328722,0.0191414,0.00301159,0.00107192,0.0305242,0.00990251,0.122097,0.00433873,0.0142412,0.0451738,0.083814,0.0165893,0.0253177,0.0505845,0.00183758,0.022153,0.00602317,0.0634475,0.00704405,0.101322,0.0117911,0.0762085,0.0865704,0.0101067,0.00158236,0.000306263,0.000204175,0.0541065
79500,0,0,0,0,0,0,0,0,0,0,0,0,0,0,0,0,0,0,0,0,0,0,0,0,0,0,0,0,0,0,0,0,0,0,0,0,0,0.00396172,0,0.00164643,0,0,0,0,0,0,0,0,0.000102902,0,0.000154353,0,0,0.000257255,0,0.000154353,0,0,0.002624,0,0.00128627,0.000154353,0.000154353,0.0134287,0.00298415,0.0027269,0.0100329,0,0,0.0332887,0.00401317,0.0296872,0.0187281,0.0261371,0.00344721,0.00102902,0.0295328,0.00524799,0.117565,0.00231529,0.0170817,0.0413665,0.104908,0.0174419,0.0251595,0.0577794,0.00205804,0.0221753,0.00540235,0.0673492,0.0058654,0.108767,0.00993003,0.0701276,0.0728545,0.0110619,0.00216094,5.14509e-05,0,0.0477979
79550,0,0,0,0,0,0,0,0,0,0,0,0,0,0,0,0,0,0,0,0,0,0,0,0,0,0,0,0,0,0,0,0,0,0,0,0,0,0.00508932,0,0.00306398,0,0,0,0,0,0,0,0,0,0,0,0,0.000103864,0.000571251,0,0.000311591,0,0,0.00540091,0,0.00181762,0.000103864,0,0.0167221,0.00737432,0.00436228,0.00784171,0.000571251,5.19319e-05,0.0317823,0.00384296,0.0257063,0.0260179,0.0183839,0.00249273,0.000155796,0.0227462,0.00363523,0.106097,0.00498546,0.017501,0.0371313,0.0897383,0.0142293,0.0176568,0.0664728,0.00238887,0.0278355,0.00384296,0.0766514,0.0101267,0.120015,0.0164105,0.0596178,0.067823,0.0161508,0.00140216,5.19319e-05,0,0.0557229
79600,0,0,0,0,0,0,0,0,0,0,0,0,0,0,0,0,0,0,0,0,0,0,0,0,0,0,0,0,0,0,0,0,0,0,0,0,0,0.00313904,0,0.00565026,0,0,0,0,0,4.82928e-05,0,0,0,0,4.82928e-05,0,0,9.65857e-05,0,0.000482928,0,0,0.00222147,0,0.000724393,0.000144879,0.000193171,0.0180615,0.00555368,0.000386343,0.00357367,0.000772686,0,0.0290723,0.00400831,0.0247259,0.0253537,0.0191723,0.00217318,0.0006761,0.0264645,0.0081132,0.100014,0.006761,0.0150191,0.0363162,0.099773,0.0171923,0.0255952,0.0649539,0.0033805,0.0252572,0.00898247,0.0773168,0.00796832,0.124692,0.0228908,0.0513353,0.0609456,0.0154054,0.000482928,0.000482928,0,0.0543777
79650,0,0,0,0,0,0,0,0,0,0,0,0,0,0,0,0,0,0,0,0,0,0,0,0,0,0,0,0,0,0,0,0,0,0,0,0,0,0.00261149,0,0.00617718,0,0,0,0,0,0,0,0,0,0,0.000451989,0,0,0.000401768,0,0.000552431,0,0,0.00271193,0,0.000200884,0.000100442,0.000251105,0.0182302,0.00361591,0.000552431,0.00376657,0.00251105,0,0.0285255,0.00542387,0.0178787,0.0375151,0.01818,0.00371635,0,0.0257634,0.00517276,0.110938,0.0100944,0.012053,0.0471073,0.0923564,0.0163218,0.0284753,0.071364,0.00125552,0.0230514,0.00758337,0.0781941,0.00853757,0.112947,0.0167738,0.0417336,0.0684512,0.01592,5.0221e-05,0.00110486,5.0221e-05,0.0513258
79700,0,0,0,0,0,0,0,0,0,0,0,0,0,0,0,0,0,0,0,0,0,0,0,0,0,0,0,0,0,0,0,0,0,0,0,0,0,0.00316194,0,0.00841562,4.86452e-05,0,0,0,0,0,0,4.86452e-05,0,0,0.000583743,0,0,0.000729678,0,0.000340517,0,0,0.00223768,0,0.000535098,9.72905e-05,0.000291871,0.0100209,0.0025782,0.000437807,0.00321059,0.00184852,4.86452e-05,0.0288466,0.00287007,0.0186311,0.0343435,0.0213066,0.00223768,4.86452e-05,0.0191662,0.00496181,0.117965,0.00632388,0.0188257,0.0504937,0.0913557,0.0250036,0.0278251,0.0668872,0.000875614,0.0240307,0.00549691,0.0736002,0.00836698,0.124824,0.0144476,0.0514667,0.0599309,0.0210634,0.000291871,0.00145936,0,0.0424186
79750,0,0,0,0,0,0,0,0,0,0,0,0,0,0,0,0,0,0,0,0,0,0,0,0,0,0,0,0,0,0,0,0,0,0,0,0,0,0.00538925,0,0.00666307,0,0,0,0,9.79864e-05,0,0,0,0,4.89932e-05,0.00166577,0,0,0.00176375,0,0.000587918,0,0,0.000636911,0,0.00107785,0.000930871,0.000244966,0.00876978,0.00166577,0.00210671,0.00347852,0.000440939,0,0.0276322,0.00235167,0.0196463,0.0245456,0.0206751,0.0014208,4.89932e-05,0.0152859,0.00534026,0.111264,0.0105335,0.0226838,0.0498751,0.0892656,0.0268483,0.0221939,0.0671697,0.000195973,0.0295919,0.00965166,0.0781931,0.00651609,0.132086,0.00911273,0.050561,0.0656019,0.0150409,0,0.00181275,0,0.0492871
79800,0,0,0,0,0,0,0,0,0,0,0,0,0,0,0,0,4.97092e-05,0,0,0,0,0,0,0,0,0,0,0,0,0,0,0,0,0.000447383,0,0,0,0.00387732,0,0.00407615,0,0,0,0,9.94184e-05,0,0,0,0,0,0.00134215,4.97092e-05,4.97092e-05,0.0016404,0,0.000845056,0,0,0.00228662,0,0.000447383,0,0,0.0111846,0.00059651,0.000795347,0.00303226,0.000745638,4.97092e-05,0.0253517,0.000944475,0.0148631,0.0202316,0.0236119,0.000347964,4.97092e-05,0.0188398,0.00313168,0.112393,0.0114828,0.0234627,0.0623353,0.086494,0.019486,0.018293,0.0738679,0,0.0387235,0.00730725,0.07009,0.00482179,0.130934,0.010936,0.0487647,0.0736193,0.0122285,0,0.00556743,0.000298255,0.049908
79850,0,0,0,0,0,0,0,0,0,0,0,0,0,0,0,0,0,0,0,0,0,0,0,0,0,0,0,0,0,0,0,0,0,0.000442979,0,0,0,0.00590638,0,0.00541419,0,0,0,0,4.92199e-05,0,0,0,0,0,0.00132894,0,0,0.000393759,0,0.000246099,0,0,0.00477433,4.92199e-05,0.00118128,0.000246099,0.000295319,0.0106807,0.000689078,0.000246099,0.00167348,0.0014766,0.000541419,0.0381946,0.00526653,0.0117635,0.0181621,0.0303687,0.00206723,4.92199e-05,0.018359,0.00447901,0.133927,0.0110252,0.0230841,0.0433135,0.0842644,0.0216567,0.0157011,0.0701875,0.000541419,0.0257912,0.00639858,0.0622139,0.00300241,0.130433,0.0162918,0.0413939,0.0669882,0.0164887,4.92199e-05,0.00876114,0,0.0541419
79900,0,0,0,0,0,0,0,0,0,0,0,0,0,0,0,0,0,0,0,0,0,0,0,0,0,0,0,0.000202758,0,0,0,0,0,0,0,0,0,0.00471411,0,0.0033455,0,0,0,0,0.000202758,0,0.000152068,0,0,0,0.000912409,0,5.06894e-05,0.000912409,0,0.000658962,0,0,0.00354826,0,0.000456204,0.000152068,0,0.0113544,0.0014193,5.06894e-05,0.00329481,0.00207826,0.00116586,0.0307685,0.0052717,0.0150547,0.0176906,0.0294505,0.00425791,0,0.0243309,0.00628548,0.115318,0.00973236,0.0273723,0.0438463,0.0896695,0.0177413,0.0128244,0.0501318,0.000354826,0.019414,0.0144465,0.0803427,0.00415653,0.142589,0.0166768,0.0485604,0.067062,0.0116586,0,0.00461273,0,0.0557076
79950,0,0,0,0,0,0,0,0,0,0,0,0,0,0,0,0,0,0,0,0,0,0,0,0,0,0,0,0,0,0,0,0,0,0.000373174,0,0,0,0.00159932,0,0.00362512,0,0,0,0,5.33106e-05,0,0,0,0,0,0.000746348,0,0.000266553,0.0014927,0,0,0,0,0.00165263,0,0,0.000426485,0.000373174,0.0138608,0.00207911,0.00159932,0.00426485,0.000586416,0.000799659,0.0352916,0.00543768,0.0168995,0.0253225,0.0340655,0.00170594,5.33106e-05,0.0274016,0.00634396,0.10097,0.0114618,0.0181256,0.0435014,0.10273,0.0169528,0.0224438,0.0594946,0.00111952,0.0135409,0.0151402,0.0786864,0.0080499,0.123947,0.0106621,0.051658,0.0540036,0.0239898,0,0.00234567,0,0.0548566
80000,0,0,0,0,0,0,0,0,0,0,0,0,0,0,0,0,0,0,0,0,0,0,0,0,0,0,0,0,0,5.25376e-05,0,0,0,0,0,0,0,0.00273195,0,0.00320479,0,0,0,0,0,0,0,0,0,0,0.000157613,0,0,0.000682988,0,0.000367763,5.25376e-05,0,0.0016812,0.00021015,0,0.00304718,0.00021015,0.0130293,0.00178628,0.0016812,0.00367763,0.000157613,0.000157613,0.0441316,0.00352002,0.0165493,0.0221709,0.0308921,0.000420301,0,0.0172323,0.00567406,0.102606,0.00982452,0.00814332,0.0437113,0.0982452,0.0172323,0.0220132,0.064306,0.000367763,0.0143428,0.0152884,0.0824314,0.00588421,0.116003,0.0158663,0.0464957,0.0723442,0.0201744,0,0.00215404,0,0.0690869
80050,0,0,0,0,0,0,0,0,0,0,0,0,0,0,0,0,0,0,0,0,0,0,0,0,0,0,0,0,0,0,0,0,0,0,0,0,0,0.0061241,0,0.00258123,0,0,0,0,0,0,5.06124e-05,0,0,0,0.000253062,0,0,0.000101225,0,0.000506124,0,5.06124e-05,0.0012147,0.000151837,0,0.00480818,0.000303674,0.013716,0.00116409,0.000657961,0.00318858,0,0.000101225,0.0406418,0.00389716,0.0256099,0.0253568,0.0307723,0.00146776,0.000101225,0.0195364,0.00501063,0.103401,0.0138678,0.01488,0.0456018,0.0910517,0.016449,0.0223707,0.0653912,0.00116409,0.0200425,0.00971758,0.0654418,0.0110841,0.112866,0.0178156,0.04793,0.0739953,0.00900901,5.06124e-05,0.000809799,0,0.0696933
80100,0,0,0,0,0,0,0,0,0,0,0,0,0,0,0,0,0,0,0,0,0,0,0,0,0,0,0,0,0,0,0,0,0,0,0,0,0,0.0091756,0,0.00290249,0,0,0,0,0,0,0,0,0,0,0,0,0,0.00112354,0.000187257,0.000702214,0,0,0.00182576,0.000561771,0,0.00168531,0.000421329,0.0150742,0.00355789,0,0.00346426,0,4.68143e-05,0.0344085,0.0052432,0.0159637,0.0265437,0.026965,0.00145124,0,0.021675,0.0042601,0.115444,0.00767754,0.00870746,0.0451758,0.108375,0.0166191,0.0296803,0.0645569,0.00121717,0.0226113,0.0122653,0.0605309,0.00613267,0.113478,0.00964374,0.0528533,0.0666167,0.011095,0.000234071,0.0022939,4.68143e-05,0.0675062
80150,0,0,0,0,0,0,0,0,0,0,0,0,0,0,0,0,0,0,0,0,0,0,0,0,0,0,0,0,0,0,0,0,0,0,0,4.83185e-05,0,0.00676459,0,0.00246424,0,0,0,0,0,0,0,0,0,0,0,0,0,0.000241593,0.000386548,0.000724778,0,0,0.0026092,0,0,0.00154619,4.83185e-05,0.0131426,0.00202938,0,0.00164283,0,0.000434867,0.0398628,0.00903556,0.0150754,0.034886,0.0201005,0.00434867,0.000289911,0.0263819,0.00512176,0.115336,0.0091322,0.0099053,0.0417955,0.100309,0.014254,0.0222748,0.0632973,0.00265752,0.014109,0.00850406,0.0753286,0.0146405,0.121328,0.00545999,0.0586587,0.0699652,0.0102918,0.000289911,0.00144956,0.000144956,0.0536819
80200,0,0,0,0,0,0,0,0,0,0,0,0,0,0,0,0,0,0,0,0,0,0,0,0,0,0,0,0,0,0,0,0,0,0,0,0,0,0.00662579,0,0.0033129,0,0,0,0,0,0,0,0,0,0,0.0019284,0,0,0.000543908,0.000197785,0.000939478,0,0,0.00118671,0.000148339,0,0.00103837,0,0.00880142,0.00207674,0.000148339,0.00168117,0,0.000247231,0.0390625,0.00880142,0.0187401,0.0287777,0.0198774,0.00207674,0,0.022943,0.00746638,0.114221,0.00637856,0.00771361,0.041782,0.096074,0.0116693,0.0192346,0.0585443,0.0112737,0.0176028,0.00825752,0.0702631,0.0103837,0.128016,0.00751582,0.0656151,0.0711531,0.0154272,0.00123616,0.00281843,0,0.0581982
80250,0,0,0,0,0,0,0,0,0,0,0,0,0,0,0,0,0,0,0,0,0,0,0,0,0,0,0,0,0,0,0,0,0,0,0,0,0,0.00681278,0,0.00291336,0,0,0,0,4.48209e-05,0,0.000313747,0,0,0,0.000179284,0,0,0.000537851,8.96419e-05,0.000851598,0,4.48209e-05,0.00125499,0.000986061,0,0.00121017,0.000134463,0.00533369,0.00246515,0.000358568,0.00152391,0,0.00116534,0.0433867,0.00833669,0.0245171,0.0254135,0.0164045,0.0010757,0.000403388,0.0298507,0.00416835,0.105867,0.0055578,0.00860562,0.0488548,0.0787504,0.0166734,0.0268926,0.0651696,0.00425799,0.0166286,0.00829187,0.0688898,0.0165389,0.102237,0.00995025,0.0756129,0.0872664,0.0186007,0.000806777,0.00138945,0,0.0533817
80300,0,0,0,0,0,0,0,0,0,0,0,0,0,0,0,0,0,0,0,0,0,0,0,0,0,0,0,0,0,0,0,0,0,0,0,0,0,0.00696476,0,0.00148582,0,0,0,0,0.000371454,0,0.000696476,0,0,0,4.64317e-05,0,4.64317e-05,0.000371454,0,0.00218229,0,0.000232159,0.00325022,0,0.000232159,0.00255374,0.000882203,0.00998282,0.00273947,0.000975066,0.00510749,0,0.000464317,0.0423457,0.00849701,0.022473,0.0341273,0.0244695,0.00106793,0.000510749,0.0157868,0.0128152,0.111715,0.00798626,0.0157868,0.0435065,0.0956958,0.0148117,0.0205228,0.0473139,0.0039467,0.0113758,0.00390026,0.0712263,0.00766123,0.11659,0.0194085,0.0563681,0.0788875,0.0118865,4.64317e-05,0.000928634,0.000139295,0.0596183
80350,0,0,0,0,0,0,0,0,0,0,0,0,0,0,0,0,0,0,0,0,0,0,0,0,0,0,0,0,0,0,0,0,0,0,0,4.70234e-05,0,0.00775886,0,0.00338569,0,0,9.40468e-05,0,0.00014107,0,9.40468e-05,0,0,0,0.00014107,0,0.000329164,0.000188094,0,0.000893445,0,4.70234e-05,0.00131666,0,0,0.00164582,0.000987492,0.00818207,0.00249224,0.00112856,0.00517258,0,0.000423211,0.0424621,0.00578388,0.0196558,0.0205963,0.0165993,0,0,0.0185272,0.00757077,0.125553,0.00413806,0.0184802,0.0450955,0.0900969,0.0166933,0.022054,0.0596257,0.00493746,0.0129785,0.00597197,0.0611304,0.0117559,0.12165,0.0122731,0.0576507,0.0837017,0.0168344,0.000564281,0.00239819,0.000282141,0.0604721
80400,0,0,0,0,0,0,0,0,0,0,0,0,0,0,0,0,0,0,0,0,0,0,0,0,0,0,0,0,0,0,0,0,0,0,0,0,0,0.00563434,0,0.00448837,0,0,0,0,0,0,0,0,0,0,0,0,0.000190995,0,0,0.00105047,0,0,0.00214869,0,0,0.00128921,0,0.00582534,0.00272167,0.000238743,0.0069713,0,0.000143246,0.0378169,0.00482261,0.0255455,0.0216301,0.0175715,0.000238743,4.77487e-05,0.0237311,0.00740104,0.111159,0.00291267,0.0151363,0.0372439,0.0907224,0.0213914,0.0220121,0.0609273,0.00324691,0.0126534,0.0071623,0.0709067,0.00888125,0.129876,0.00802177,0.0660841,0.0852791,0.0169985,0.000668481,0.00405864,0.000859476,0.0542902
80450,0,0,0,0,0,0,0,0,0,0,0,0,0,0,0,0,0,0,0,0,0,0,0,0,0,0,0,0,0,0,0,0,0,0,0,0,0,0.00521677,0,0.00111426,0,0,0,0,0,0,0,0,0,0,0,0,0.000101297,0.000101297,0,0,0,0,0.00172204,0,0,0.00106361,0.000101297,0.00866086,0.00116491,5.06483e-05,0.00774919,0.000253241,0.000962318,0.041329,0.00622974,0.0233489,0.0236528,0.0260332,0.0015701,5.06483e-05,0.019297,0.00400122,0.112541,0.00339344,0.0157516,0.0400628,0.0833165,0.0219814,0.0300344,0.0605754,0.00263371,0.0181827,0.0112946,0.0592079,0.00835697,0.152907,0.012814,0.0617909,0.0691349,0.00835697,0.00126621,0.00354538,0.00030389,0.0487743
80500,0,0,0,0,0,0,0,0,0,0,0,0,0,0,0,0,0,0,0,0,0,0,0,0,0,0,0,0,0,0.000243914,0,0,0,0,0,0,0,0.00453681,0,0.00195131,0,0,0,0,0,0,0,0,0,0,0,0,0.00034148,0,0,0.000195131,0,0,0.00209766,4.87829e-05,9.75657e-05,0.00034148,0,0.0131714,0.00107322,0.000487829,0.00346358,0,0,0.0334163,0.00980536,0.0206839,0.0324406,0.0270745,0.00185375,9.75657e-05,0.0138543,0.0048295,0.127665,0.00204888,0.0120494,0.0382946,0.107956,0.0181472,0.0246353,0.0709791,0.00146349,0.0165862,0.00604908,0.0463437,0.00951266,0.12786,0.0156593,0.0655642,0.0717596,0.0163423,0.00131714,0.00375628,4.87829e-05,0.0438558
80550,0,0,0,0,0,0,0,0,0,0,0,0,0,0,0,0,0,0,0,0,0,0,0,0,0,0,0,0,0,0,0,0,0,0,0,0,0,0.00486408,0,0.0015456,0,0,0,0,0,0,0,0,0,0,0.000272752,0,0.000545504,4.54587e-05,0,0,0,0,0.00213656,0.000136376,9.09174e-05,0.000272752,9.09174e-05,0.015456,0.00163651,0.00122738,0.00277298,0,0,0.0211837,0.00500045,0.0190017,0.0382307,0.0238203,0.00386399,0,0.0149559,0.00513683,0.136149,0.00427312,0.0165924,0.0411856,0.0997363,0.0239567,0.0255932,0.0610965,0.00236385,0.0190472,0.004955,0.0633239,0.0114556,0.131148,0.0145922,0.0584144,0.0568233,0.0113647,0.00313665,0.00145468,0,0.0510501
80600,0,0,0,0,0,0,0,0,0,0,0,0,0,0,0,0,0,0,0,0,0,0,0,0,0,0,0,0,0,0,0,0,0,0,0,0,0,0.00200182,0,0.00136488,0,0,0,0,0,0,0,4.54959e-05,0,0,0.000409463,0,0.000181984,0.00022748,0.000136488,4.54959e-05,0,0,0.00436761,0,0,0.000318471,9.09918e-05,0.0136033,0.00204732,0.000409463,0.00350318,0,4.54959e-05,0.0212921,0.00755232,0.0248408,0.0261601,0.0320746,0.00141037,0.000181984,0.0183803,0.00527753,0.126797,0.00414013,0.0183348,0.044222,0.0968608,0.0148317,0.0286624,0.0692448,0.00318471,0.022111,0.00605096,0.0641947,0.0100091,0.113558,0.0142857,0.0613285,0.0555505,0.00646042,0.00150136,0.000864422,0,0.071838
80650,0,0,0,0,0,0,0,0,0,0,0,0,0,0,0,0,0,0,0,0,0,0,0,0,0,0,0,0,0,0,0,0,0,0,0,0,0,0.00370614,4.69131e-05,0.00323701,0,0,0,0,0,0,0,0,0,0,0.000234566,0,0.000985175,0.000140739,0,0.000234566,0,0,0.00384688,0,9.38262e-05,0.000187652,0,0.0133702,0.0017827,0.000562957,0.00375305,0.000844436,0,0.0267405,0.0078814,0.0306812,0.0337774,0.0241603,0.00173579,0.000516044,0.0222368,0.00243948,0.113389,0.00426909,0.0183899,0.0537624,0.0873053,0.0109777,0.0240195,0.0649278,0.00436292,0.0128073,0.00661475,0.0752956,0.00914806,0.11991,0.0155752,0.0756709,0.0364046,0.0112591,0.00126665,0.00253331,0.000375305,0.0685401
80700,0,0,0,0,0,0,0,0,0,0,0,0,0,0,0,0,0,0,0,0,0,0,0,0,0,0,0,0,0,0,0,0,0,4.38712e-05,0,0,0,0.00469422,0,0.00333421,0,0,0,0,0,0,0,0,0,0,0.000131614,0,0.000701939,0.000131614,8.77424e-05,0.000701939,0,0,0.00302711,0,0.000175485,0.000263227,0,0.0131175,0.00140388,0.000701939,0.00491357,0.000658068,4.38712e-05,0.0323769,0.00592261,0.0211898,0.0304027,0.0254453,0.00412389,0.000526454,0.0211459,0.00386067,0.104194,0.0032026,0.0146091,0.0471177,0.0919979,0.00916908,0.0144336,0.0726507,0.00368518,0.0128104,0.00535229,0.0919979,0.0114943,0.113451,0.0155743,0.0857243,0.0476441,0.00943231,0.000394841,0.00307098,4.38712e-05,0.0628236
80750,0,0,0,0,0,0,0,0,0,0,0,0,0,0,0,0,0,0,0,0,0,0,0,0,0,0,0,0,0,0,0,0,0,4.77418e-05,0.000143225,0,0,0.00367612,0,0.0037716,0,0,0,0,0,0,0,0,0,0,0.00152774,0,0.000286451,0.000381934,0,0.00143225,0,4.77418e-05,0.000334193,0,0.000477418,0.000716127,0,0.00692256,0.000763869,0.000572902,0.00415354,0,9.54836e-05,0.0401031,0.00458321,0.01924,0.0352335,0.0261625,0.00272128,0.000334193,0.018858,0.00415354,0.0909004,0.00453547,0.0106464,0.0390051,0.0999714,0.0149909,0.0172348,0.0729972,0.00214838,0.0160412,0.00649289,0.0914256,0.0037716,0.138642,0.0173303,0.0708966,0.0492218,0.0105509,0.000429676,0.00324644,0.00052516,0.0622553
80800,0,0,0,0,0,0,0,0,0,0,0,0,0,0,0,0,0,0,0,0,0,0,0,0,0,0,0,0,0,0,0,0,0,0.000143075,0,0,0,0.00262304,0,0.00419687,0,0,0,0,0,0,0,0,0,0,0.00224151,0,0.000238459,0.000238459,0,0.00252766,0,0,0.00157383,0,0.000381534,0.000429225,0.000143075,0.00610454,0,0.000858451,0.00667684,0,0.000429225,0.0340519,0.00457841,0.020889,0.0375811,0.0218905,0.00643838,0.00100153,0.019649,0.00219382,0.101345,0.00338611,0.0134968,0.0371519,0.100486,0.0144983,0.015166,0.0776421,0.00166921,0.0165967,0.00896604,0.0750191,0.00510301,0.143981,0.0132106,0.0573254,0.0636208,0.0111599,4.76917e-05,0.00123998,0.000572301,0.0612362
80850,0,0,0,0,0,0,0,0,0,0,0,0,0,0,0,0,0,0,0,0,0,0,0,0,0,0,0,0,0,0,0,0,0,0,0,0,0,0.00220681,0,0.00436858,0,0,0,0,0,0,0,0,0,0,0.00148622,0,0,0,0,0.00405332,0,0,0.00139614,4.50369e-05,0.000765628,0.000135111,9.00739e-05,0.00783643,0.000540443,0.0041434,0.00562962,0.000135111,0.000945776,0.0339578,0.00225185,0.0244551,0.0232391,0.0174743,0.00490903,0.00058548,0.0154026,0.00346784,0.117051,0.00346784,0.0120699,0.0382814,0.0922356,0.0186003,0.017114,0.078094,0.00139614,0.0172942,0.00630517,0.0732751,0.00364799,0.133309,0.0099982,0.0592236,0.0773734,0.0105386,0.00103585,0.00189155,0.00058548,0.0676905
80900,0,0,0,0,0,0,0,0,0,0,0,0,0,0,0,0,0,0,0,0,0,0,0,0,0,0,0,0,0,0,0,0,0,0,0,0,0,0.00268865,0,0.00349525,0,0,0,0,0,0,0,0,0,0,0.000582542,0,4.48109e-05,0,0,0.00528769,0,0,0.00098584,4.48109e-05,0.00049292,0.000224054,0.000179244,0.00582542,0.000134433,0.00277828,0.00788672,0,0.000358487,0.0385822,0.0069905,0.0231672,0.0211956,0.0228984,0.00425704,0.000224054,0.0142499,0.00519806,0.131654,0.00358487,0.0111579,0.0430185,0.090518,0.0259007,0.0134881,0.0669475,0.000806596,0.0172522,0.00551174,0.074879,0.001658,0.135911,0.0141602,0.0716526,0.0572235,0.00833483,0.000358487,0.00107546,0.000268865,0.056865
80950,0,0,0,0,0,0,0,0,0,0,0,0,0,0,0,0,0,0,0,0,0,0,0,0,0,0,0,0,0,0,0,0,0,0,0,0,0,0.00429489,0,0.00411778,4.42772e-05,0,4.42772e-05,0,0,0,0,0,0,0,0.000575603,0,0,0.000177109,0,0.00500332,0,0,0.0021253,4.42772e-05,0.000132832,0,4.42772e-05,0.00456055,0.000132832,0.00199247,0.00898827,0.000575603,0.00061988,0.0428603,0.00726146,0.0213859,0.0226699,0.0192606,0.00265663,0.00110693,0.0196148,0.00163826,0.110383,0.0030994,0.0124419,0.0393624,0.103033,0.0234226,0.0112907,0.0868275,0.000487049,0.0160726,0.011025,0.0634049,0.00699579,0.105114,0.00836839,0.0870046,0.0676112,0.00495904,0.00128404,0.000885544,0.0021253,0.0628736
81000,0,0,0,0,0,0,0,0,0,0,0,0,0,0,0,0,0,0,0,0,0,0,0,0,0,0,0,0,0,0,0,0,0,0,0,0,0,0.00534045,0,0.00333778,0,0,0,0,0,0,0,0,0,0,0.000934579,0,0,0,0,0.00396084,0,0,0.00280374,0,0.000133511,0,0,0.00894526,8.90076e-05,0.000534045,0.00596351,0.000222519,0.000534045,0.0384068,0.0117045,0.023676,0.0297285,0.0266578,0.00173565,0.00142412,0.0133511,0.000979083,0.120427,0.00271473,0.0207388,0.035158,0.0925679,0.0230975,0.0147308,0.0821985,0.00369381,0.0162439,0.0081887,0.0654206,0.00738763,0.108723,0.0108144,0.0787272,0.0627503,0.00574099,0.000445038,0.000845572,0.00200267,0.0569203
81050,0,0,0,0,0,0,0,0,0,0,0,0,0,0,0,0,0,0,0,0,0,0,0,0,0,0,0,0,0,0,0,0,0,0,0,0,0,0.00511211,0,0.00475336,0,0,0,0,0,0,0,0,0,0,0.00134529,0,0.000493274,0,0,0.00327354,0,0,0.00426009,4.4843e-05,0.000179372,0,0,0.0122422,0.00044843,0.000224215,0.00636771,0,0.000807175,0.0276682,0.00654709,0.0234978,0.0250673,0.0252018,0.00224215,0.000538117,0.0143049,0.00116592,0.122646,0.00044843,0.0192377,0.0381614,0.0984753,0.0219283,0.0201794,0.0684305,0.00358744,0.0214798,0.00659193,0.0641256,0.00511211,0.108789,0.0159641,0.0773543,0.0492377,0.0125112,0.000493274,0.00121076,0.000986547,0.0772646
81100,0,0,0,0,0,0,0,0,0,0,0,0,0,0,0,0,0,0,0,0,0,0,0,0,0,0,0,0,0,0,0,0,0,0,0,0,0,0.0050199,0,0.00456766,0,0,0,0,0,0,0,0,0,0,0.00140195,0,0.00126628,0,0,0.00235166,0,0,0.00271346,0,0,0.000452243,0,0.0123462,0.00117583,0,0.00452243,4.52243e-05,0.000904486,0.0251447,0.00673842,0.020758,0.0252352,0.0258683,0.00574349,0.00104016,0.0194917,0.0014924,0.132552,0.00226122,0.0183611,0.0377623,0.0846599,0.0148336,0.0132507,0.0731729,0.0018542,0.013703,0.00547214,0.0692384,0.00859262,0.122648,0.00954233,0.0748915,0.0644446,0.0166878,0.000949711,0.00153763,0.00162808,0.0636758
81150,0,0,0,0,0,0,0,0,0,0,0,0,0,0,0,0,0,0,0,0,0,0,0,0,0,0,0,0,0,0,0,0,0,0,8.91186e-05,0,0,0.00472329,0,0.00325283,0,0,0,0,0,0,0,0,0,0,0.00129222,0,0.000401034,0,0,0.00106942,0,0,0.00454505,0.000178237,0.000133678,0.000178237,0.000133678,0.0143481,0.000222797,0,0.00717405,0,0.0012031,0.0229926,0.00806523,0.022547,0.0196507,0.0183584,0.00432225,0.00124766,0.0200071,0.00294091,0.106987,0.0050352,0.0221905,0.0276713,0.0894751,0.0143481,0.0140362,0.0670172,0.00102486,0.022146,0.00637198,0.0771322,0.00574815,0.124855,0.0106051,0.0833259,0.0716068,0.0170662,0.00138134,0.000891186,0.00401034,0.0679975
81200,0,0,0,0,0,0,0,0,0,0,0,0,0,0,0,0,0,0,0,0,0,0,0,0,0,0,0,0,0,0,0,0,0,0,0,0,0,0.00560966,0,0.00201948,0,0,0,0,0,0,0,0,0,4.48773e-05,0.00049365,0,0.000718036,0,0,0.00246825,0,0,0.00444285,0,0,0,0,0.0125208,0.000134632,0.00049365,0.00543015,0.000807791,0.000807791,0.0194319,0.00718036,0.0238747,0.0216308,0.0234259,0.00547503,0.000852668,0.0159763,0.00372481,0.109007,0.009873,0.0143158,0.0384598,0.0893506,0.0225284,0.0162904,0.0644886,0.00538527,0.0181753,0.00906521,0.0766952,0.00538527,0.123009,0.0173226,0.06763,0.0699188,0.0209577,0.00143607,0.000673159,0.00385944,0.0586097
81250,0,0,0,0,0,0,0,0,0,0,0,0,0,0,0,0,0,0,0,0,0,0,0,0,0,0,0,0,0,0,0,0,0,0,0,0,0,0.00414449,0,0.00423869,0,0,0,0,0,0,0,0,0,0,0.000753544,0,0.00150709,0,0,0.00108322,0,0.000706448,0.0027316,0.000188386,0,0,4.70965e-05,0.012198,0.00014129,0,0.00847737,0.000470965,0.00108322,0.0192154,0.00339095,0.0213347,0.0322611,0.0275044,0.00414449,0.000518062,0.0174257,0.00428578,0.117459,0.00433288,0.0172844,0.0299063,0.0801582,0.0188857,0.0216644,0.0586351,0.00612255,0.0186973,0.0103612,0.0790279,0.00654641,0.117553,0.0157773,0.0722931,0.0682428,0.0157773,0.00122451,0.00108322,0.00094193,0.0701738
81300,0,0,0,0,0,0,0,0,0,0,0,0,0,0,0,0,0,0,0,0,0,0,0,0,0,9.22552e-05,0,0,0,0,0,0,0,0,0,0,0,0.00309055,0,0.00382859,0,0,0,0,0,0,0,0,0,0,0.00018451,0,0.000230638,0,0,0.000138383,4.61276e-05,0.000276766,0.00382859,0,4.61276e-05,9.22552e-05,0,0.00839522,0.00018451,0.000738041,0.00369021,0.0013377,0.000369021,0.0200655,0.00433599,0.0178052,0.0306748,0.0253702,0.00424374,0.0013377,0.0181743,0.00493565,0.138152,0.00562757,0.0144379,0.033258,0.0859357,0.0223258,0.0189123,0.0463121,0.00235251,0.0171595,0.00825684,0.0677614,0.00848748,0.115873,0.0152221,0.0787859,0.0743115,0.0125467,0.00106093,0.000230638,0.00106093,0.0784169
81350,0,0,0,0,0,0,0,0,0,0,0,0,0,0,0,0,0,0,0,0,0,0,0,0,0,0,0,0,0,0,0,0,0,0,0,0,0,0.00295012,0,0.00165385,0,0,0,0,0,0,0,0,0,0,0,0,4.46987e-05,0,0,0,0,0,0.0033971,0,0,0.000446987,0,0.00844806,0.00071518,0.000938673,0.00724119,0.00183265,0,0.0267298,0.00330771,0.0191758,0.0215895,0.0272215,0.00205614,0.00388879,0.0162256,0.00536385,0.112551,0.00804577,0.0133202,0.0380833,0.0917665,0.0187735,0.015734,0.0541749,0.00102807,0.0153764,0.01113,0.0663776,0.00831396,0.129448,0.0128285,0.071965,0.07344,0.0179242,0.00156446,0.000446987,0.000625782,0.0838548
81400,0,0,0,0,0,0,0,0,0,0,0,0,0,0,0,0,0,0,0,0,0,0,0,0,0,0,0,0,0,0,0,0,0,0,0,0,0,0.00337268,0,0.00319037,0,0,0,0,0,0,0,0,0,0,0,0,4.55768e-05,0,0,0,0,0,0.00259788,0,0,0.000364614,4.55768e-05,0.00925209,0.000455768,0.00154961,0.0110752,0.00127615,0,0.0259332,0.00355499,0.0235632,0.0213299,0.0337724,0.00319037,0.00236999,0.00916093,0.00154961,0.11695,0.00665421,0.016043,0.0449387,0.0847728,0.0167267,0.016909,0.0571989,0.000820382,0.0135363,0.00829497,0.0798049,0.00469441,0.131626,0.0190511,0.0692311,0.059979,0.0237455,4.55768e-05,0.000683652,0.000638075,0.0700059
81450,0,0,0,0,0,0,0,0,0,0,0,0,0,0,0,0,0,0,0,0,0,0,0,0,0,0,0,0,0,0,0,0,0,0,0,0,0,0.00272951,0,0.00241106,0,0,0,0,0,0,0,0,0,0,9.09835e-05,0,0.000181967,0,0,0.000500409,9.09835e-05,0,0.00186516,0,0,0.00104631,0,0.0105086,0.000818852,0.00077336,0.00564098,9.09835e-05,0.000181967,0.0259303,0.00627786,0.0217451,0.0249295,0.0270676,0.0021836,0.00150123,0.00787008,0.00259303,0.132654,0.00932581,0.0290237,0.0376217,0.0783823,0.0186516,0.0202893,0.0477664,0.00136475,0.0107815,0.019334,0.0705122,0.00445819,0.119279,0.0231553,0.0636885,0.0726049,0.0217451,0.0016832,0.000636885,0.00177418,0.0682376
81500,0,0,0,0,0,0,0,0,0,0,0,0,0,0,0,0,0,0,0,0,0,0,0,0,0,0,0,0,0,0,0,0,0,0,0,0,0,0.00547522,0,0.00341616,0,0,0,0,0,0,0,0,0,0,9.35935e-05,0,0,0.00014039,0,0.000561561,0,0,0.00421171,9.35935e-05,4.67968e-05,0.000467968,0,0.00982732,0,0.000233984,0.0087042,0.00014039,0.000187187,0.0250831,0.00187187,0.0223689,0.0255042,0.0206374,0.000889138,0.000233984,0.011044,0.0057092,0.117413,0.00954654,0.0192803,0.0321494,0.0929384,0.00921896,0.014975,0.0559221,0.00126351,0.00800225,0.0111376,0.0814732,0.00524124,0.113669,0.0229304,0.0751556,0.0713183,0.0269549,0.00224624,0.00116992,0.00135711,0.0796949
81550,0,0,0,0,0,0,0,0,0,0,0,0,0,0,0,0,0,0,0,0,0,0,0,0,0,0,0,0,0,0,0,0,0,0,0,0,0,0.00324444,0,0.00164444,0,0,0,0,0,0,0,0,0,0.000488889,0.000533333,0,0.000488889,0.000266667,0,0.00213333,0,0,0.00288889,0,0.000266667,0.000311111,0.000488889,0.00911111,0,0.000622222,0.0107556,0.000266667,0.00195556,0.0323111,0.00231111,0.0201778,0.0302667,0.0212889,0.00262222,0.000133333,0.0111556,0.00706667,0.0998222,0.00693333,0.0258667,0.0331556,0.0988444,0.0105333,0.0163111,0.0549778,0.00342222,0.00871111,0.00577778,0.0705333,0.00395556,0.129156,0.0138667,0.0663556,0.0867556,0.0188444,0.00186667,0.00177778,0.00111111,0.0786222
81600,0,0,0,0,0,0,0,0,0,0,0,0,0,0,0,0,0,0,0,0,0,0,0,0,0,0,0,0,0,0,0,0,0,0,0,0,0,0.00208213,0,0.000265804,0,0,0,0,0,0,0.000177203,0,0,0.000354406,0.000753112,0,0.00146192,0.000354406,0,0.000265804,8.86014e-05,0,0.0062907,0,0.000132902,0.00146192,0.000177203,0.0147078,0,0.000974616,0.00748682,0.000487308,0.00212643,0.0339786,0.00256944,0.0191379,0.0256501,0.0221947,0.00509458,0.000575909,0.00886014,0.00363266,0.111018,0.00863864,0.0230364,0.0336242,0.0970186,0.00992336,0.0178532,0.0691091,0.00540469,0.0118283,0.0060692,0.0715014,0.00261374,0.109334,0.0125814,0.0728304,0.0732291,0.0243211,0.000398706,0.00128472,0.000575909,0.076463
81650,0,0,0,0,0,0,0,0,0,0,0,0,0,0,0,0,0,0,0,0,0,0,0,0,0,0,0,0,0,0,0,0,0,0,0,0,0,0.00236649,0,0.00183068,0,0,0,0,0,0,0,0,0,0,0.00151813,0,0.000178603,0.000491159,0,0.000357207,0,0,0.00504554,0,0.000759064,0.000357207,0,0.0167887,0.00053581,0.00232184,0.0053581,0.000491159,0.00205394,0.0368816,0.00267905,0.0143776,0.0320593,0.0271477,0.00339346,0.000893017,0.00986783,0.00379532,0.12855,0.00687623,0.0194231,0.0255403,0.113681,0.0133506,0.0173245,0.0719771,0.00482229,0.0108948,0.0108502,0.0596089,0.00191999,0.0989909,0.0145115,0.0634042,0.0785855,0.0224147,0.000267905,0.000133952,0.000714413,0.0646098
81700,0,0,0,0,0,0,0,0,0,0,0,0,0,0,0,0,0,0,0,0,0,0,0,0,0,0,0,0,0,0,0,0,0,0,0,0,0,0.00279215,0,0.00256328,0,0,0,0,0,0,0,0,0,0,0.00114432,0,0,9.15457e-05,0,0.000549274,0,0,0.00324987,0,0.000183091,0.000732366,0.000549274,0.0133199,4.57729e-05,0.00187669,0.00343297,9.15457e-05,0.00141896,0.0273264,0.00311256,0.0157001,0.0267771,0.0358402,0.00608779,0.00141896,0.0143727,0.00700325,0.126104,0.00988694,0.0247174,0.0319495,0.103035,0.00846798,0.02458,0.0649517,0.00389069,0.0146473,0.0121756,0.0596878,0.00238019,0.0911796,0.0119467,0.0686593,0.0773562,0.0230238,0.00064082,0.000549274,0.0027006,0.0677896
81750,0,0,0,0,0,0,0,0,0,0,0,0,0,0,0,0,0,0,0,0,0,0,0,0,0,0,0,0,0,0,0,0,0,0,0,0,0,0.00166229,0,0.00288714,0,0,0,0,0,0,0,0,0,0.000218723,0.00048119,0,4.37445e-05,8.74891e-05,0,0.000612423,0,0,0.0023622,0,0.000262467,0.00262467,0.000174978,0.0146982,0,0.00100612,0.00411199,0.00135608,0.00109361,0.0237095,0.00503062,0.022091,0.0186352,0.0193351,0.00608049,0.00104987,0.0153981,0.00853018,0.122266,0.00800525,0.0212161,0.0368329,0.095888,0.00783027,0.0171479,0.063692,0.00293088,0.0188101,0.0110236,0.0569554,0.00153106,0.0918198,0.00586177,0.0799213,0.0904637,0.0221785,0.00135608,0.00231846,0.00393701,0.0844707
81800,0,0,0,0,0,0,0,0,0,0,0,0,0,0,0,0,0,0,0,0,0,0,0,0,0,0,0,0,0,0,0,0,0,0,0,0,0,0.00202756,0,0.00132412,0,0,0,0,0,0,0,0,0,0.00033103,0.000206894,0,0.000372409,0.000289651,0,0.000703439,0,0,0.002731,0,0.000827575,0.00066206,0,0.00864816,0,0.000165515,0.00376547,8.27575e-05,0.000372409,0.0247859,0.00715852,0.0242893,0.0171308,0.0200273,0.00442753,0.00198618,0.013986,0.00881367,0.112219,0.0064137,0.0156825,0.0395167,0.0995159,0.00757231,0.0189928,0.0741507,0.00165515,0.0199859,0.00769645,0.0768817,0.00103447,0.125129,0.00802748,0.0693921,0.0779162,0.0167584,0.000165515,0.00223445,0.00372409,0.0702197
81850,0,0,0,0,0,0,0,0,0,0,0,0,0,0,0,0,0,0,0,0,0,0,0,0,0,0,0,0,0,0,0,0,0,0,0,0,0,0.00354258,0,0.00306735,0,0,0,0,0,0,0,0,0,0.00103685,4.32021e-05,0,0.000216011,0.00108005,0,8.64043e-05,0,0,0.00177129,0,0.000302415,0.000172809,0,0.00695554,0.000734436,0.000777639,0.00449302,0.000432021,0.0020737,0.0244092,0.00768998,0.0216875,0.0170216,0.0153368,0.00289454,0.00289454,0.0101093,0.00617791,0.119324,0.00773318,0.0124422,0.032056,0.102216,0.0120534,0.0146455,0.0703763,0.00501145,0.0268285,0.00436342,0.0629887,0.0019441,0.133581,0.0122694,0.0695554,0.0788871,0.0261805,0,0.00332656,0.00820841,0.0610014
81900,0,0,0,0,0,0,0,0,0,0,0,0,0,0,0,0,0,0,0,0,0,0,0,0,0,0,0,0,0,0,0,0,0,0,0,0,0,0.00221333,0,0.00110667,0,0,0,0,0,0,0,0,0,4.25641e-05,0.000595897,0,0,0.00166,0,0,0,0,0.00246872,0,0.000340512,4.25641e-05,4.25641e-05,0.00761897,0.00153231,0.000510769,0.00497999,8.51281e-05,0.000723589,0.0291564,0.0086405,0.0234954,0.0234102,0.0144292,0.0060441,0.00144718,0.0114923,0.0027241,0.101217,0.00689538,0.0143867,0.0288584,0.105431,0.0115349,0.0151954,0.0639312,0.0110667,0.0154933,0.00400102,0.0811697,0.00161743,0.112582,0.0125138,0.0633779,0.108751,0.0324338,0.000340512,0.00268154,0.00842768,0.0532902
81950,0,0,0,0,0,0,0,0,0,0,0,0,0,0,0,0,0,0,0,0,0,0,0,0,0,0,0,0,0,0,0,0,0,0,0,0,0,0.00362198,0,0.000499584,0,0,0,0,0,0,0,0,0,0,0.00062448,0,0,0.000124896,0,0.000124896,0,0,0.00241465,4.1632e-05,0,0.000124896,0,0.0113239,0.000124896,0.00145712,0.00362198,4.1632e-05,0.000124896,0.0284763,0.00445462,0.0251873,0.02194,0.0155287,0.00724396,0.00141549,0.0140716,0.00582848,0.12244,0.00707744,0.0155704,0.0301415,0.0918818,0.0195254,0.017652,0.0558701,0.00815987,0.0154038,0.00595337,0.0626978,0.00199833,0.118776,0.0132806,0.0585762,0.101749,0.0336386,0.00191507,0.0020816,0.0062448,0.0609492
82000,0,0,0,0,0,0,0,0,0,0,0,0,0,0,0,0,0,0,0,0,0,0,0,0,0,0,0,0,0,0,0,0.000124131,0,0,0,0,0,0.00380669,0,0.00124131,0,0,0,0,0,0,0,0,0,0,0,0,0,0.000165508,0,0.000124131,0,0,0.0035998,0,0,4.1377e-05,0,0.00848229,0.000165508,0.000744786,0.00562728,0,0.000124131,0.0331844,0.00844091,0.032481,0.0187438,0.0134889,0.00388944,0.000248262,0.0113373,0.00682721,0.0960361,0.0212264,0.0215574,0.029626,0.10336,0.0144406,0.0153095,0.0630586,0.00537901,0.0163025,0.0030619,0.0686859,0.00132406,0.11238,0.0108822,0.0527971,0.100546,0.0273088,0.0010758,0.00124131,0.00281364,0.0786991
82050,0,0,0,0,0,0,0,0,0,0,0,0,0,0,0,0,0,0,0,0,0,0,0,0,0,0,0,0,0,0,0,0.000291667,0,0,0,0,0,0.00291667,0,0.00254167,0,0,0,0,0,0,0,0,0,0,4.16667e-05,0,0,0,0,0.000416667,0,0,0.00404167,0,0.000291667,0.000166667,4.16667e-05,0.00745833,0,0.001,0.00466667,0,0.000291667,0.028875,0.00616667,0.02775,0.02025,0.0124167,0.00470833,0.000416667,0.0107917,0.00591667,0.111458,0.01775,0.029125,0.0229583,0.093125,0.00920833,0.0215417,0.0687083,0.00804167,0.012375,0.0055,0.0747083,0.00258333,0.120833,0.011375,0.0585,0.092875,0.0240833,0.000958333,8.33333e-05,0.00325,0.0695
82100,0,0,0,0,0,0,0,0,0,0,0,0,0,0,0,0,0,0,0,0,0,0,0,0,0,0,0,0,0,0,0,0,0,0,0,0,0,0.00406895,0,0.00205635,0,0,0,0,0,0,0,0,0,0,0,0,0,0.000306265,0,0.000306265,4.37522e-05,0,0.00210011,0,4.37522e-05,0.000787539,0.000262513,0.00647532,0,0.00113756,0.00586279,0,0,0.0288764,0.00411271,0.0220949,0.0195135,0.00953798,0.00214386,0.000962548,0.0119443,0.00476899,0.121587,0.0147007,0.0265138,0.0336017,0.0856668,0.0105005,0.0221824,0.0602905,0.0100193,0.0136069,0.00831292,0.0688659,0.0030189,0.145695,0.00743787,0.0542527,0.0739412,0.0263388,0.000218761,0.000306265,0.0060378,0.0794977
82150,0,0,0,0,0,0,0,0,0,0,0,0,0,0,0,0,0,0,0.000127524,0,0,0,0,0,0,0,0,0,0,0,0,0,0,0,0,0,0,0.00561105,0,0.0037407,0,0,0,0,0,0,0,0,0,0,0,0,0,0.00102019,0,0.00063762,0,0,0.00225292,0,0.000127524,0.00170032,4.2508e-05,0.00981934,0,0.00187035,0.00760893,0,0,0.0309033,0.00752391,0.0277152,0.0181509,0.0158555,0.00191286,0.00204038,0.0110946,0.00459086,0.106738,0.0134325,0.021424,0.0374495,0.0912646,0.0124973,0.0233369,0.0668225,0.00782147,0.0182359,0.00340064,0.0805951,0.00284803,0.116174,0.0101594,0.045441,0.0853135,0.0248672,0.00042508,0.000467588,0.00544102,0.0714984
82200,0,0,0,0,0,0,0,0,0,0,0,0,0,0,0,0,0,0,8.3212e-05,0,0,0,0,0,0,0,0,0,0,0,0,0,0,0,0,0,0,0.00366133,0,0.00320366,0,0,0,0,0,0,0,0,0,0,0.000124818,0,0,0.00083212,0,8.3212e-05,0,0,0.00216351,0,4.1606e-05,0.00183066,0,0.00823799,0,0.00324527,0.0027876,0,0.00062409,0.02746,0.00353651,0.0246724,0.0211358,0.0229249,0.00170585,0.00411899,0.0062825,0.00894529,0.114375,0.0112752,0.0218015,0.0344498,0.0965675,0.0128146,0.0176409,0.0641564,0.00944456,0.0148533,0.00432702,0.0674017,0.00353651,0.110297,0.00990223,0.0565009,0.0878719,0.0247556,0.000249636,0.000332848,0.00403578,0.0857083
82250,0,0,0,0,0,0,0,0,0,0,0,0,0,0,0,0,0,0,0,0,0,0,0,0,0,0,0,0,0,0,0,0,0,0,0,0,0,0.00383564,0,0.00195862,0,0,0,0,0,0,0,0,0,0,0.000326437,0,8.16093e-05,0.000856898,0,0.000816093,0,0,8.16093e-05,0,0,0.00159138,0,0.00742645,4.08047e-05,0.000693679,0.00236667,0,0.00061207,0.0280736,0.00824254,0.0288081,0.0193006,0.0168115,0.00424369,0.00375403,0.00926266,0.0107724,0.110213,0.0103644,0.0249725,0.0354185,0.102256,0.0139144,0.025911,0.0553719,0.00363162,0.0190966,0.00293794,0.0683478,0.00489656,0.111274,0.0124862,0.05223,0.0874036,0.0244012,0.000326437,0.000448851,0.00820174,0.0759375
82300,0,0,0,0,0,0,0,0,0,0,0,0,0,0,0,0,0,0,0,0,0,0,0,0,0,0,0,0,0,0,0,0,0,0,0,0,0,0.00543749,0,0.00303005,0,0,0,0,0,0,0,0,0,0,0.000954674,0,8.30151e-05,0.00228292,0,0.000581106,0,0,0.00120372,0,0,0.00228292,0,0.00992031,0,0.000207538,0.0055205,0,0.000207538,0.0327495,0.00639216,0.0251951,0.0187614,0.0206293,0.00319608,0.00576955,0.0120372,0.0123277,0.111199,0.0174747,0.0180143,0.0434169,0.103188,0.0181388,0.0232027,0.0525071,0.0033206,0.0145276,0.0060601,0.0698572,0.00249045,0.103893,0.0143201,0.0490204,0.093143,0.0162295,0.000664121,0.000913166,0.00365266,0.065997
82350,0,0,0,0,0,0,0,0,0,0,0,0,0,0,0,0,0,0,0,0,0,0,0,0,0,0,0,0,0,0,0,0.000304599,0,0,0,0,0,0.00496062,0,0.00387276,0,0,0,0,0,0,0,0,0,0.000130543,0.000783256,0.000217571,0,0.00226274,0,0.00169705,0,0,0.00295897,0,0,0.00369871,0,0.00822419,4.35142e-05,0.000696227,0.00430791,0.000174057,0.00100083,0.0359427,0.00556982,0.016753,0.0227144,0.0205822,0.0018276,0.00165354,0.0153605,0.00900744,0.126539,0.0142291,0.0161438,0.0446456,0.0986467,0.0207998,0.0241069,0.0565685,0.00565685,0.0127061,0.00282842,0.0514338,0.00269788,0.104391,0.0106175,0.0526957,0.0999521,0.013707,0.000609199,0.0024368,0.00326357,0.07058
82400,0,0,0,0,0,0,0,0,0,0,0,0,0,0,0,0,0,0,0,0,0,0,0,0,0,0,0,0,0,0,0,8.63371e-05,0,0,0,0,0,0.00375567,0,0.00427369,0,0,0,0,0,0,0,0,0,4.31686e-05,0.000388517,0.000345349,0,0.00138139,0,0.00164041,4.31686e-05,0,0.00276279,0,0.000129506,0.00310814,8.63371e-05,0.00902223,0.000172674,0.000820203,0.00284913,0,0.000259011,0.0303043,0.00388517,0.015109,0.0221886,0.0279732,0.00224477,0.00323764,0.0121735,0.0083747,0.1267,0.0162746,0.0197712,0.0390676,0.0969566,0.0150227,0.0226203,0.0562487,0.00518023,0.011785,0.00194259,0.0555148,0.0023311,0.11185,0.0112238,0.0631556,0.0907403,0.0200302,0.0015109,0.00289229,0.00440319,0.06812
82450,0,0,0,0,0,0,0,0,0,0,0,0,0,0,0,0,0,0,0,0,0,0,0,0,0,0,0,0,0,4.39078e-05,0,0,0,0,0,0,0,0.00333699,0,0.00215148,0,0,0,0,0,0,0,0,0,0,0,0,0,0.00153677,0,0.0017124,0,0,0.00272228,0,0.000307355,0.00219539,8.78156e-05,0.00715697,0,0.000570801,0.00307355,0,4.39078e-05,0.0396048,0.00605928,0.0213831,0.0183535,0.0215148,0.00329308,0.00272228,0.0163776,0.0132602,0.132338,0.0145335,0.0224808,0.0317453,0.082371,0.0194512,0.0237102,0.0559385,0.00316136,0.0210318,0.00215148,0.072404,0.00386389,0.0946652,0.0124698,0.047157,0.0869374,0.0138749,0.000526894,0.00360044,0.00601537,0.0820637
82500,0,0,0,0,0,0,0,0,0,0,0,0,0,0,0,0,0,0,0,0,0,0,0,0,0,0,0,0,0,0,0,0.000415685,0,0,0,0,0,0.00244792,0,0.00193986,0,0,0,0,0,0,0,0,0,0,0,0,0,9.23745e-05,0,0.00161655,0,0,0.00355642,0,0.000138562,0.00240174,0,0.00480347,0,4.61872e-05,0.0021708,4.61872e-05,0,0.0372731,0.00919126,0.0232784,0.0252644,0.01381,0.0050806,0.00226317,0.015057,0.00637384,0.116623,0.01381,0.0272043,0.0369036,0.0974089,0.0170893,0.0187982,0.0525611,0.00480347,0.0230012,0.00166274,0.0693732,0.0065124,0.108171,0.00946838,0.0564408,0.0962542,0.0116854,0.00124706,0.00230936,0.00822133,0.0631841
82550,0,0,0,0,0,0,0,0,0,0,0,0,0,0,0,0,0,0,0,0,0,0,0,0,0,0,0,0,0,0,0,9.01063e-05,0,0,0,0,0,0.00270319,0.000225266,0.0027933,0,0,4.50532e-05,0,0,0,0,0,0,0,0,0,0.000315372,0,0,0.00193729,0,0,0.00229771,4.50532e-05,0,0.00400973,0,0.00608218,0.000180213,0.000315372,0.00455037,0,0,0.0253649,0.00892053,0.0223013,0.0312218,0.0123896,0.00207245,0.00234276,0.0133808,0.00846999,0.122004,0.0147324,0.0255001,0.042395,0.103938,0.0150478,0.020364,0.0423049,0.009326,0.0250045,0.00247792,0.0648315,0.0043251,0.0898811,0.00504595,0.0637502,0.100919,0.0168499,0.000315372,0.00234276,0.0043251,0.0722653
82600,0,0,0,0,0,0,0,0,0,0,0,0,0,0,0,0,0,0,0,0,0,0,0,0,0,0,0,0,0,0,0,0.000575986,0,0,0,0,0,0.0046965,8.86132e-05,0.00425343,0,0,0,0,0,0,0,0,0,0,0,0,0,0,0,0.00301285,0,0,0.00208241,0,0,0.00208241,0,0.00695614,8.86132e-05,0.00128489,0.00376606,0,8.86132e-05,0.0255649,0.00412051,0.0237483,0.02428,0.0145769,0.00110767,0.00385467,0.0186531,0.0132034,0.110899,0.00863979,0.019938,0.0354453,0.117501,0.0149756,0.0174125,0.0490031,0.0106336,0.0201595,0.00221533,0.0622065,0.00248117,0.109039,0.00757643,0.0632255,0.0980062,0.0141781,0.00155073,0.00150642,0.00544971,0.0698715
82650,0,0,0,0,0,0,0,0,0,0,0,0,0,0,0,0,0,0,0,0,0,0,0,0,0,0,0,0,4.42811e-05,0,0,8.85622e-05,0,0,0,0,0,0.00841341,0,0.00345393,0,0,0,0,0,0,0,0,0,0.000354249,0.000221405,0,0,0,0,0.00225834,0,0,0.00367533,0,0.000265687,0.000487092,4.42811e-05,0.00841341,0,0.00159412,0.00296683,0,0.000265687,0.0240004,0.00642076,0.0236904,0.0198822,0.018908,0.00283399,0.00774919,0.0145685,0.008192,0.121994,0.00588939,0.0175796,0.0298455,0.0956472,0.00956472,0.0148784,0.0523403,0.0104503,0.0163397,0.00252402,0.0665102,0.00194837,0.109197,0.010716,0.0708055,0.106009,0.0199265,0.000442811,0.00243546,0.00380817,0.0723553
82700,0,0,0,0,0,0,0,0,0,0,0,0,0,0,0,0,0,0,0,0,0,0,0,0,0,0,0,0,0,0,0,0,0,0,0,0,0,0.00567909,0,0.00310166,0,0,0,0,0,0,0,0,0,0.000698965,0.000174741,0,0,4.36853e-05,0,0.00218426,0,0,0.00301429,0,4.36853e-05,0.000131056,0,0.00961076,0.000131056,0.0014853,0.00262112,0.000305797,0.00135424,0.0270849,0.00559172,0.0217116,0.0205321,0.0159451,0.00109213,0.00393168,0.0153335,0.00899917,0.115722,0.0113145,0.0231532,0.0320213,0.100869,0.00633437,0.0105282,0.0502818,0.00576646,0.0228037,0.00602857,0.066489,0.00161636,0.105325,0.0112271,0.0782404,0.100476,0.0223669,0.000305797,0.00200952,0.00659648,0.0697217
82750,0,0,0,0,0,0,0,0,0,0,0,0,0,0,0,0,0,0,0,0,0,0,0,0,0,0,0,0,0,0,0,8.91544e-05,0,0,0,0,0,0.00695404,0,0.00419026,0,0,0,0,0,0,0,0,0,0.000222886,0.00120358,0,0,0,0,0.00178309,0,0,0.00325413,0,0,0.000267463,0,0.0108323,0,0.000445772,0.00271921,4.45772e-05,0.000445772,0.0260331,0.00218428,0.0226898,0.0248741,0.0149779,0.00436856,0.00294209,0.0184104,0.00829136,0.105425,0.0119913,0.0197923,0.0295101,0.10333,0.00673115,0.0161369,0.0471627,0.00445772,0.0164936,0.00699862,0.0663754,0.00142647,0.111443,0.00989614,0.0874604,0.0990951,0.0176971,0,0.00329871,0.00236259,0.0756921
82800,0,0,0,0,0,0,0,0,0,0,0,0,0,0,0,0,0,0,0,0,0,0,0,0,0,0,0,0,0,0,0,4.17101e-05,0,0,0,0,0,0.00596455,0,0.00279458,0,0,0,0,4.17101e-05,0,0,0,0,0.000208551,0.000250261,0,0,0.000208551,0,0.00196038,0,0.000208551,0.00116788,0,4.17101e-05,0.000500521,0,0.010219,0,0.00100104,0.00291971,0,0.00100104,0.0349948,0.0024609,0.0220229,0.0301981,0.0145985,0.0041293,0.00154327,0.0196038,0.01122,0.116121,0.0100938,0.0179771,0.0349114,0.121794,0.00508863,0.0196455,0.0462982,0.00196038,0.0152659,0.00817518,0.0659437,0.000625652,0.112868,0.0116371,0.0664442,0.0844213,0.0163504,0.000333681,0.0024609,0.005756,0.0665276
82850,0,0,0,0,0,0,0,0,0,0,0,0,0,0,0,0,0,0,0,0,0,0,0,0,0,0,0,0,0,0,0,0.000203079,0,0,0,0.000243694,0,0.00564559,0,0.00312741,0,0,0,0,0.000121847,0,0,0,0,0,0.00028431,0,0,0.00109662,0,0.00121847,0,4.06157e-05,0.000487389,0,0,0.00101539,0,0.0118598,0.000812315,0.000974778,0.00483327,0,0.00304618,0.0283092,0.00341172,0.0263596,0.0336704,0.0160838,0.00186832,0.00239633,0.0210796,0.0114536,0.104017,0.0147029,0.020186,0.0288778,0.107875,0.00369603,0.0148654,0.0449616,0.00268064,0.0194143,0.0101539,0.0616953,0.000893546,0.118882,0.012794,0.0646602,0.0953251,0.00865115,4.06157e-05,0.00166525,0.00759514,0.0767231
82900,0,0,0,0,0,0,0,0,0,0,0,0,0,0,0,0,0,0,0,0,0,0,0,0,0,0,0,0,0,0,4.30775e-05,0.00017231,0,0,0,0,0,0.00473852,0,0.000732317,0,0,0,8.61549e-05,4.30775e-05,0,0,0,0,0,0.000818472,0,0,0.00228311,0,0.00176618,0,0,0.0013354,0,0.000215387,0.000646162,0,0.00969243,0.00017231,0.00120617,0.00241234,4.30775e-05,0.00034462,0.0337727,0.00314465,0.0271388,0.0279573,0.0159817,0.00129232,0.0047816,0.0257603,0.0149048,0.108555,0.0118894,0.0170587,0.0370466,0.100198,0.00801241,0.0139571,0.0436375,0.00740932,0.0234772,0.00667701,0.0564315,0.00124925,0.114844,0.00689239,0.0794348,0.0815025,0.0115017,0.000129232,0.000646162,0.00568622,0.0822779
82950,0,0,0,0,0,0,0,0,0,0,0,0,0,0,0,0,0,0,0,0,0,0,0,0,0,0,0,0,0,0,4.45812e-05,0,0,0,0,0,0,0.0105212,0,0.0037894,0,0,0,0,0.000222906,0,0,0,0,0,0.000133743,0,4.45812e-05,0.00182783,0,0.00419063,0,0,0.000490393,0,0.000133743,0.000445812,0,0.00882707,0.000579555,0.000267487,0.0037894,0,0.00147118,0.0223352,0.00312068,0.0296019,0.0242967,0.0240738,0.00187241,0.00419063,0.0161384,0.0114574,0.104632,0.0131069,0.0187687,0.0353083,0.0843921,0.0102537,0.0162275,0.0478802,0.0082921,0.0232268,0.00806919,0.0539878,0.00124827,0.110294,0.0078017,0.081004,0.100843,0.0150684,0.00040123,0.000178325,0.00494851,0.0802015
83000,0,0,0,0,0,0,0,0,0,0,0,0,0,0,0,0,0,0,0,0,0,0,0,0,0,0,0,0,0,0,0.00021427,0.00021427,0,0,0,0,0,0.00728519,0,0.0021427,0,0,0,0,4.28541e-05,0,0,0,0,0,0.000728519,0,0,0.00124277,0,0.00149989,0.00021427,0,0.00428541,0,0.000128562,8.57082e-05,0,0.00741376,0.000342833,0.00021427,0.00604243,0,0.00197129,0.0308121,0.00312835,0.028198,0.0260981,0.0204843,0.00115706,0.000985644,0.0169702,0.00741376,0.0988644,0.0139704,0.016156,0.0362974,0.10165,0.00732805,0.0159417,0.0431969,0.00659953,0.0230984,0.0141418,0.05991,0.00209985,0.107649,0.00715663,0.0712663,0.0972788,0.017313,0.000128562,0.000557103,0.00629955,0.0837797
83050,0,0,0,0,0,0,0,0,0,0,0,0,0,0,0,0,0,0,0,0,0,0,0,0,0,0,4.06405e-05,0,0,0,0.000243843,0.00085345,4.06405e-05,0,0,4.06405e-05,0,0.00772169,0,0.000975372,0,0,0,0,0,0,0,0,0,0,0.00195074,0,0,0.0017069,0,0.00101601,0,8.1281e-05,0.00337316,0,0,0.00125986,0.000568967,0.0064212,0.000568967,0,0.00467366,0,0.00520198,0.0336503,0.00345444,0.0231651,0.0261725,0.0155653,0.00276355,0.00101601,0.0108917,0.00780297,0.106153,0.0155653,0.027473,0.0288954,0.108266,0.0100382,0.0166626,0.0453142,0.00707145,0.0195481,0.00699017,0.0674226,0.00186946,0.1155,0.00772169,0.0655938,0.101032,0.0143461,4.06405e-05,0.000528326,0.00390149,0.068845
83100,0,0,0,0,0,0,0,0,0,0,0,0,0,0,0,0,0,0,0,0,0,0,0,0,4.13343e-05,0,0,0,0,0,0,0.000330674,0,0,0,0,4.13343e-05,0.00764684,0,0.00119869,0,0,0,0.000124003,0,0,0,0,0,0,0.00086802,0,0,0.00169471,0,0.0028934,0,0,0.00210805,0,0,0.000413343,0.000330674,0.00756417,0.000744017,0.000206671,0.00343074,4.13343e-05,0.00198404,0.0262886,0.00198404,0.0251312,0.0257926,0.0205018,0.00239739,0.00115736,0.0212871,0.00789485,0.08829,0.0131856,0.0168644,0.0318687,0.0979622,0.00644815,0.0162444,0.0500558,0.00310007,0.0223618,0.00789485,0.0787418,0.00351341,0.121357,0.0111603,0.0731203,0.0927954,0.0150457,4.13343e-05,0.00161204,0.00413343,0.0801058
83150,0,0,0,0,0,0,0,0,0,0,0,0,0,0,0,0,0,0,0,0,0,0,0,0,0,0,0,0,0,0,0,0,0,0,0,0,0,0.00610883,0,0.00148702,0,0,0,0,0,0,0,0,0,0,0.000723415,0,0,0.00188892,0,0.00309461,0,0,0.00128607,0,0,0.00100474,0.000200948,0.0107708,0.0027329,0.000723415,0.00405916,0.000281328,0.00120569,0.0251989,0.000562656,0.0323125,0.0258018,0.0127803,0.00297404,0.002331,0.0211398,0.00799775,0.0975806,0.0131018,0.0194518,0.0327546,0.0817458,0.00450125,0.0145889,0.0541757,0.00630978,0.032835,0.00920344,0.0754762,0.00325537,0.115143,0.0125392,0.0765614,0.0854433,0.0164778,0.000160759,0.00160759,0.0054658,0.0749538
83200,0,0,0,0,0,0,0,0,0,0,0,0,0,0,0,0,0,0,0,0,0,0,0,0,0,0,0,0,0,0,0,0.000116104,0,0,0,0,0,0.0097527,0,0.00131584,0,0,0,0,0,0,0,7.74024e-05,0,0,0,0,0.000116104,0.00104493,0,0.00127714,0,0,0.00112233,0,0.000154805,0.00104493,7.74024e-05,0.0100236,0.000696621,7.74024e-05,0.00483765,0,0.000348311,0.0300321,0.00096753,0.0339409,0.0301482,0.0181509,0.00116104,0.00243817,0.0183831,0.00812725,0.105345,0.0163706,0.0195441,0.0448547,0.0797244,0.00534076,0.0121135,0.0563489,0.00479895,0.0258524,0.00445064,0.055304,0.00390882,0.104532,0.0098688,0.0715198,0.0936182,0.0180735,0.000116104,0.00104493,0.00398622,0.0878517
83250,0,0,0,0,0,0,0,0,0,0,0,0,0,0,0,0,0,0,0,0,0,0,0,0,0,0,0,0,0,0,0,0.000121743,0,0,0,0,0,0.00754809,8.11622e-05,0.00174499,0,0,0,0,0,0,0,8.11622e-05,0,0,0,0,0,8.11622e-05,0.000284068,0.000811622,0,0,0.000811622,0,0.000324649,0.000405811,0,0.00799448,4.05811e-05,0.00036523,0.00754809,0,0.000446392,0.0250791,0.00186673,0.0277575,0.0231312,0.0218326,0.000527555,0.00340881,0.0209399,0.00677705,0.0936612,0.0174093,0.0152585,0.0369288,0.0917133,0.00458567,0.015502,0.0489814,0.00417986,0.0239429,0.00373346,0.070043,0.00296242,0.132213,0.0118091,0.0630225,0.11034,0.012012,0.000852204,0.00036523,0.00620891,0.0742635
83300,0,0,0,0,0,0,0,0,0,0,0,0,0,0,0,0,0,0,0,0,0,0,0,0,0,0,0,0,0,0,4.06702e-05,0,0,0,0,0.000162681,0,0.00870343,0,0.000976086,0,0,0,4.06702e-05,0,0,0,0,0,0,0.000162681,0,0,8.13405e-05,0,0.00166748,0,0,0.00101676,0,0.000325362,0.0023182,0,0.00939483,0,0,0.00675126,0,0.000447373,0.0270457,0.00219619,0.0210265,0.0239548,0.0165935,0.00219619,0.00361965,0.0162681,0.00772735,0.0976899,0.0105743,0.0155767,0.0290792,0.0813405,0.00585652,0.018871,0.0575891,0.00178949,0.0233854,0.00459574,0.0686514,0.00113877,0.1323,0.00829673,0.0809745,0.104523,0.0169188,4.06702e-05,0.000528713,0.00967952,0.0778835
83350,0,0,0,0,0,0,0,0,0,0,0,0,0,0,0,0,0,0,0,0,0,0,0,0,0,0,0,0,0,0,0,0.000127199,0,0,0,0,0,0.00691117,0,0.0012296,0.000211999,0,0,8.47997e-05,0,0,0,0,0,0,0.000466398,0,0,0.000381598,0,0.000720797,0,0,0.000127199,0,4.23998e-05,0.000847997,0,0.00941276,8.47997e-05,0.000211999,0.00559678,0,0.000211999,0.0317999,0.00322239,0.0190375,0.0231503,0.0242103,0.00296799,0.00398558,0.0192919,0.0101336,0.0964596,0.0160271,0.0184863,0.0234471,0.0903964,0.00457918,0.0192071,0.0607166,0.00148399,0.0223023,0.00496078,0.0597838,0.00169599,0.123638,0.00886156,0.0847997,0.100784,0.0206911,0.00127199,0.000890396,0.0123808,0.0626669
83400,0,0,0,0,0,0,0,0,0,0,0,0,0,0,0,0,0,0,0,0,0,0,0,0,0,0,0,0,0,0,0,0,0,0,0,0,0,0.00719305,0,0.0015709,0,0,0,0,0,0,0,0,0,0,0.000785449,0,0,0.000206697,0,0.0013642,0,0,0.00070277,0,0,0.00107482,0,0.0129806,0.000413394,0.000578752,0.00529144,0,0.000826788,0.029475,0.00463001,0.0245143,0.0205043,0.0292683,0.00434064,0.00310045,0.01852,0.00843324,0.0811906,0.0143861,0.0179,0.0288962,0.104051,0.00587019,0.0272427,0.0675486,0.000950806,0.0268293,0.00392724,0.0532038,0.000868127,0.134684,0.00814386,0.0739975,0.0906986,0.020463,0.00132286,0.000909467,0.00549814,0.0556428
83450,0,0,0,0,0,0,0,0,0,0,0,0,0,0,0,0,0,0,0,0,0,0,0,0,0,0,0,0,0,0,0,0,0,0,0,0,0,0.0053519,0,0.000925516,0,0,0,0,0,0,0,0,0,0,0.000402398,0.000241439,0,0,0,0.00193151,0,0,0.000362158,0,0,0.00112672,8.04797e-05,0.00788701,0.00112672,4.02398e-05,0.00873204,0,0.000523118,0.0253511,0.00386302,0.0158545,0.0185103,0.0269204,0.00156935,0.00297775,0.0191944,0.0112672,0.0892117,0.0232989,0.0257133,0.0360951,0.0849865,0.00402398,0.0188725,0.0534787,0.000885276,0.0301396,0.00462758,0.0566577,0.000684077,0.14088,0.00796749,0.0775422,0.0902982,0.0186713,0.00112672,0.000845036,0.00563358,0.0741218
83500,0,0,0,0,0,0,0,0,0,0,0,0,0,0,0,0,0,0,0,0,0,0,0,0,0,0,0,0,0,0,0,0.000367272,0,0,0,0,0,0.00648847,0,0.000571312,0,0,0,0,0,0,0,0,0,0,8.1616e-05,0,0,0,0,0.000367272,0,0,0,0,0,0.00134666,0,0.0117527,0.000285656,0,0.0112222,4.0808e-05,0.000285656,0.0280759,0.00905938,0.0121608,0.0155887,0.0292185,0.00159151,0.00436646,0.0192206,0.00946746,0.0822281,0.0259947,0.0190981,0.0305652,0.088839,0.00420322,0.0184044,0.0519078,0.000530504,0.0282799,0.00677413,0.0607223,0.00171394,0.114752,0.0110998,0.0808406,0.103244,0.0217915,0.00130586,0.00110182,0.00742706,0.0776168
83550,0,0,0,0,0,0,0,0,0,0,0,0,0,0,0,0,0,0,0,0,0,0,0,0,0,0,0,0,0,0,0,0,0,0,0,0,0,0.00395954,0,0.00023522,0,0,0,0,0,0,0,0,0,0,0,0,0,0.00105849,0,0.000196017,3.92034e-05,0,0.00023522,3.92034e-05,0,0.00121531,0,0.0113298,0.00196017,3.92034e-05,0.00729183,7.84068e-05,0.00011761,0.0311275,0.011565,0.0167006,0.0161518,0.0194057,0.00243061,0.0068998,0.0230908,0.00933041,0.0844833,0.0225812,0.0149757,0.0305394,0.0994982,0.00780147,0.021405,0.0540223,0.00341069,0.0268935,0.00635095,0.0571977,0.00156814,0.138976,0.00964403,0.076721,0.0849929,0.0158382,0.00101929,0.00270503,0.00713502,0.0677435
83600,0,0,0,0,0,0,0,0,0,0,0,0,0,0,0,0,0,0,0,0,0,0,0,0,0,0,0,0,0,0,0,0,0,0,0,0,0,0.00483263,0,0.000353607,0,0,0,0,0,0,0,0,0,0,0,0,0,0.00157159,0.000157159,0,0,0,3.92896e-05,0,0,0.00137514,7.85793e-05,0.00746503,0.000353607,7.85793e-05,0.00322175,0.000275028,0.000628634,0.0278956,0.00746503,0.018309,0.0155587,0.0263634,0.00345749,0.00318246,0.0188983,0.00597203,0.076772,0.0276992,0.0147729,0.0304888,0.111622,0.00691498,0.0190162,0.0640028,0.00522552,0.0208628,0.00326104,0.0639635,0.00239667,0.111779,0.00675782,0.0711928,0.0965347,0.0181125,7.85793e-05,0.00459689,0.00695427,0.0894625
83650,0,0,0,0,0,0,0,0,0,0,0,0,0,0,0,0,0,0,0,0,0,0,0,0,0,0,0,0,0,0,0,0,0,4.18218e-05,0,0,0,0.00631509,0,0.000669148,8.36435e-05,0,0,0,0,0,0,0,0,0,0,0,0,0.00104554,0,4.18218e-05,0,0,0.000752792,0.000125465,0.000250931,0.000334574,0.000125465,0.00681695,0.000460039,0.000209109,0.00589687,0.000501861,0.00142194,0.0306553,0.00631509,0.0256367,0.0203254,0.0245075,0.00372214,0.00175651,0.0173142,0.0113755,0.0796286,0.0228347,0.01079,0.037305,0.106813,0.00765338,0.0268496,0.0598051,0.0023002,0.0158504,0.00556229,0.0631509,0.00158923,0.111957,0.00606415,0.0665384,0.0943499,0.0186107,0.000669148,0.00685877,0.00627326,0.0818452
83700,0,0,0,0,0,0,0,0,0,0,0,0,0,0,0,0,0,0,0,0,0,0,0,0,0,0,0,0,0,0,0,0,0,0,0,4.0321e-05,0,0.00681424,0,8.06419e-05,0,0,0,0,0,0,0,0,0,0,0.000483851,0,0,0.000241926,4.0321e-05,0.000887061,0,0.000120963,0.000322568,0,0.000524172,0.00112899,4.0321e-05,0.00963671,0.000766098,0.00145155,0.00447563,0.00084674,0.000887061,0.0323777,0.00657232,0.020604,0.0199992,0.0235878,0.0057659,0.0034676,0.0193137,0.015201,0.0828192,0.0182251,0.00842708,0.0311278,0.0974154,0.00822547,0.0220152,0.0569332,0.00213701,0.0224588,0.00560461,0.0691101,0.0015322,0.11931,0.0074997,0.0601185,0.0972541,0.0198379,0.00145155,0.00294343,0.0049998,0.0848756
83750,0,0,0,0,0,0,0,0,0,0,0,0,0,0,0,0,0,0,0,0,0,0,0,0,0,0,0,0,0,0,0,0,0,0,0,0,0,0.0060571,0,0.000115741,0,0,0,0,0,0,0,0,0,0,3.85802e-05,0,0,0.000655864,0.000154321,0.000887346,0,0,0.000733025,0,0,0.00146605,0,0.0109182,0.000733025,0.00227623,0.00837191,0.000925926,0.000771605,0.0298611,0.00385802,0.0206019,0.0182485,0.0212577,0.00177469,0.00397377,0.0157022,0.0130015,0.0838735,0.0198688,0.00841049,0.0244599,0.0952932,0.00397377,0.0228009,0.0540509,0.00347222,0.0278549,0.00771605,0.0706019,0.00262346,0.142785,0.00578704,0.0582176,0.0999228,0.015625,0.00185185,0.00142747,0.00516975,0.0818287
83800,0,0,0,0,0,0,0,0,0,0,0,0,0,0,0,0,0,0,0,0,0,0,0,0,0,0,0,0,0,0,0,0,0,0,0.00019185,3.837e-05,0,0.00709846,0,0.00026859,0.00030696,0,0,0,0,0,0,0,0,0,0.000652291,3.837e-05,0,0,0.00026859,0.00042207,0,0.00011511,0.000767401,0,0,0.000690661,7.67401e-05,0.00694498,0.00026859,0.00126621,0.00740542,0.00211035,0.00122784,0.0321157,0.00502648,0.025401,0.0159619,0.018456,0.00299286,0.00748216,0.0185711,0.00951577,0.0890185,0.0197606,0.00625432,0.0318088,0.103024,0.00621595,0.0195304,0.0478091,0.00257079,0.0244417,0.00590899,0.0620827,0.00260916,0.132837,0.00840304,0.063464,0.0953112,0.0180723,0.00042207,0.00276264,0.0102448,0.0817666
83850,0,0,0,0,0,0,0,0,0,0,0,0,0,0,0,0,0,0,0,0,0,0,0,0,0,0,0,0,0,0,0,0,0,0,0,0,0,0.00692262,0,0.000358066,7.95703e-05,0,0,0,0,0,0,0,0,0,0.000994629,0.000358066,0,0,0.000318281,0.000159141,0,0.000318281,0.000517207,0,0,0.000477422,0.000477422,0.00656455,3.97852e-05,0.00179033,0.00250647,0.00230754,0.000954844,0.0313507,0.00656455,0.0290432,0.0193754,0.0167496,0.000915059,0.00560971,0.0182614,0.0132485,0.113945,0.017028,0.00743982,0.0262184,0.101452,0.00421723,0.0249055,0.0577283,0.00131291,0.0211259,0.00350109,0.0434454,0.00457529,0.113189,0.0105033,0.0589218,0.091665,0.0190969,0.0013527,0.00461508,0.00652477,0.100975
83900,0,0,0,0,0,0,0,0,0,0,0,0,0,0,0,0,0,0,0,0,0,0,0,0,0,0,0,0,0,0,0,0,0,0,0,0,0,0.00500875,0,0.000238512,0.000119256,7.95039e-05,0,0,0,0,0,3.97519e-05,0,0,0.00111305,7.95039e-05,0,0,0,0.000357768,0,0.000159008,0.000874543,0,0,0.000596279,0.000556527,0.0081094,0,0.000238512,0.00262363,0.00123231,0.000318016,0.029655,0.00532676,0.0286612,0.0229766,0.0164176,0.000437271,0.00548577,0.0172921,0.0120051,0.0983066,0.0156623,0.0110113,0.030291,0.110789,0.00568453,0.0194785,0.0490937,0.00190809,0.0228971,0.00214661,0.0560105,0.00159008,0.102838,0.00858642,0.0697647,0.103315,0.0162585,0.000715535,0.00353792,0.00906344,0.101049
83950,0,0,0,0,0,0,0,0,0,0,0,0,0,0,0,0,0,0,0,0,0,0,0,0,0,0,0,0,0,0,0,0,0,0,0,3.80387e-05,0,0.00654266,0,0.000266271,0.000266271,0,0,0,0,0,0,0,0,0,0.000684697,0,0,0,0,0.00174978,0,7.60774e-05,7.60774e-05,3.80387e-05,0,0.000342349,0.000912929,0.0084446,0,0.000456465,0.00395603,0.000342349,0.000342349,0.0264369,0.0023584,0.0220625,0.0205789,0.0149873,0.00110312,0.00620031,0.0181064,0.00996615,0.109628,0.0178021,0.0105367,0.0329035,0.113051,0.00593404,0.020617,0.0583894,0.00136939,0.0226711,0.00479288,0.0454182,0.00155959,0.0959337,0.00749363,0.067747,0.111149,0.0163947,0.00133136,0.00437445,0.0140363,0.0905322
84000,0,0,0,0,0,0,0,0,0,0,0,0,0,0,0,0,0,0,0,0,0,0,0,0,0,0,0,0,0,0,0,0,0,0,0,0,0,0.00553936,0,0.000291545,0,0,0,0,0,0,0,0,0,0,0.000109329,0,0,0.000182216,0,0.000291545,0,0,0.000182216,0,0,0.000291545,0.00069242,0.0143222,0,0.000510204,0.00466472,0.000510204,0.000619534,0.0242347,0.0016035,0.0211735,0.024016,0.0147595,0.00266035,0.00455539,0.0213557,0.00630466,0.0966472,0.0218294,0.0122813,0.0261297,0.108673,0.00765306,0.0177114,0.0604956,0.00145773,0.0187682,0.0085277,0.0538265,0.00142128,0.101203,0.0133746,0.0659985,0.0984694,0.0168367,0.00120262,0.00382653,0.0115525,0.103243
84050,0,0,0,0,0,0,0,0,0,0,0,0,0,0,0,0,0,0,0,0,0,0,0,0,0,0,0,0,0,0,0,0,0,0,0,0,0,0.00579833,0,0.000307196,0.000191998,0,0,0,0,0,0,0,0,0,0.000729591,0,0,0.000307196,0,0.00134398,0,0,0.000422395,3.83995e-05,0,0.000268797,0.000115199,0.0105599,0,0.000268797,0.00360955,0.000537593,0.000575993,0.0262269,0.00188158,0.0226557,0.0166654,0.0196221,0.00161278,0.00311036,0.0196605,0.00614392,0.101106,0.0205437,0.0104831,0.0216189,0.108018,0.00664311,0.0220413,0.0576377,0.00145918,0.0221949,0.00652792,0.0564473,0.000575993,0.115391,0.0177022,0.0726903,0.0877045,0.013939,0.000345596,0.00364795,0.0111359,0.0994931
84100,0,0,0,0,0,0,0,0,0,0,0,0,0,0,0,0,0,0,0,0,0,0,0,0,0,0,0,0,0,0,0,0.000109477,0,0,0,0,0,0.00346677,0,0,0,0,0,0,0,0,0,0,0,0,0.000875817,0,0,0.00178813,0,0.00113126,0,0,0.000437908,0.000291939,0.000291939,0.00102179,3.64924e-05,0.011714,0,0.000547385,0.00361274,7.29847e-05,0.00145969,0.0245229,0.00233551,0.0222603,0.0170419,0.0123344,0.00291939,0.00259096,0.0233186,0.00645915,0.0969967,0.0220779,0.0114951,0.0325147,0.0923257,0.00426961,0.0170784,0.055067,0.00113126,0.0273693,0.00576579,0.0585337,0.00124074,0.129548,0.0095245,0.0848812,0.0992227,0.00894063,0.00062037,0.0043061,0.0110207,0.0854286
84150,0,0,0,0,0,0,0,0,0,0,0,0,0,0,0,0,0,0,0,0,0,0,0,0,0,0,0,0,0,0,0,0,0,0,0,0,0,0.00407318,0,0,0,0,0,0,0,0,0,0,0,0,0.00108852,0,7.02272e-05,0.00136943,0,0.000245795,0,0,0.00112363,0.000210682,0.000210682,0.00221216,0,0.00898908,0,0.000948067,0.00298466,0,0.000526704,0.0260192,0.00358159,0.0155202,0.0214895,0.0180835,0.00143966,0.00340602,0.0232452,0.00674181,0.0982127,0.0178377,0.0122546,0.0313916,0.083149,0.00323045,0.0156255,0.0554795,0.00273886,0.0237719,0.00470522,0.0488079,0.0033709,0.13768,0.00874328,0.0760209,0.116261,0.0104639,0.000526704,0.00467011,0.00730363,0.0941747
84200,0,0,0,0,0,0,0,0,0,0,0,0,0,0,0,0,0,0,0,3.44768e-05,0,0,0,0,0,0,0,0,0,0,0,0,0,0,0,0,0,0.00606792,0,0,3.44768e-05,0,0,0,0,0,0,0,0,0,0.000620583,0,0,0.000206861,0,0.000448199,0,0,0.000724013,0.000448199,0,0.00199966,0.000586106,0.00751595,0,0.000999828,0.00262024,3.44768e-05,0.000586106,0.0240648,0.00355111,0.0152732,0.0211343,0.0181348,0.00255128,0.00220652,0.0278917,0.0139631,0.0944665,0.0164799,0.017135,0.03427,0.103568,0.00320634,0.0129978,0.054301,0.00217204,0.0285468,0.00275815,0.0469229,0.00206861,0.133115,0.00692984,0.0640924,0.111877,0.00786071,0.000379245,0.00389588,0.00706775,0.0941907
84250,0,0,0,0,0,0,0,0,0,0,0,0,0,0,0,0,0,0,0,0,0,0,0,0,0,0,0,0,0,0,0,0,0,0,0,0,0,0.00581643,0,0,3.5466e-05,0,0,0,0,0,0,0,7.0932e-05,0,0.000567456,0,0,0.00131224,0,0.00035466,0,0,0.000673854,0.00102851,7.0932e-05,0.00159597,0.000602922,0.00627749,3.5466e-05,0.00117038,0.00219889,0,0.00120584,0.0333735,0.00464605,0.01979,0.0204994,0.0168818,0.00159597,0.003653,0.019329,0.0146829,0.106753,0.0188325,0.0166336,0.0339055,0.0990921,0.00517804,0.0104979,0.0572422,0.00269542,0.0330543,0.00163144,0.0526316,0.00180877,0.11452,0.00649028,0.0640516,0.10466,0.00684494,0.000780253,0.00549723,0.00734147,0.092389
84300,0,0,0,0,0,0,0,0,0,0,0,0,0,0,0,0,0,0,0,0,0,0,0,0,0,0,0,0,0,0,0,0,0,0,0,0,0,0.00500447,0,3.57462e-05,0.000178731,0,0,0,0,0,0,0,0,0,0.000250223,0,0,7.14924e-05,0,0.000464701,0,0,0.000965147,0.000321716,0,0.00193029,0,0.00686327,0.000321716,0.00203753,0.00493298,7.14924e-05,0.00028597,0.0308132,0.00647006,0.0218409,0.018445,0.0149777,0.00160858,0.00664879,0.0210545,0.00754245,0.103843,0.0189455,0.019017,0.0345308,0.0933691,0.00722073,0.00865058,0.0554424,0.00264522,0.0284182,0.00132261,0.0577301,0.00493298,0.132904,0.00757819,0.0566577,0.102842,0.00979446,0.000536193,0.00336014,0.0117962,0.0853262
84350,0,0,0,0,0,0,0,0,0,0,0,0,0,0,0,0,0,0,0,0,0,0,0,0,0,0,0,0,0,0,0,0,0,0,0,0,0,0.00237733,0,0.000334312,0.000371457,0,0,0,0,0,0,0,0,0,0,0,0,0.000222874,0,0.00052004,0,0,0.000928643,0.000445749,0,0.00163441,0.000408603,0.00884068,0.000334312,0.00111437,0.007392,0.000185729,0.000742914,0.0189072,0.00345455,0.0248876,0.0202816,0.0147469,0.00226589,0.0052004,0.0253705,0.00586902,0.100405,0.0173099,0.0189443,0.0316482,0.0877382,0.00794918,0.00965789,0.0508896,0.00152297,0.0313881,0.00156012,0.0602504,0.00367743,0.136065,0.00538613,0.0727685,0.103897,0.0102151,0.000594332,0.00185729,0.0134468,0.0859923
84400,0,0,0,0,0,0,0,0,0,0,0,0,0,0,0,0,0,0,0,0,0,0,0,0,0,0,0,0,0,0,0,0,0,0,0,0,0,0.00322061,0,0.000178923,0.000143138,0,0,0,0,0,0,0,0,0,0,0,0,3.57846e-05,0,0.000644122,0,0,0.00103775,0.00103775,0,0.00375738,0,0.00848094,3.57846e-05,0.000322061,0.00622652,0.000143138,0.000930399,0.0206835,0.00375738,0.0216139,0.0135981,0.0230453,0.00518876,0.00182501,0.0303095,0.00568975,0.0913938,0.0225085,0.0112006,0.0320272,0.0936482,0.00708535,0.0122383,0.0444802,0.000787261,0.0251923,0.002326,0.0634818,0.00182501,0.139202,0.00704956,0.0752192,0.0988728,0.00869565,0.00135981,0.00236178,0.0184648,0.0886742
84450,0,0,0,0,0,0,0,0,0,0,0,0,0,0,0,0,0,0,0,0,0,0,0,0,0,0,0,0,0,0,0,0,0,0,0,0,0,0.00524777,0,0.000112452,0.000299873,0,0,0,0,0,0,0,0,0,0,0,0,0.00119949,0,0.000412325,0,0,0.00277382,7.49681e-05,0,0.00149936,0,0.00768423,3.74841e-05,0,0.00341105,0,0.000974586,0.027176,0.00543519,0.0237649,0.0121448,0.0208786,0.00254892,0.0042357,0.0323488,0.010608,0.08224,0.0167554,0.0128945,0.0323113,0.0980958,0.00768423,0.0114701,0.0504536,0.0023615,0.0251518,0.00363595,0.0616613,0.00224904,0.132019,0.00865882,0.0669091,0.102032,0.0104955,0.00101207,0.00179924,0.0107579,0.096484
84500,0,0,0,0,0,0,0,0,0,0,0,0,0,0,0,0,0,0,0,0,0,0,0,0,0,0,0,0,0,0,0,0,0,0,0,0,0,0.0047927,0,0,0.000570559,0,0,0,0,0,0,0,0,0,0.000304298,0,0,0.000798783,0,0.000722708,0,0,0.00296691,0.000532522,0,0.00353747,0,0.00950932,0,0,0.00452644,7.60746e-05,0.00152149,0.0192469,0.00467859,0.015329,0.0180677,0.0246101,0.00117916,0.00228224,0.0254469,0.0102701,0.076493,0.0154051,0.0166984,0.0408901,0.10019,0.00787372,0.011221,0.0570559,0.00330924,0.0300494,0.0058197,0.06124,0.00566755,0.136364,0.00813998,0.0636744,0.106466,0.00996577,0.000456447,0.00167364,0.00890072,0.0814758
84550,0,0,0,0,0,0,0,0,0,0,0,0,0,0,0,0,0,0,0,0,0,0,0,0,0,0,0,0,0,0,0,0,0,0,0,0,0,0.00429945,0,7.5429e-05,0.000565718,0,0,0,0,0,0,0,0,0,0.000377145,0,0,0.00109372,0,0.000641147,0,0,0.00252687,0.00105601,0,0.00516689,0,0.00750519,0,0,0.00652461,0,0.000980577,0.0187064,0.00147087,0.0159909,0.0171978,0.0201018,0.00169715,0.00241373,0.0288139,0.0136904,0.0842165,0.0181407,0.00991891,0.032887,0.0927777,0.00995663,0.00954177,0.049142,0.00339431,0.0304733,0.00539317,0.0458985,0.00154629,0.147237,0.0108241,0.0682255,0.0973788,0.0110126,0.000377145,0.00218744,0.0153498,0.103225
84600,0,0,0,0,0,0,0,0,0,0,0,0,0,0,0,0,0,0,0,0,0,0,0,0,3.67688e-05,0,0,0,0,0,0,0,0,0,0,0,0,0.00544178,0,0.000220613,0.000147075,0,0,0,0,0,0,0,0,0,0.00029415,0,0,0.000845682,0.000110306,0.000110306,0,3.67688e-05,0.00113983,0.00029415,0.000183844,0.00286796,3.67688e-05,0.00944957,7.35375e-05,0,0.00801559,3.67688e-05,0.000625069,0.0212523,0.00261058,0.0180535,0.0202964,0.0219877,0.0045961,0.00102953,0.0280546,0.0106997,0.0811854,0.0177593,0.0124278,0.0349303,0.0841269,0.00617715,0.00926573,0.0435342,0.000808913,0.0379821,0.00569916,0.0472846,0.0005883,0.145568,0.0100746,0.0698974,0.100526,0.0140824,0.000147075,0.00194874,0.00970695,0.107732
84650,0,0,0,0,0,0,0,0,0,0,0,0,0,0,0,0,0,0,0,0,0,0,0,0,0,0,0,0,0,0,0,0,0,0,0,0,0,0.00783879,0,0,7.39508e-05,0,0,0,0,0,0,0,0,0,0.000443705,0,0,0.00166389,0,0.000147902,0,0,0.000998336,0.000332779,0,0.0022555,0,0.00757996,0,0,0.00624884,0,0.000924385,0.0290257,0.0025513,0.0147532,0.0166759,0.0200776,0.00340174,0.00232945,0.0238861,0.0093178,0.10061,0.0177852,0.0137549,0.0245886,0.0836384,0.00746903,0.0102792,0.0581253,0.00136809,0.027103,0.0063228,0.0346829,0.00258828,0.13692,0.00854132,0.0642263,0.106933,0.0159734,0.000221852,0.0025513,0.0145683,0.111222
84700,0,0,0,0,0,0,0,0,0,0,0,0,0,0,0,0,0,0,0,0,0,0,0,0,0,0,0,0,0,0,0,0,0,0,0,0,0,0.00510204,0,0,0,0,0,0,0,0,0,0,0,0,0.00137502,0.000253293,0,0.000398032,0,0.000289477,0,0,0.0014112,0.000832248,0,0.00199016,0,0.00770734,0,0,0.00474019,0,0.000325662,0.0327471,0.00267767,0.0200101,0.0133521,0.014691,0.0018816,0.00206253,0.0298524,0.00857577,0.102982,0.0144377,0.0147995,0.0186713,0.0939354,0.0132798,0.0117238,0.0458822,0.000144739,0.0247141,0.0044869,0.0429512,0.00155594,0.115791,0.0106383,0.057606,0.121472,0.0154509,0.00289477,0.00303951,0.0140035,0.119265
84750,0,0,0,0,0,0,0,0,0,0,0,0,0,0,0,0,0,0,0,0,0,0,0,0,0,0,0,0,0,0,0,0,0,0,0,0,0,0.00428337,0,0,0,0,0,0,0,0,0,0,0,0,0.00122914,7.44934e-05,0,0.000521454,0,0.000744934,0,0,0.00152712,0.00115465,0,0.00148987,0,0.005736,0,7.44934e-05,0.00469309,0,0.00022348,0.0331496,0.00126639,0.0147869,0.011174,0.0157926,0.000372467,0.00227205,0.0276743,0.00979589,0.101274,0.0211189,0.0149359,0.0189213,0.0960593,0.0103173,0.0134461,0.0474896,3.72467e-05,0.0246201,0.0079708,0.0514005,0.00264452,0.125335,0.00960965,0.0639154,0.110586,0.0118445,0.000260727,0.00204857,0.0174315,0.110697
84800,0,0,0,0,0,0,0,0,0,0,0,0,0,0,0,0,0,0,0,0,0,0,0,0,0,0,0,0,0,0,0,0,0,0,0,0,0,0.00390894,0,0.000832459,3.61939e-05,0,0,3.61939e-05,0,0,0,0,0,0,0.00126678,0,0,0.000760071,3.61939e-05,3.61939e-05,0,3.61939e-05,0.00202686,0.000542908,0,0.0017735,0,0.00741974,0,0.000506714,0.00325745,0,0.000144775,0.0349995,0.00246118,0.016613,0.0113287,0.0176988,0.00130298,0.00611676,0.0214991,0.0111839,0.103804,0.0173731,0.0123059,0.023526,0.0940316,0.0109667,0.0137899,0.0596113,0.000904846,0.0158529,0.00662348,0.0429621,0.00217163,0.122154,0.0114373,0.0646784,0.0989178,0.0144052,0.00166492,0.00155634,0.0235622,0.111875
84850,0,0,0,0,0,0,0,0,0,0,0,0,0,0,0,0,0,0,0,0,0,0,0,0,0,0,0,0,0,3.7114e-05,0,0,0,3.7114e-05,0,0,0,0.0060867,0,0.000334026,0,0,0,0,0,0,0,0,0,0,0.000705166,7.4228e-05,0,0.00163302,0,0.000630938,0,0,0.00170724,0.00103919,0,0.000816508,0.000111342,0.00393409,0,0,0.00571556,0,0.000890736,0.0277242,0.00471348,0.0174807,0.00894448,0.0218973,0.00308046,0.0044908,0.0235303,0.011728,0.0889994,0.018557,0.0133239,0.0204127,0.092785,0.00560422,0.0139178,0.07356,0.00148456,0.0213406,0.00452791,0.0531102,0.00282067,0.128043,0.00705166,0.0756012,0.100245,0.0100208,0.000890736,0.00137322,0.0183343,0.100653
84900,0,0,0,0,0,0,0,0,0,0,0,0,0,0,0,0,0,0,0,0,0,0,0,0,0,0,0,0,0,0,0,0,0,0.000179656,0,0,0,0.00578492,0,0.000251518,0.000107793,0,0,0,0,0,0,0,0,0,0.000682692,0.000143725,0,0.000790485,0,0.00154504,0,0,0.00118573,0.00150911,0,0.000898279,0.000179656,0.000862348,0,0,0.00434767,3.59312e-05,3.59312e-05,0.0265891,0.00503036,0.0216306,0.0151629,0.0147318,0.00348532,0.0032338,0.0231397,0.0166002,0.091876,0.0204089,0.0120729,0.0172829,0.092918,0.00535374,0.0179296,0.054292,0.00118573,0.0253674,0.00794079,0.046459,0.00459919,0.117279,0.0127196,0.0755992,0.106069,0.00786892,0.000682692,0.00140132,0.0185045,0.114045
84950,0,0,0,0,0,0,0,0,0,0,0,0,0,0,0,0,0,0,0,0,0,0,0,0,0,0,0,0,0,0,0,0,0,0,0,0,0,0.00686546,0,0.000624133,0.000277393,0,0,0,0,0,0,0,0,0,0.000208044,0.000520111,0,0.00169903,0,3.46741e-05,0.00017337,0,0.00246186,0.000450763,0,0.00159501,0,0.00131761,0,6.93481e-05,0.00537448,0,0.00017337,0.0235437,0.00277393,0.0185853,0.018932,0.0131415,0.00131761,0.00305132,0.0184119,0.015846,0.103329,0.0164008,0.0100555,0.0160194,0.0752427,0.00551318,0.0148405,0.0459778,0.000520111,0.0289875,0.0136616,0.0417822,0.00648405,0.134813,0.0131415,0.0784674,0.128675,0.009362,0.00180305,0.00128294,0.0151179,0.101075
85000,0,0,0,0,0,0,0,0,0,0,0,0,0,0,0,0,0,0,0,0,0,0,0,0,0,0,0,0,0,0,0,0,0,0,0,0,0,0.00933514,0,0.000213782,0.000106891,0,0,0,0,0,0,0,0,0,3.56303e-05,0.000534455,0,0.00142521,0.000498824,7.12606e-05,3.56303e-05,0,0.00431127,0.000641345,0,0.00195967,3.56303e-05,0.0027079,0.000178152,0,0.00733984,0.000213782,0,0.0264021,0.00138958,0.027079,0.0137177,0.0102615,0.000356303,0.00313547,0.0194898,0.0170669,0.107497,0.012435,0.00869379,0.0259389,0.086261,0.0106178,0.0167106,0.047994,0.00103328,0.0288605,0.00431127,0.034312,0.00477446,0.131511,0.00869379,0.0824485,0.115692,0.00933514,0.000641345,0.00206656,0.0102259,0.101404
85050,0,0,0,0,0,0,0,0,0,0,0,0,0,0,0,0,0,0,0,0,0,0,0,0,0,0,0,0,0,0,0,0,0,0,0,0,0,0.00794013,0,3.51333e-05,0.000456733,0,0,0,0,0,0,0,0,0,0.000140533,0.000562133,0,0.0022134,0.001054,0,0,3.51333e-05,0.0030566,0.0002108,0,0.00249447,7.02667e-05,0.003162,0,0,0.00762393,0.0002108,0.0001054,0.0256825,0.00207287,0.0159154,0.0118751,0.0148965,0.00140533,0.00196747,0.0134209,0.017391,0.115378,0.0146857,0.0109265,0.0308822,0.0930331,0.00952113,0.0144749,0.0486597,0.0013702,0.0252257,0.00414573,0.0493975,0.00344307,0.127639,0.00562133,0.0753259,0.110178,0.00597267,0.00101887,0.0003162,0.0139479,0.104838
85100,0,0,0,0,0,0,0,0,0,0,0,0,0,0,0,0,0,0,0,0,0,0,0,0,0,0,0,0,0,0,0,0,0,0,0,0,0,0.00836967,3.51667e-05,0.000492334,0,0,0,0,0,0,0,0,0,0,0.00101983,0.000351667,0,0.001055,0.000422,0.000175833,0,0,0.00341117,0.000140667,0,0.00182867,0.000175833,0.00383317,3.51667e-05,3.51667e-05,0.00386834,0,7.03334e-05,0.0238078,0.00119567,0.0196933,0.0159305,0.0156843,0.000668167,0.004431,0.0138557,0.0175833,0.107434,0.0186383,0.00928401,0.024898,0.102722,0.0123787,0.0124842,0.0609087,0.001899,0.028907,0.003165,0.0546842,0.00376284,0.114151,0.0070685,0.0762414,0.101491,0.00840484,0.0022155,7.03334e-05,0.016669,0.0943522
85150,0,0,0,0,0,0,0,0,0,0,0,0,0,0,0,0,0,0,0,0,0,0,0,0,0,0,0,0,0,0,0,0,0,0,0,0,0,0.00412148,0,0.000270261,3.37826e-05,0,0,0,0,0,0,0,0,0,0.000337826,0,0,0.000540522,0.000202696,0.000945914,0,6.75653e-05,0.00246613,0.000236478,6.75653e-05,0.00128374,0.000304044,0.00425661,0.000236478,3.37826e-05,0.00952671,0,0.000101348,0.029222,0.00182426,0.018648,0.0179048,0.0164521,0.000675653,0.00287152,0.0148306,0.0154725,0.0886457,0.0190196,0.00959427,0.0233438,0.101584,0.0101348,0.0149657,0.0528698,0.00405392,0.0293233,0.00239857,0.0558765,0.00422283,0.108577,0.00898618,0.0804027,0.111179,0.0114861,0.00334448,0.00104726,0.0124996,0.10351
85200,0,0,0,0,0,0,0,0,0,0,0,0,0,0,0,0,0,0,0,0,0,0,0,0,0,0,0,0,0,0,0,0,0,0,0,0,0,0.00629356,0,3.38364e-05,0.000101509,0,0,0,0,0,0,0,0,0.000135345,0.00142113,0,0,0.000439873,0,0.000406036,0,0.000304527,0.00125195,0.000101509,3.38364e-05,0.000879746,0.000203018,0.00642891,0.000101509,0,0.00494011,0,3.38364e-05,0.0265277,0.00236855,0.0176626,0.0179333,0.0161399,0.000845909,0.00253773,0.0185762,0.0151587,0.0946403,0.018813,0.0135684,0.022129,0.0902078,0.00842526,0.0161061,0.0428707,0.00196251,0.0251743,0.00213169,0.0576572,0.00301144,0.124755,0.00741016,0.0761995,0.11281,0.0179671,0.00429722,0.000236855,0.0100156,0.10875
85250,0,0,0,0,0,0,0,0,0,0,0,0,0,0,0,0,0,0,0,0,0,0,0,0,0,0,0,0,0,0,0,0,0,0,0,0,0,0.00616548,0,0.000340634,0.000476888,0,0,0,0,0,0,0,0,0,0.00211193,0,0,0.000749395,0.00010219,0.000340634,0,3.40634e-05,0.000545015,0.000919713,6.81269e-05,0.00299758,0.000579078,0.00555234,0.000136254,0,0.00585891,0,3.40634e-05,0.0290561,0.00166911,0.0103212,0.019314,0.0208809,0.00160098,0.00224819,0.0124672,0.0173723,0.0935041,0.016623,0.00848179,0.0253432,0.0972851,0.0103212,0.0201996,0.0502436,0.00204381,0.0259223,0.00258882,0.0473482,0.00289539,0.116088,0.00926525,0.0717376,0.113602,0.0183602,0.00275914,0.0024185,0.0115816,0.109446
85300,0,0,0,0,0,0,0,0,0,0,0,0,0,0,0,0,0,0,0,0,0,0,0,0,0,0,0,0,0,0,0,0,0,0,0,0,0,0.00436294,0,0.000443111,0.00105665,0,0,0,0,0,0,0,0,0,0.00180653,0,0,0.0028291,0,0.000306769,0,0,0.000238598,0.00105665,0.000136342,0.00449928,0.000102256,0.00933942,0.000340855,3.40855e-05,0.00702161,0,0.000170427,0.0255641,0.00204513,0.0103279,0.0158498,0.0244052,0.000988479,0.00330629,0.0168041,0.0177926,0.0845661,0.017929,0.0122708,0.0261436,0.0878042,0.00654441,0.0166337,0.0462881,0.00214739,0.0216443,0.00224964,0.0537869,0.00361306,0.117152,0.00780558,0.0745109,0.121753,0.0100893,0.00252233,0.00132933,0.0179971,0.114391
85350,0,0,0,0,0,0,0,0,0,0,0,0,0,0,0,0,0,0,0,0,0,0,0,0,0,0,0,0,0,0,0,0,0,0,0,0,0,0.00600148,0,0.000368806,0.000368806,0,0,0,0,0,0,0,0,0,0.000435861,0,0,0.0018105,0,0.000100583,0,0,0,0.000368806,0.000167639,0.00321867,3.35278e-05,0.00834842,0,3.35278e-05,0.00958895,0.000201167,3.35278e-05,0.0203514,0.002414,0.0148193,0.0135117,0.0224301,0.00238047,0.00308456,0.01264,0.0144505,0.0844565,0.0201502,0.0100248,0.0318849,0.101053,0.00881781,0.0189767,0.051901,0.00137464,0.0265205,0.00150875,0.0531751,0.00398981,0.116274,0.0101589,0.0639375,0.123651,0.0106618,0.00435861,0.000972306,0.0112989,0.107691
85400,0,0,0,0,0,0,0,0,0,0,0,0,0,0,0,0,0,0,0,0,0,0,0,0,0,0,0,0,0,0,0,0,0,0,0,0,0,0.0060947,0,0.0010716,0.000200924,0,0,0,0,0,0,0,0,0,0.000736722,0,0,0.00143996,0,0,0,0,0.000535798,0.0013395,0,0.00284643,0,0.00465475,0.000167437,0.000200924,0.00810394,6.69748e-05,3.34874e-05,0.0204943,0.00150693,0.0154712,0.0117876,0.0267229,0.00207622,0.00221017,0.02391,0.0112852,0.0896792,0.0260532,0.00967785,0.0293015,0.0939321,0.00763512,0.0185855,0.0501976,0.00110508,0.0275601,0.00221017,0.0540151,0.00462126,0.109839,0.00807046,0.0566941,0.114493,0.0156386,0.00408546,0.00334874,0.0106825,0.119617
85450,0,0,0,0,0,0,0,0,0,0,0,0,0,0,0,0,0,0,0,0,0,0,0,0,0,0,0,0,0,0,0,0,0,0,0,0,0,0.00597182,0,3.29935e-05,0.000329935,0,0,0,0,0,0,0,0,0,0.000593883,0,0,0.00181464,0,0,0,0,0.00181464,0.00138573,3.29935e-05,0.00517998,9.89805e-05,0.00735755,0.000164968,0,0.00550991,0,3.29935e-05,0.0214458,0.00131974,0.0123396,0.0146161,0.0244482,0.00227655,0.00293642,0.0197631,0.0124385,0.0822858,0.0259989,0.00623577,0.030222,0.096473,0.00570788,0.0156719,0.0529876,0.00326636,0.0214458,0.00333234,0.0589924,0.00478406,0.119173,0.00633475,0.060807,0.114421,0.0139563,0.00389323,0.00488304,0.0104919,0.116731
85500,0,0,0,0,0,0,0,0,0,0,0,0,0,0,0,0,0,0,0,0,0,0,0,0,0,0,0,0,0,0,0,0,0,0,0,0,0,0.00579065,0,0,3.42642e-05,0,0,0,0,0,0,0,0,0,0.000376906,0,0,0.000719548,0,0,0.000137057,0,0.000993661,0.000137057,0,0.00575638,6.85284e-05,0.00959397,0.000137057,0.000137057,0.0103478,3.42642e-05,0.000239849,0.0238821,0.00126777,0.0152818,0.0161384,0.0282679,0.00253555,0.00404317,0.0174747,0.0150077,0.0934384,0.0210725,0.00613329,0.0265205,0.079253,0.00531095,0.02049,0.0546514,0.00476272,0.0185027,0.003632,0.0641425,0.0041117,0.12246,0.00579065,0.0596539,0.11201,0.013363,0.00212438,0.00537948,0.00712695,0.111667
85550,0,0,0,0,0,0,0,0,0,0,0,0,0,0,0,0,0,0,0,0,0,0,0,0,0,0,0,0,0,0,0,0,0,0,0,0,0,0.00589754,0,0.00031407,0.00010469,0,0,0,0,0,0,0,0,0,0.000837521,0,0,0.00136097,0,0,0,0,0.00307091,0.00198911,0,0.00446678,0.000139587,0.00907314,0.000732831,0,0.00928252,0,0,0.0237647,0.00164015,0.0125977,0.0151452,0.0199958,0.000488554,0.00355946,0.0207286,0.0137144,0.0997697,0.0231714,0.0106086,0.0304648,0.0823213,0.00823562,0.0200307,0.0416318,0.00408291,0.022962,0.00488554,0.0604411,0.00324539,0.11324,0.00774707,0.0551368,0.122034,0.0161572,0.00401312,0.00446678,0.00771217,0.108738
85600,0,0,0,0,0,0,0,0,0,0,0,0,0,0,0,0,0,0,0,0,0,0,0,0,0,0,0,0,0,0,0,0,0,0,0,0,0,0.00581916,0,0.00120515,0.000172164,0,0,0,0,0,0,0,0,0,0.00117072,0,0,0.00134288,6.88658e-05,0,0,0,0.00395978,0.00123958,0,0.00375319,0.000275463,0.00509607,0.000103299,0,0.00519937,0,0,0.0266511,0.00216927,0.00871152,0.0212795,0.0188004,0.000964121,0.00389092,0.0121548,0.021796,0.0972729,0.0147028,0.012809,0.0278906,0.0906274,0.00929688,0.0191447,0.0506508,0.00354659,0.0274086,0.00902142,0.0461745,0.00681771,0.119069,0.0108464,0.0649404,0.120584,0.0116383,0.00168721,0.0028235,0.00977894,0.0974451
85650,0,0,0,0,0,0,0,0,0,0,0,0,0,0,0,0,0,0,0,0,0,0,0,0,0,0,0,0,0,0,0,0,0,0,0,0,0,0.0042917,0,0.000167645,0.000100587,0,0,0,0,0,0,0,0,0,0.00134116,0,0,0.000637049,0,0,0,0,0.00221291,0.000368818,0,0.00221291,0.0010394,0.00704107,0,0,0.00476111,0,0,0.0275608,0.00261526,0.00908634,0.0141157,0.0229338,0.00030176,0.00345348,0.0169992,0.0161274,0.0886169,0.0169656,0.0104275,0.0395306,0.0866387,0.00650461,0.0276614,0.0542498,0.0045264,0.0247108,0.00586756,0.0497904,0.00449288,0.123386,0.0150545,0.0485834,0.124627,0.0106287,0.00281643,0.00227997,0.0101928,0.10508
85700,0,0,0,0,0,0,0,0,0,0,0,0,0,0,0,0,0,6.71006e-05,0,0,0,0,0,0,0,0,0,0,0,0,0,0,0,0,0,0,0,0.00436154,0,0.000201302,0,0,0,0,0,0,0,0,0,0,0.00161041,0,0,0.000268402,0.000536805,0,0,0,0.00231497,0.000738106,0,0.00191237,0.000402604,0.00362343,0,3.35503e-05,0.00523385,3.35503e-05,0,0.0363685,0.00456284,0.0148628,0.0165738,0.0186204,0.000905858,0.0053345,0.0134201,0.0114742,0.0831041,0.0202644,0.012682,0.034691,0.0866604,0.00654231,0.025364,0.0439844,0.0052674,0.0344561,0.00446219,0.0423069,0.00271757,0.135476,0.0131182,0.048715,0.114373,0.0178152,0.00265047,0.00258337,0.00835402,0.110951
85750,0,0,0,0,0,0,0,0,0,0,0,0,0,0,0,0,0,0.000103455,0,0,0,0,0,0,0,0,0,0,0,0,0,0,0,0,0,0,0,0.00710394,0,0.00131044,0,0,0,0,0,0,0,0,0,0,0.000965584,0,0,0.000896614,0.000344851,0,0,0,0.00196565,0.000344851,0,0.00227602,0.000482792,0.00431064,0,3.44851e-05,0.00655218,0.000137941,0,0.0321401,0.00572453,0.0183806,0.0177943,0.0138975,0.000517277,0.00796607,0.0122422,0.0181047,0.0838334,0.0168287,0.0121043,0.0367956,0.0977654,0.00662115,0.0208635,0.038175,0.00393131,0.032416,0.00572453,0.0466929,0.00455204,0.129768,0.00779364,0.0476929,0.118767,0.0112422,0.00331057,0.0032416,0.00720739,0.111077
85800,0,0,0,0,0,0,0,0,0,0,0,0,0,0,0,0,0,0,0,0,0,0,0,0,0,0,0,0,0,0,0,0,0,0,0,0,0,0.00520564,0,0.00103423,0.000103423,0,0,0,0,0,0,0,0,0,0.00062054,0,0,0.000241321,0,6.89489e-05,0,0,0.000861861,0.000379219,0,0.00379219,0.000448168,0.00441273,3.44744e-05,0,0.0127555,0,3.44744e-05,0.029717,0.00641225,0.0169959,0.017513,0.0133071,0.000379219,0.00641225,0.0154445,0.0217189,0.0998035,0.0135829,0.0133416,0.0350605,0.104009,0.00596408,0.0225463,0.0396456,0.00679146,0.0264764,0.00613645,0.0416451,0.00393009,0.11611,0.00972179,0.0521943,0.105526,0.0129624,0.00420588,0.00417141,0.00661909,0.111663
85850,0,0,0,0,0,0,0,0,0,0,0,0,0,0,0,0,0,0,0,0,0,0,0,0,0,0,0,0,0,0,0,0,0,0,0,0,0,0.00494723,0,0.000164908,0.000197889,0,0,0,0,0,0,0,0,0,0.000692612,0,0,0.000362797,0,0,6.59631e-05,0,0.000956464,0.000626649,3.29815e-05,0.0046504,0.000626649,0.0101583,0.000131926,3.29815e-05,0.00906992,6.59631e-05,3.29815e-05,0.0331135,0.00834433,0.0120712,0.0197889,0.0134894,0.000791557,0.00745383,0.0139182,0.0148087,0.102803,0.0130607,0.0176781,0.026781,0.0993734,0.0122032,0.0183377,0.0466029,0.00870712,0.0269789,0.00580475,0.0457124,0.00263852,0.0909631,0.0134235,0.0519789,0.105904,0.00844327,0.00521108,0.00240765,0.00854222,0.129848
85900,0,0,0,0,0,0,0,0,0,0,0,0,0,0,0,0,0,0,0,0,0,0,0,0,0,0,0,0,0,0,0,0,0,0,0,0,0,0.00459528,0,0.000136156,0,0,0,0,0,0,0,0,0,0,0.00170195,0,0,0.000782899,3.40391e-05,0,3.40391e-05,0,0.00102117,0.00163388,0,0.00302948,0.000136156,0.0110287,3.40391e-05,0,0.0157261,0,0.000306352,0.0346858,0.00725032,0.0142624,0.0178024,0.0187555,0.00102117,0.00622915,0.0108244,0.0178705,0.0913609,0.019164,0.021751,0.025257,0.0948669,0.0109946,0.021819,0.0439444,0.00721628,0.0354687,0.00779495,0.0465314,0.00159984,0.117707,0.0117775,0.0516032,0.0821023,0.00432296,0.00728436,0.00197427,0.00728436,0.119273
85950,0,0,0,0,0,0,0,0,0,0,0,0,0,0,0,0,0,0,0,0,0,0,0,0,0,0,0,0,0,0,0,0,0,0,0,0,0,0.0068755,0,0,3.3539e-05,0,0,0,0,0,0,0,0,0,0.00134156,0,0,0.00127448,3.3539e-05,0,0.000301851,3.3539e-05,0.00157633,0.00140864,0,0.00399115,0,0.00446069,0,0,0.00700966,0,0.000603703,0.0262275,0.00717735,0.0148578,0.0122082,0.0222028,0.000637242,0.0056681,0.0102965,0.0186812,0.0934398,0.0266635,0.0120405,0.0308224,0.0984371,0.00650657,0.0206936,0.0446405,0.0101288,0.0294473,0.0102965,0.0514489,0.00402468,0.112423,0.0118057,0.0571505,0.081198,0.00583579,0.00865307,0.00553394,0.00727797,0.124631
86000,0,0,0,0,0,0,0,0,0,0,0,0,0,0,0,0,0,0,0,0,0,0,0,0,0,0,0,0,0,0,0,0,0,0,0,0,0,0.00611371,0,0.00035963,0,0,0,0,0,0,0,0,0,0,0.00320398,0,0,0.00124236,0.000228855,0,0,0,0.00114428,0.00183084,0,0.0041194,0,0.0025501,0,0.00035963,0.0128159,0,0.00156929,0.0288358,0.00415209,0.011312,0.00938307,0.0118678,0.000621179,0.00441364,0.0100369,0.0145814,0.100696,0.0196162,0.0119659,0.0296531,0.0828457,0.00621179,0.0204989,0.0509367,0.00977539,0.0338706,0.00477327,0.0458692,0.00611371,0.118384,0.0159218,0.0637526,0.0991598,0.0110831,0.00477327,0.0025828,0.00686566,0.123909
86050,0,0,0,0,0,0,0,0,0,0,0,0,0,0,0,0,0,0,0,0,0,0,0,0,0,0,0,0,0,0,0,0,0,0,0,0,0,0.00373275,0,0.000345044,3.13676e-05,0,0,0,0,0,0,0,0,0,0.00238394,0,0,0.00134881,0,3.13676e-05,0,0,0.000407779,0.00194479,0,0.006399,0.000439147,0.00210163,0,0,0.0118256,0,0.000470514,0.0293915,0.00382685,0.00740276,0.0107591,0.0152447,0.000501882,0.00420326,0.010665,0.0180991,0.0820577,0.0182246,0.0128921,0.0247491,0.0914053,0.0053325,0.013739,0.049655,0.00734003,0.0345671,0.00715182,0.0631117,0.00294856,0.118695,0.0202949,0.0703576,0.0909348,0.0103199,0.0113551,0.00276035,0.00950439,0.121048
86100,0,0,0,0,0,0,0,0,0,0,0,0,0,0,0,0,0,0,0,0,0,0,0,0,0,0,0,0,0,0,0,0,0,0,0,0,0,0.00298498,0,0,0,0,0,3.20965e-05,0,0,0,0,0,0,0.00160483,0,0,0.00125177,3.20965e-05,0,0,0,0.0027603,0.00138015,0,0.00526383,0.000513545,0.00308127,0,0,0.0106881,0,0.000641931,0.0301066,0.00449352,0.0103993,0.00911542,0.0171075,0.000545641,0.00571319,0.0120041,0.0140904,0.0782193,0.0192579,0.0134485,0.025613,0.0944601,0.00889074,0.0125497,0.044229,0.00735011,0.0336372,0.00914752,0.0629413,0.00211837,0.127391,0.0143151,0.0632302,0.101939,0.0118115,0.00898703,0.0018295,0.00677237,0.118051
86150,0,0,0,0,0,0,0,0,0,0,0,0,0,0,0,0,0,0,0,0,0,0,0,0,0,0,0,0,0,0,3.08909e-05,0,0,0,0,0,0,0.00429383,3.08909e-05,0,0,0,0,0,0,0,0,0,0,0,0.000710491,0,0,0.00163722,0.000247127,0,0,0.000123564,0.000988509,0.00108118,0,0.00451007,0.000154454,0.00488076,0,0,0.0103176,0,0.000648709,0.0332077,0.00244038,0.00973063,0.00902014,0.0149512,0.000278018,0.00741381,0.0129124,0.0146423,0.08183,0.01699,0.0144878,0.0262882,0.07871,0.011028,0.0189979,0.0477882,0.00500432,0.0351229,0.0104102,0.058322,0.00256394,0.117911,0.0129124,0.0681762,0.0915606,0.0120474,0.00500432,0.00454096,0.00753738,0.138515
86200,0,0,0,0,0,0,0,0,0,0,0,0,0,0,0,0,0,0,0,0,0,0,0,0,0,0,0,0,0,0,0,0,0,0,0,0,0.000126819,0.00275831,0,0,0,0,0,0,0,0,0,0,0,0,0.00117308,6.34095e-05,0,0.00110967,0.000158524,0,0.000126819,3.17048e-05,0.000760914,0.00142671,0,0.00408991,0.000158524,0.00859199,9.51143e-05,0,0.0112869,0,0.00114137,0.0266003,0.00209251,0.0121112,0.0119844,0.0158207,0.0006658,0.0039631,0.0235883,0.0178498,0.0772645,0.0209886,0.0123966,0.0192448,0.101138,0.0109698,0.0186107,0.0342411,0.00868711,0.0402016,0.0137916,0.0591928,0.00405821,0.109952,0.0145208,0.0599537,0.0961288,0.00719698,0.00592879,0.00402651,0.00767255,0.126058
86250,0,0,0,0,0,0,0,0,0,0,0,0,0,0,0,0,0,0,0,0,0,0,0,0,0,0,0,0,0,0,0,0,0.000222342,0,0,0,0,0.00343042,0,0,0,0,0,0,0,0,0,6.35263e-05,0,0,0.000857606,0.000254105,0,0.00177874,3.17632e-05,0,0,0,0.000984658,0.00136582,0,0.0015564,0.000317632,0.00775021,0.000667027,0.000127053,0.0139758,0.000127053,0.000317632,0.0230918,0.00165169,0.0120382,0.0164533,0.0161039,0.000667027,0.00184226,0.0191532,0.0232189,0.0756599,0.0224248,0.013817,0.0170886,0.0943684,0.00889369,0.0158816,0.0367182,0.00943366,0.0343678,0.0108312,0.0624464,0.00323984,0.121844,0.0172156,0.0554903,0.101896,0.00657498,0.00371629,0.00231871,0.00937014,0.128355
86300,0,0,0,0,0,0,0,0,0,0,0,0,0,0,0,0,0,0,0,0,0,0,0,0,0,0,0,0,0,0,0,0,3.21864e-05,0,0,0,0,0.00337957,0,3.21864e-05,0,0,0,0,0,0,0,0,0,3.21864e-05,0.00186681,0,0,0.00186681,0,0,0,0,0.000772474,0.00125527,0,0.000933406,0.000289678,0.00743506,0.000257491,0,0.0116837,0,0.000289678,0.0263929,0.00508545,0.0107825,0.0173807,0.0154817,0.000225305,0.00202774,0.0141298,0.01796,0.0802408,0.0239145,0.0157713,0.0164473,0.0964627,0.00836847,0.016222,0.0373363,0.00898001,0.02797,0.0109434,0.064405,0.00714539,0.131127,0.0127458,0.0646947,0.0882874,0.00788567,0.00341176,0.00354051,0.00469922,0.129808
86350,0,0,0,0,0,0,0,0,0,0,0,0,0,0,0,0,0,0,0,0,0,0,0,0,0,0,0,0,0,0,0,0,0.000218641,0,0,0,0,0.00655922,0,0.000624688,0,0,0,6.24688e-05,0,0,0,0,0,0,0.00318591,0,0,0.001999,0,0,0,0,0.00231134,0.00249875,0,0.00124938,0.000593453,0.00743378,0.000249875,3.12344e-05,0.0119315,0,0.000687156,0.0247064,0.00596577,0.00740255,0.0154923,0.0162731,0.00137431,0.00187406,0.0161169,0.0189905,0.0748063,0.0204898,0.0163356,0.0193653,0.0934533,0.011057,0.0180847,0.0380747,0.00855822,0.0357321,0.0106509,0.0512869,0.00412294,0.131715,0.0163043,0.0687469,0.0972326,0.00602824,0.00521614,0.00265492,0.00787106,0.11438
86400,0,0,0,0,0,0,0,0,0,0,0,0,0,0,0,0,0,0,0,0,0,0,0,0,0,0,0,0,0,0,0,0,6.34317e-05,0,0,0,0,0.00627973,0,0,0,0,0,0,0,0,0,0,0,0,0.00409134,0,0,0.00117349,3.17158e-05,0,0,0,0.00272756,0.00348874,0,0.00196638,0.000570885,0.00608944,0.000348874,0,0.0143038,0,0.000697748,0.0233428,0.00497938,0.00897558,0.0184269,0.0181415,0.000888043,0.00152236,0.0187441,0.0116397,0.0843958,0.0172534,0.0141453,0.0252775,0.0859816,0.00786552,0.0149064,0.0453219,0.00919759,0.0208056,0.00973676,0.0576911,0.00193467,0.131716,0.0134475,0.0615287,0.0944497,0.008817,0.00428164,0.00250555,0.00875357,0.131494
86450,0,0,0,0,0,0,0,0,0,0,0,0,0,0,0,0,0,0,0,0,0,0,0,0,0,0,0,0,0,0,0,0,0,0,0,0,0,0.00701903,0,0.00058764,0,0,3.26467e-05,0,0,0,0,0,0,0,0.00189351,0,0,0.000457053,0.000163233,0,0,0,0.0019588,0.00254644,0,0.00231791,0.000554993,0.00940224,0.000261173,0.00088146,0.0166172,0.00019588,0.000359113,0.0232771,0.00633345,0.0116549,0.0191309,0.0220691,0.00120793,0.00153439,0.0178251,0.0107408,0.0754464,0.0186739,0.0167151,0.0225588,0.0780582,0.00874931,0.0156378,0.0507656,0.00940224,0.0228853,0.00652933,0.0463583,0.00336261,0.124155,0.0116875,0.0630734,0.10966,0.00731285,0.0039176,0.00297085,0.00701903,0.136039
86500,0,0,0,0,0,0,0,0,0,0,0,0,0,0,0,0,0,0,0,0,0,0,0,0,6.57333e-05,0,0,0,0,0,0,0,0,0,0,0,0,0.00594886,0,0.000131467,0,0,0,0,0,0,0,0,3.28666e-05,0.000131467,0.0025636,0,0,0.0003944,3.28666e-05,0,0,3.28666e-05,0.0015776,0.00105173,0,0.00318806,0.000723066,0.00657333,0.000230066,0.000460133,0.0141326,6.57333e-05,0.000164333,0.0235654,0.00578453,0.0100572,0.0194242,0.0182081,0.00299086,0.0035496,0.019457,0.0118977,0.083547,0.0187997,0.0176165,0.0257017,0.0735884,0.00601459,0.0144284,0.0608033,0.00982712,0.031782,0.00634326,0.0487083,0.00486426,0.132058,0.00700059,0.0587655,0.100901,0.00923552,0.00808519,0.00496286,0.00621179,0.11832
86550,0,0,0,0,0,0,0,0,0,0,0,0,0,0,0,0,0,0,0,0,0,0,0,0,0,0,0,0,0,0.000127881,0,0,0,0,0,0,0,0.00604239,0,6.39407e-05,0,0,0,3.19703e-05,0,0,0,0,0,3.19703e-05,0.0011829,0,0,0.000543496,0,0,0,3.19703e-05,0.000223792,0.00124684,0,0.00422008,0,0.00658589,0.000223792,0.00108699,0.011861,0,0,0.0289651,0.00431599,0.00968701,0.0159852,0.0145785,0.00147064,0.00453979,0.0191822,0.0124045,0.0875028,0.0154736,0.0179034,0.0257681,0.081844,0.00655392,0.0164008,0.0525912,0.0101666,0.0337607,0.00933534,0.0389718,0.00393235,0.126986,0.00901563,0.062534,0.109147,0.00971898,0.00530708,0.00195019,0.00738515,0.123118
86600,0,0,0,0,0,0,0,0,0,0,0,0,0,0,0,0,0,0,0,0,0,0,0,0,0,0,0,0,0,3.07191e-05,0,0,0,0,0,0,0,0.00509938,0,0.000153596,0,0,0,0,0,9.21574e-05,0,0,0,0,0.0014438,0,0,0.000737259,0,0,0,0.00036863,0.000153596,0.00135164,6.14383e-05,0.00181243,0,0.00543729,0.000983012,9.21574e-05,0.00958437,6.14383e-05,0,0.0237766,0.00448499,0.0137315,0.0169877,0.0176021,0.000491506,0.00463859,0.0201518,0.0083556,0.0837096,0.0128406,0.0112739,0.0254662,0.0807606,0.00571376,0.0142537,0.0530827,0.0078641,0.0340675,0.0108746,0.037078,0.00390133,0.122262,0.00810985,0.0643873,0.124628,0.01367,0.00374773,0.00556016,0.00445427,0.134611
86650,0,0,0,0,0,0,0,0,0,0,0,0,0,0,0,0,0,0,0,0,0,0,0,0,0,3.05577e-05,0,0,0,0,0,0,0,0,0,0,0,0.00641711,0,0.000366692,9.1673e-05,0,0,0,0,0,0,0,0,0,0.00116119,0,0,0.00152788,3.05577e-05,0,0,0.00134454,9.1673e-05,0.00192513,3.05577e-05,0.00110008,0.000152788,0.00345302,0.00140565,0.00039725,0.00776165,0,0.000152788,0.0234989,0.00400306,0.0131704,0.0170206,0.0180596,0.00106952,0.0083728,0.0212681,0.0121008,0.0716883,0.01589,0.00971734,0.0219404,0.0904202,0.0104202,0.0187013,0.054026,0.00922842,0.0238961,0.0114897,0.0380749,0.00513369,0.129442,0.00669213,0.0685409,0.113033,0.010573,0.00360581,0.00265852,0.00586707,0.132956
86700,0,0,0,0,0,0,0,0,0,0,0,0,0,0,0,0,0,0,0,0,0,0,0,0,0,0,0,0,0,0,0,0,0,0,0,0,0,0.00507661,0,0.000825713,0.000336402,3.0582e-05,0,0,0,0,0,0,0,0.000366984,0.000764549,0,0,0.00134561,0,0,0,0.000550476,0.000978623,0.00211016,0,0.000856295,0.000917459,0.00354751,0.000550476,0.000366984,0.00883819,0.000122328,9.17459e-05,0.0191443,0.00327227,0.0147099,0.0191749,0.0194501,0.000733967,0.00348635,0.0138231,0.0127221,0.0756598,0.0142206,0.0144653,0.0144347,0.0960274,0.00669745,0.0197254,0.0480137,0.00648338,0.0269121,0.00938867,0.0431512,0.00278296,0.137068,0.00923576,0.0640387,0.111318,0.00685036,0.00226307,0.00269121,0.00896052,0.145417
86750,0,0,0,0,0,0,0,0,0,0,0,0,0,0,0,0,0,0,0,0,0,0,0,0,0,0,0,0,0,0,0,0,0,0,0,0,0,0.00780396,0,0.000655533,0,0,0,0,0,0,3.12159e-05,0,0,0.000998907,0.0011862,0,0,0.000593101,0,0,0,6.24317e-05,0.000624317,0.000717965,0.000124863,0.000156079,0.000468238,0.00486967,0.000936476,0.000624317,0.00771032,0.000187295,0.00037459,0.0193226,0.00340253,0.0151397,0.0163259,0.0159825,0.000967692,0.00302794,0.0195099,0.0128609,0.0774153,0.014609,0.0191665,0.0159513,0.0849071,0.00883409,0.0151709,0.0457,0.00605588,0.0287186,0.00477603,0.0529421,0.0063056,0.135352,0.00995786,0.0647417,0.103855,0.0078664,0.0031528,0.00252848,0.0122366,0.145091
86800,0,0,0,0,0,0,0,0,0,0,0,0,0,0,0,0,0,0,0,0,0,0,0,0,0,0,0,0,0,0,0,0,0,0,0,0,0,0.00566032,0,0.000246101,0,0,0,0,0,0,0,0,0,0,0.00144584,0,0,0.000922878,0,0,0,3.07626e-05,0.000461439,0.00193804,0,0.000799828,0.000492202,0.00461439,0.000676777,0.00110745,0.00925954,0.000676777,0.00113822,0.0209186,0.00421448,0.0149814,0.0098748,0.0229181,0.00286092,0.00323007,0.0192266,0.0169502,0.0791214,0.0181499,0.0152275,0.0192574,0.0909343,0.0107977,0.0145507,0.0361461,0.00455287,0.0223644,0.00661396,0.0648783,0.00590642,0.128495,0.0128895,0.0678623,0.0947181,0.00738303,0.0068293,0.0027994,0.0111053,0.134771
86850,0,0,0,0,0,0,0,0,0,0,0,0,0,0,0,0,0,0,0,0,0,0,0,0,0,0,0,0,0,0,0,0,0,6.22045e-05,0,0,0,0.00566061,0,0.000497636,0,0,0,0,0,0,0,0,3.11023e-05,0,0.00149291,0,0,0.00217716,0,0,0,0,0.000217716,0.00102637,0,0.00183503,0.00124409,0.00202165,0.000404329,0.00124409,0.00908186,0,0.000497636,0.0203409,0.0027681,0.0199054,0.00982832,0.015209,0.00121299,0.00373227,0.017635,0.0167019,0.0812391,0.0192523,0.0138094,0.0190968,0.0859978,0.00762005,0.0182259,0.0414593,0.00488306,0.0292672,0.00469644,0.0612404,0.00426101,0.133802,0.0139338,0.0604628,0.0920938,0.00802438,0.00485195,0.00223936,0.0133429,0.145372
86900,0,0,0,0,0,0,0,0,0,0,0,0,0,0,0,0,0,0,0,0,0,0,0,0,0,0,0,0,0,0,0,0,3.05848e-05,0.000152924,0,0,0,0.00706508,0,0,0,0,0,0,0,0,0,0,0,0,0.000550526,0,0,3.05848e-05,0,0,0,0,0.000183509,0.000978713,0.000122339,0.00238561,0.000611696,0.00186567,0.000336433,0.000489356,0.0112246,0,0.000978713,0.0145584,0.00367017,0.0168828,0.0132738,0.0106129,0.000795204,0.00235503,0.0156594,0.0172192,0.0809579,0.0195131,0.0142219,0.0175862,0.0955774,0.00932836,0.0175557,0.0492109,0.00351725,0.0309212,0.00578052,0.0634023,0.00516883,0.120412,0.0112552,0.0714766,0.0958527,0.016057,0.0064228,0.00235503,0.0112246,0.130169
86950,0,0,0,0,0,0,0,0,0,0,0,0,0,0,0,0,0,0,0,0,0,0,0,0,0,0,0,0,0,0,0,0,0,0.000153294,0,0,0,0.00591716,0,0.000551859,0,0,0,0,0,0,0,0,0,0,0.00147163,0,0,0.000122635,0,0,0,0,9.19766e-05,0.00211546,9.19766e-05,0.00226876,0,0.00453751,0.00147163,0.000245271,0.00999479,0,0.000122635,0.0109452,0.00438422,0.0177821,0.0136432,0.0154521,0.00141031,0.00352577,0.0165251,0.0171076,0.0908422,0.0192538,0.0114051,0.0186406,0.0873471,0.0104547,0.015544,0.0518135,0.00263666,0.027409,0.00714351,0.0575773,0.00579452,0.106141,0.00873777,0.0641077,0.110587,0.0198363,0.00557991,0.00294325,0.011681,0.134592
87000,0,0,0,0,0,0,0,0,0,0,0,0,0,0,0,0,0,0,0,0,0,0,0,0,0,0,0,0,0,0,0,0,0,0.000271436,0,0,0,0.00337787,0,0.000422234,0,0,0,0,0,0,0,3.01595e-05,0,0,0.000422234,0,0,0.00063335,0,0,0,0.000120638,9.04786e-05,0.00153814,0.00069367,0.00232228,0,0.00295564,0.0014175,0.000844467,0.00675574,0.000331755,0,0.0140543,0.00539856,0.0182767,0.0140845,0.0169798,0.00259372,0.00392074,0.0145369,0.0162258,0.0892723,0.019091,0.00913834,0.0249721,0.0987725,0.0093193,0.0148083,0.0434599,0.000542872,0.0326326,0.00594143,0.0521157,0.00651446,0.103628,0.0112495,0.0503966,0.115481,0.0110987,0.00732877,0.00497632,0.0266309,0.134331
87050,0,0,0,0,0,0,0,0,0,0,0,0,0,0,0,0,0,0,0,0,0,0,0,0,0,0,0,0,0,0,0,0,9.34027e-05,0,0,0,0,0.00398518,6.22684e-05,0.000747221,0,0,0,0,0,0,6.22684e-05,0,0,0,6.22684e-05,0,0,0.00133877,0,0,0,0,9.34027e-05,0.00239733,0.000622684,0.00196146,3.11342e-05,0.00351817,0.00102743,0.00021794,0.00918459,0.000902892,0,0.0146019,0.00557303,0.0177465,0.0131698,0.0169681,0.00124537,0.00308229,0.0165945,0.0179022,0.0906317,0.0177154,0.00934027,0.0321616,0.0965161,0.00871758,0.0141038,0.0486628,0.0010897,0.0377969,0.00918459,0.0455182,0.00669386,0.112332,0.00575983,0.0452692,0.110558,0.0108347,0.0060089,0.00644478,0.0196457,0.131822
87100,0,0,0,0,0,0,0,0,0,0,0,0,0,0,0,0,0,0,0,0,0,0,0,0,0,0,0,0,0,0,0,0,3.19213e-05,3.19213e-05,0,0,0,0.00635235,0.000223449,0.00047882,3.19213e-05,0,0,0,0,0,6.38427e-05,0,0,0,3.19213e-05,0,0,0.000223449,0,0,0,3.19213e-05,0,0.00175567,6.38427e-05,0.002841,3.19213e-05,0.00609698,0.00121301,0.000191528,0.00628851,0.00047882,0,0.0173971,0.00252179,0.0161841,0.0128005,0.0182909,0.00095764,0.00411785,0.0158011,0.0155138,0.0902416,0.0171098,0.0100552,0.0394548,0.0834105,0.0139496,0.0180356,0.0493185,0.00175567,0.0355285,0.00753344,0.0488077,0.00376672,0.117247,0.00842724,0.0567242,0.101797,0.00660772,0.00507549,0.00679925,0.0134389,0.134868
87150,0,0,0,0,0,0,0,0,0,0,0,0,0,0,0,0,0,0,0,0,0,0,0,0,0,0,0,0,0,0,0,0,0,0,0,3.12315e-05,0,0.00571536,0.000624629,6.24629e-05,9.36944e-05,0,0,0,0,0,3.12315e-05,0,0,0,0.00140542,3.12315e-05,0,6.24629e-05,0,3.12315e-05,0,0.000249852,0.000281083,0.00184266,0.000562166,0.00146788,0,0.00331053,0.00181142,0.000312315,0.00480964,0.00199881,0.000281083,0.0219869,0.00390393,0.0178956,0.00574659,0.0176145,0.000562166,0.00343546,0.0205191,0.0119929,0.0830132,0.015647,0.0183016,0.0266092,0.0914145,0.00908835,0.0215497,0.0438802,0.00196758,0.0320747,0.00627752,0.0472532,0.00484088,0.119835,0.00958806,0.0592461,0.110622,0.00718323,0.00396639,0.00971298,0.0117118,0.137543
87200,0,0,0,0,0,0,0,0,0,0,0,0,0,0,0,0,0,0,0,0,0,0,0,0,0,0,0,0,0,0,0,0,0.00015454,0,0,0,0,0.00330716,0.000247265,0,0,0,0,0,0,6.18162e-05,0,0,0,0,0.00312172,0,0,3.09081e-05,0,0,0,0,0,0.00237992,0.000587254,0.00315262,0,0.00593435,0.00105087,0.000432713,0.00695432,0.00101997,0.000185448,0.0244792,0.00516165,0.0131668,0.00849972,0.0124869,0.00129814,0.00284354,0.0177721,0.0153922,0.0835445,0.0133214,0.0178649,0.0263955,0.0863263,0.0100451,0.0186067,0.0440131,0.0015454,0.0254373,0.00293627,0.0568709,0.00537801,0.126538,0.0108178,0.0564072,0.106355,0.00729431,0.00448167,0.00559436,0.012116,0.14839
87250,0,0,0,0,0,0,0,0,0,0,0,0,0,0,0,0,0,0,0,0,0,0,0,0,0,0.000155953,0,0,0,0,0,0,0,0,0,0,0,0.00605097,0,0,3.11905e-05,0,0,0,6.23811e-05,0,0,0,3.11905e-05,0,0.00202739,3.11905e-05,0,0.000311905,0,0,3.11905e-05,0,0,0.0049593,0.000187143,0.00274477,0,0.00717382,0.000530239,0.000374287,0.00951312,0.000155953,9.35716e-05,0.0257634,0.00689311,0.0131,0.00998097,0.0116965,0.00180905,0.00177786,0.0148155,0.0165622,0.0847135,0.0179034,0.0187455,0.0178722,0.0956926,0.00814073,0.0203986,0.0417329,0.00124762,0.0210848,0.00424191,0.0577961,0.00595739,0.120177,0.00963788,0.0733913,0.0955366,0.00564549,0.00464739,0.00339977,0.0142853,0.140888
87300,0,0,0,0,0,0,0,0,0,0,0,0,0,0,0,0,0,0,0,0,0,0,0,0,0,6.21543e-05,0,0,0,0,0,0,6.21543e-05,0,0,0,0,0.00441295,0,0.000310771,0,0,0,0,0,0,3.10771e-05,0,0,0,0.00304556,0.000248617,0,0.000310771,0,0,0,0,0,0.00211325,0.000186463,0.0028591,0.000372926,0.00898129,0.00043508,3.10771e-05,0.00745851,0.000683697,6.21543e-05,0.0236186,0.0039468,0.0132389,0.0122755,0.0132078,0.00021754,0.000808005,0.0165641,0.0192678,0.0889428,0.0255765,0.0128349,0.0187706,0.0858661,0.00985145,0.0184287,0.0377276,0.000683697,0.0262602,0.00208217,0.0601964,0.00512773,0.116166,0.00860837,0.0615016,0.113742,0.00528311,0.00528311,0.00351172,0.0192678,0.139474
87350,0,0,0,0,0,0,0,0,0,0,0,0,0,0,0,0,0,0,0,0,0,0,0,0,0,0.000173878,0,0,0,0,0,0,0.000318776,0,0,0,0,0.00547715,5.79593e-05,0,0,0,0,0,0,0,0.000608572,0,0,0,0.00333266,0,0,0.000550613,0,0,0,0,0,0.00234735,0.000318776,0.00121714,0.000173878,0.00510041,0.000492654,8.69389e-05,0.0059698,0.00228939,0,0.0158229,0.00570899,0.0133886,0.0105486,0.0132727,0.00081143,0.00153592,0.0182282,0.0161706,0.0884748,0.0268062,0.0169821,0.0186919,0.0850842,0.00999797,0.0192135,0.0382241,0.00101429,0.0254441,0.00162286,0.0531776,0.00588286,0.133074,0.0125482,0.0665662,0.0950242,0.00823021,0.00402817,0.00568001,0.0129539,0.147274
87400,0,0,0,0,0,0,0,0,0,0,0,0,0,0,0,0,0,0,0,0,0,0,0,0,0,0.000180159,0,0,0,0,0,0,6.00528e-05,0,0,0,0,0.00510449,6.00528e-05,0,0,0,0,0,0,0,3.00264e-05,0,0,0,0.00138122,0,0,0.00168148,0,0,0.000120106,0.00042037,0.000120106,0.000930819,0.000600528,0.00135119,0,0.00471415,0.000300264,6.00528e-05,0.00849748,0,0,0.0275342,0.00564497,0.00720634,0.0124009,0.0190668,0.0015914,0.000510449,0.0177156,0.0162743,0.0832032,0.0220994,0.0130014,0.0199375,0.0925715,0.0145928,0.0148331,0.0429978,0.00231203,0.0290055,0.000870766,0.048913,0.00447394,0.131846,0.0118304,0.0623048,0.0993574,0.00726639,0.0015914,0.00630555,0.0142926,0.142836
87450,0,0,0,0,0,0,0,0,0,0,0,0,0,0,0,0,0,0,0,0,0,0,0,0,0,0.000115986,0,0,0,0,0,0,0.000173979,0,0,0,0,0.00400151,0,8.69893e-05,0,0,0.000115986,0,0,0,8.69893e-05,0,0,0,0.00147882,0,0,0.00142083,0,0,0.000115986,0.000144982,5.79929e-05,0.000869893,0.000463943,0.0024357,0.000289964,0.00658219,0.000347957,0.000115986,0.00640821,0.000434947,2.89964e-05,0.0266477,0.00466843,0.00765506,0.0105257,0.0178908,0.00040595,0.000347957,0.016093,0.0170499,0.0920637,0.0166729,0.0104387,0.0180068,0.0984429,0.00809,0.0175718,0.0316931,0.00394351,0.0311132,0.0016238,0.0427117,0.00374054,0.132572,0.00785803,0.0575579,0.106707,0.00658219,0.00432047,0.00623423,0.00945284,0.165541
87500,0,0,0,0,0,0,0,0,0,0,0,0,0,0,0,0,0,0,0,0,0,0,0,0,0,2.99294e-05,0,0,0,0,0,0,5.98587e-05,0,0,0,0,0.00401054,0,0.000209506,0,0,0,0,0,0,5.98587e-05,0,0,0,0.0017359,0,0,0.0010176,0,0,0,0.000209506,0.000628517,0.000269364,8.97881e-05,0.00218484,0.000508799,0.00532743,0.000508799,0.000209506,0.00658446,0.000628517,2.99294e-05,0.0192745,0.00469891,0.0102957,0.0111337,0.0269364,0.000209506,0.000329223,0.0181073,0.0180175,0.090267,0.0147552,0.0160721,0.0237639,0.082216,0.00628517,0.0208308,0.0375015,0.00170597,0.0293008,0.00311265,0.0534239,0.0049982,0.121513,0.0112534,0.042799,0.106968,0.0111936,0.00185562,0.00951754,0.0102957,0.167066
87550,0,0,0,0,0,0,0,0,0,0,0,0,0,0,0,0,0,0,0,0,0,0,0,0,0,0,0,0,0,0,0,0,8.84982e-05,0,0,0,0,0.0048379,0,0.000235995,0,0,0,0,0,0,0.000324493,0,0,0,0.00185846,0,0.000235995,0.00100298,2.94994e-05,0,0,0.00047199,0.00097348,0.000530989,0.000206496,0.00138647,2.94994e-05,0.0048084,0.000589988,0.000353993,0.00687336,0.000117998,0,0.0173751,0.00398242,0.00920381,0.0131567,0.0200301,0.000589988,0.00047199,0.0162247,0.0187026,0.0928936,0.0243075,0.0177881,0.0205316,0.0876722,0.0047494,0.0158707,0.0448391,0.00262545,0.0231865,0.00238945,0.0462256,0.00221245,0.141184,0.0132747,0.0457831,0.101507,0.00710935,0.00300894,0.00864332,0.00908581,0.160418
87600,0,0,0,0,0,0,0,0,0,0,0,0,0,0,0,0,0,0,0,0,0,0,0,0,0,2.96007e-05,0,0,0,0,0,0,2.96007e-05,0,0,0,0,0.0044993,0,0.000325608,0,0,0,0,0,0,0,0,0,0,0.00150964,0,0,0.000118403,0,0,0,8.88021e-05,0.000177604,0.00109523,0.000384809,0.00085842,2.96007e-05,0.00979783,0.00118403,0.000296007,0.00482491,0.000651215,2.96007e-05,0.0223781,0.00473611,0.0116627,0.015126,0.0160732,0.000473611,0.000947222,0.0131427,0.0166356,0.0902229,0.0264334,0.0203949,0.0193292,0.0909037,0.00642335,0.0155404,0.0418554,0.00491371,0.0200101,0.00535772,0.0520676,0.00257526,0.132907,0.00716337,0.0474499,0.10005,0.00603854,0.00284167,0.0086138,0.00698576,0.164817
87650,0,0,0,0,0,0,0,0,0,0,0,0,0,0,0,0,0,0,0,0,0,0,0,0,0,8.79121e-05,0,0,0,0,0.00014652,0,5.86081e-05,0,0,0,0,0.00545055,0,8.79121e-05,0,0,0,0,0,0,5.86081e-05,0,0,0,0.000849817,0,0,2.9304e-05,0,2.9304e-05,5.86081e-05,8.79121e-05,0.000175824,0.00134799,0.000586081,0.00158242,0.000263736,0.0134799,0.00249084,0.000263736,0.00565568,2.9304e-05,0.000322344,0.0231795,0.00562637,0.0111648,0.0141245,0.020044,0.000205128,0.00199267,0.0142711,0.0130403,0.0847766,0.0285421,0.0122784,0.0192821,0.0926007,0.0065641,0.01937,0.0370989,0.00304762,0.0228571,0.00908425,0.047033,0.00266667,0.118564,0.0138315,0.0527179,0.103121,0.00486447,0.00416117,0.00879121,0.00952381,0.162432
87700,0,0,0,0,0,0,0,0,0,0,0,0,0,0,0,0,0,0,0,0,0,0,0,0,0,0,0,0,0,0,2.92389e-05,0,0,0,0,0,0,0.00640332,0,5.84778e-05,0,0,0,0,0,2.92389e-05,0,0,0,0,0.00134499,8.77167e-05,0,0.00081869,0,0,0,0,2.92389e-05,0.00222216,0.000204672,0.00163738,0.000116956,0.0111693,0.00111108,0.00134499,0.00657876,5.84778e-05,0.000204672,0.0207304,0.00535072,0.0116078,0.0152627,0.0135669,0.000233911,0.00111108,0.0127482,0.0162276,0.0724833,0.0257887,0.013099,0.0185375,0.0948218,0.00654952,0.0190345,0.0408175,0.00292389,0.0169293,0.00438584,0.0494722,0.0069881,0.112687,0.0116956,0.0678635,0.107219,0.00657876,0.00728049,0.00806994,0.0105845,0.165902
87750,0,0,0,0,0,0,0,0,0,0,0,0,0,0,0,0,0,0,0,0,0,0,0,0,0,5.69736e-05,0,0,0,0,0,0,0,0,0,0,0,0.00421604,0,0.000541249,0,0,0,0,0,0,2.84868e-05,0,0,0,0.000854603,0.000113947,0,0.000398815,0,2.84868e-05,0,0,0,0.00170921,0.000256381,0.00179467,0.000170921,0.0090588,0.000854603,8.54603e-05,0.00683683,0,0.000569736,0.0220203,0.00230743,0.00994189,0.00957156,0.0167502,0.000427302,0.00133888,0.0174624,0.0179752,0.0760312,0.0232737,0.0126766,0.0225615,0.0860871,0.00777689,0.0167217,0.0433569,0.00207954,0.019485,0.00373177,0.0470032,0.00717867,0.131666,0.0114232,0.057173,0.122208,0.00524157,0.00649499,0.00583979,0.00854603,0.158073
87800,0,0,0,0,0,0,0,0,0,0,0,0,0,0,0,0,0,0,0,0,0,0,0,0,0,0,0,0,0,0,0,0,0,0,0,0,0,0.00452975,0,0.000319405,0,0,0,0,0,0,0,0,0,0,0.00159703,0,0.000377479,0.000696884,0,2.90368e-05,0,0,0,0.00249717,0.000174221,0.00197451,0,0.0101339,0.000406516,0,0.00598159,0.000174221,0.000261332,0.0243329,0.00429745,0.00647522,0.00874009,0.0127472,0.000174221,0.00214873,0.0143152,0.0211388,0.07959,0.0187868,0.0132118,0.0226197,0.0916984,0.00783995,0.0216615,0.0474462,0.00272946,0.0159122,0.00987253,0.046488,0.00339731,0.136647,0.0131827,0.0606289,0.107088,0.00670751,0.00470397,0.00757862,0.00876913,0.149917
87850,0,0,0,0,0,0,0,0,0,0,0,0,0,0,0,0,0,0,0,0,0,0,0,0,0,0,0,0,2.86747e-05,0,0,0,0,0,0,0,0,0.00447325,0,0.000286747,0,0,0,0,0,0,0,0,0,0,0.00295349,0.000229397,0.000315421,0.00103229,0,0,0,2.86747e-05,5.73493e-05,0.00123301,0.000200723,0.00220795,0,0.00779951,0.000544818,2.86747e-05,0.00501807,0,0.000917589,0.0205884,0.0100361,0.00691059,0.00914722,0.0121294,0.000716866,0.00186385,0.0137925,0.0155417,0.0866835,0.0248323,0.0126455,0.0253484,0.0973218,0.00573493,0.0298216,0.043012,0.00206458,0.0186385,0.00880312,0.0453633,0.00450192,0.112605,0.0120147,0.06707,0.0939669,0.010839,0.00613638,0.00840167,0.0125882,0.153524
87900,0,0,0,0,0,0,0,0,0,0,0,0,0,0,0,0,0,0,0,0,0,0,0,0,0,0,0,0,0,0,0,0,0,0,0,0,0,0.00375337,0,8.5955e-05,0,0,0,0,0,0,2.86517e-05,0,0,0,0.00217753,0,0.00017191,0.000487078,0,0,0,2.86517e-05,0.00017191,0.00237809,0.000429775,0.000429775,2.86517e-05,0.00790786,0.000200562,5.73033e-05,0.00670449,0,0.000315168,0.0172196,0.00856684,0.0106584,0.0103432,0.0146123,0.000257865,0.00143258,0.0142112,0.0175635,0.0955819,0.0253567,0.01275,0.0245831,0.0997364,0.009541,0.0218039,0.034382,0.00320899,0.0183944,0.0111168,0.0462724,0.00679044,0.113948,0.0104579,0.0654977,0.108017,0.0059882,0.00558707,0.0104865,0.00913988,0.141138
87950,0,0,0,0,0,0,0,0,0,0,0,0,0,0,0,0,0,0,0,0,0,0,0,0,0,0,0,0,0,0,0,0,0,0,0,0,0,0.00783515,0,0,0,0,0,0,2.87002e-05,0,0.000114801,0,2.87002e-05,0,0.00177941,0,0,8.61005e-05,0,0,0,0,8.61005e-05,0.00390322,0.000487903,0.000861005,2.87002e-05,0.00685934,0.000803605,0.000373102,0.00436243,8.61005e-05,0.000631404,0.0214677,0.00622794,0.00927015,0.01082,0.018569,0.000229601,0.00186551,0.0173062,0.0158425,0.0846081,0.0203484,0.0141205,0.0239359,0.0906638,0.00949976,0.028528,0.0493069,0.00416152,0.0189134,0.0100738,0.0407829,0.00485033,0.112045,0.011681,0.0623655,0.117986,0.00542433,0.00364492,0.00987286,0.0103034,0.136929
88000,0,0,0,0,0,0,0,0,0,0,0,0,0,0,0,0,0,0,0,0,0,0,0,0,0,0,0,0,0,0,0,0,0,0,0,0,0,0.00419281,0,2.81397e-05,0,0,0,0,0,0,8.44191e-05,0,0,0,0.000647213,0,0,0.00168838,0,0,0,2.81397e-05,0.000393956,0.00168838,0.000956749,0.00101303,0.000675352,0.00554352,0.00196978,0.000675352,0.00391142,0,0.00106931,0.0164336,0.00714748,0.00697864,0.0106087,0.0130568,0.000309537,0.00292653,0.0107494,0.0158426,0.0800574,0.0272955,0.0138729,0.0246222,0.108619,0.0054591,0.0242845,0.0539156,0.00481189,0.016321,0.00911726,0.0369193,0.00678166,0.120579,0.0117061,0.0629203,0.103582,0.00689422,0.00461491,0.012888,0.00956749,0.146551
88050,0,0,0,0,0,0,0,0,0,0,0,0,0,0,0,0,0,0,0,0,0,0,0,0,0,0,0,0,0,0,0,0,0,0,0,0,0,0.00474864,0,8.53048e-05,0,0,0,0,0,0,2.84349e-05,0,0,0,0.00145018,0,0,0.0011374,0,0,0,0,0.000654004,0.00210419,0.00181984,0.000995223,0,0.00639786,0.00341219,0.0011374,0.0059429,0,0.00119427,0.0166629,0.00577229,0.00577229,0.0105778,0.0151843,0.000767743,0.0023601,0.00918449,0.0152411,0.0818073,0.0261886,0.0156392,0.0224352,0.105351,0.00742152,0.0226626,0.0449841,0.00477707,0.0192505,0.0105494,0.0392971,0.0082177,0.13009,0.0121417,0.0559031,0.114934,0.0059429,0.0029288,0.0126251,0.00702343,0.137199
88100,0,0,0,0,0,0,0,0,0,0,0,0,0,0,0,0,0,0,0,0,0,0,0,0,0,0,8.64479e-05,0,0,0,0,0,0,0,0,0,0,0.00377489,0,0.00014408,0,0,0,0,0,0,0,0,0,0,0.00112382,0,0.000115264,0.00158488,0,0,0,0,0.000374607,0.00311212,0.00100856,0.00092211,0,0.00801083,0.0014408,0.000806847,0.00544622,2.8816e-05,0.000864479,0.0233409,0.0081261,0.00697346,0.00829899,0.0127078,0.000605135,0.00129672,0.0109212,0.0128807,0.0846901,0.0233986,0.0142351,0.0259632,0.096447,0.00544622,0.0225053,0.0491888,0.00417831,0.0157335,0.0068582,0.0321874,0.00945163,0.13019,0.014408,0.0566522,0.120249,0.00861597,0.00625306,0.010028,0.00881768,0.140507
88150,0,0,0,0,0,0,0,0,0,0,0,0,0,0,0,0,0,0,0,0,0,0,0,0,0,0,0,0,0,0,0,0,0,0,0,0,0,0.00448629,0,0,0,0,0,0.000383696,0,0,2.95151e-05,0,0,0,0.00171187,0,0,0.0011806,0,2.95151e-05,0,0,0,0.00233169,0.00103303,0.00123963,0,0.00985803,0.00174139,0.000354181,0.00566689,2.95151e-05,0.0015643,0.0208376,0.00953337,0.00882501,0.00941531,0.0139901,0.000708362,0.00109206,0.0090021,0.0129276,0.0838523,0.0220182,0.0132523,0.0224019,0.10531,0.00708362,0.0208081,0.0414982,0.00203654,0.0275671,0.00879549,0.0386352,0.00714265,0.122753,0.0127505,0.0559901,0.119064,0.00805761,0.00610962,0.010832,0.00844131,0.137629
88200,0,0,0,0,0,0,0,0,0,0,0,0,0,0,0,0,0,0,0,0,0,0,0,0,0,0,0,0,0,0,0,0,0,0,0,0,0,0.00591817,0,0,0,0,0,0,0,0,0,0,0,0,0.00225863,2.85902e-05,0,0.000400263,0,0,0,0,5.71804e-05,0.00134374,0.00111502,0.000657575,0,0.00749064,0.00220145,2.85902e-05,0.00551791,2.85902e-05,0.00100066,0.0189267,0.00486034,0.00666152,0.00866284,0.015696,0.000371673,0.00160105,0.0152672,0.0142951,0.0815679,0.0222718,0.0127226,0.0294479,0.0975498,0.00834834,0.0232724,0.0448295,0.00345942,0.0260743,0.00837693,0.0361094,0.00880579,0.130943,0.0167825,0.048489,0.109586,0.00872002,0.00637562,0.0166109,0.00920605,0.136061
88250,0,0,0,0,0,0,0,0,0,0,0,0,0,0,0,0,0,0,0,0,0,0,0,0,0,0,0,0,0,0,0,0,0,0,0,0,0,0.0042651,0,0,0,2.76955e-05,0,0,0,0,0,0,0,2.76955e-05,0.000498518,0,0,0.000110782,0,0,2.76955e-05,8.30864e-05,0.000387736,0.00110782,0.000166173,0.00102473,8.30864e-05,0.00877946,0.000830864,8.30864e-05,0.00850251,0.000803168,0.000498518,0.0220733,0.0030742,0.00745008,0.00592683,0.0197746,0.000276955,0.00127399,0.0106074,0.0117983,0.0858836,0.0295234,0.0158418,0.0243166,0.094857,0.00988728,0.0201069,0.0438419,0.00235411,0.0264215,0.0107458,0.039743,0.00756086,0.108815,0.0171989,0.0568588,0.11117,0.00869637,0.00628687,0.013183,0.0114936,0.14565
88300,0,0,0,0,0,0,0,0,0,0,0,0,0,0,0,0,0,0,0,0,0,0,0,0,0,0,0,0,0,0,0,0,0,0,0,0,0,0.00375807,0,0,0,0,0,0,0,0,0.000163394,0,0,0,0.00152501,0,0,0.000272324,0,0,0,0.000190627,0.000435718,0.000816971,0.000108929,0.000653577,0,0.00629068,0.00166117,0.000163394,0.0122273,5.44647e-05,0.00147055,0.0229297,0.00226029,0.00569157,0.00773399,0.0139974,0.000789739,0.00198796,0.00953133,0.014297,0.0773944,0.0279676,0.0175104,0.0147327,0.0955039,0.00713488,0.0234471,0.0483919,0.00321342,0.0201247,0.0101849,0.0442254,0.00324065,0.110591,0.0191444,0.0746167,0.114076,0.011601,0.00544647,0.0117372,0.0115738,0.13913
88350,0,0,0,0,0,0,0,0,0,0,0,0,0,0,0,0,0,0,0,0,0,0,0,0,0,0,0,0,0,0,0,0,0,0,0,0,0,0.00326481,0,0,0,0,0,0,0,0,2.76679e-05,0,0,0,0.00166007,0,0,0.000138339,0,0,0,0,0.000691697,0.00052569,0.000359682,0.00091304,0,0.00578259,0.000719365,0.0015494,0.00824503,0.000221343,0.000857704,0.0280829,0.00531223,0.00846637,0.00899206,0.0127272,0.00235177,0.00201975,0.00885372,0.014913,0.0818416,0.0260355,0.0134466,0.0163517,0.100019,0.00893672,0.0245137,0.03749,0.00204742,0.0252054,0.0108181,0.046731,0.00403951,0.0976676,0.0153003,0.0759206,0.0983593,0.00973909,0.00406718,0.0166007,0.00910273,0.15909
88400,0,0,0,0,0,0,0,0,0,0,0,0,0,0,0,0,0,0,0,0,0,0,0,0,0,2.68658e-05,0,0,0,0,0,0,0,0,0,0,2.68658e-05,0.00475525,0,0,0,0,0,0,0,0,2.68658e-05,0,0,0,0.00193434,0,0,0.000134329,0,0,0,2.68658e-05,0.00064478,0.000134329,0.000107463,0.00279405,0,0.00521197,0.00104777,0.00123583,0.00698512,2.68658e-05,0.0020418,0.0294718,0.00728064,0.00900005,0.00730751,0.0127075,0.00153135,0.0010209,0.0122777,0.0146687,0.0810811,0.0231852,0.0150986,0.0224061,0.0817259,0.00389555,0.0181076,0.0393853,0.00335823,0.0276987,0.00693138,0.0423943,0.00744184,0.10741,0.0130568,0.0713825,0.118801,0.0133255,0.00462092,0.00765676,0.0150986,0.153511
88450,0,0,0,0,0,0,0,0,0,0,0,0,0,0,0,0,0,0,0,0,0,0,0,0,0,7.93966e-05,0,0,0,0,0,0,0,0,0,0,0,0.00682811,0,0,0,0,0,0,2.64655e-05,0,0,0,0,0,0.00227604,5.29311e-05,0,7.93966e-05,0,7.93966e-05,0,0,5.29311e-05,0.00023819,0.000185259,0.000555776,0,0.00555776,0.000423448,0.000846897,0.00862776,0.000529311,0.00193198,0.0271801,0.00637819,0.0105333,0.00918354,0.0124653,0.000635173,0.00214371,0.00915707,0.0171497,0.0775175,0.0202991,0.0100304,0.0191346,0.0986635,0.00677518,0.0179436,0.0484848,0.0029906,0.0282387,0.00823078,0.0451767,0.00505492,0.105809,0.0170967,0.0738918,0.10049,0.0168056,0.00301707,0.00611354,0.0137356,0.151303
88500,0,0,0,0,0,0,0,0,0,0,0,0,0,0,0,0,0,0,0,0,0,0,0,0,0,2.74311e-05,0,0,0,0,0,0,0,0,0,0,0,0.00523934,0,2.74311e-05,0,0,0,0,0,0,2.74311e-05,0,0,0,0.00115211,0,0,0.000466328,0,0,0,0,8.22932e-05,0.000356604,8.22932e-05,0.00235907,0,0.00447127,0.00126183,0.000356604,0.0120697,0,0.00128926,0.0288849,0.00658346,0.00902483,0.00916198,0.0104238,0.00150871,0.00348375,0.0119325,0.0152791,0.0771636,0.0295707,0.0126457,0.0209025,0.103251,0.00356604,0.0243588,0.0515156,0.00562337,0.0234261,0.00921684,0.039391,0.00603484,0.105966,0.0116308,0.063887,0.0998217,0.0120422,0.00408723,0.00650117,0.0126183,0.151228
88550,0,0,0,0,0,0,0,0,0,0,0,0,0,0,0,0,0,0,0,0,0,0,0,0,0,0.000168582,0,0,0,0,0,0,0,0,0,0,0,0.00719283,0,0.000140485,0,0,0,0,0,0,0,0,0,0,0.00123627,0,0,0.000393358,5.6194e-05,0,5.6194e-05,0,2.8097e-05,0.000309067,0.000112388,0.00132056,0,0.00660279,0.00148914,2.8097e-05,0.0113231,0,0.00255683,0.028968,0.00606895,0.00500126,0.0122222,0.00491697,0.00216347,0.00143295,0.0123627,0.014498,0.0876907,0.0311877,0.00915962,0.0266079,0.0850215,0.00575988,0.0198646,0.0434099,0.00587227,0.0203422,0.00991824,0.0442247,0.00472029,0.113624,0.0115479,0.0641735,0.103875,0.0103116,0.00539462,0.0123908,0.00885055,0.155404
88600,0,0,0,0,0,0,0,0,0,0,0,0,0,0,0,0,0,0,0,0,0,0,0,0,0,0,0,0,0,0,0,0,0,0,0,0,0,0.00351135,0,0.000734934,0,0,0,0,0,0,0,0,0,0,0.00277642,0,0,0.000299417,0,0,0,0,0,0.00106157,0.00187816,0.000898252,0,0.0027492,0.000653275,8.16593e-05,0.0102074,0.000136099,0.00174207,0.0254233,0.00400131,0.00737656,0.0117589,0.00585225,0.00111601,0.000843813,0.0135282,0.0111057,0.0893897,0.0222113,0.0121945,0.0286624,0.0918667,0.00413741,0.0240351,0.0451848,0.00517176,0.0234634,0.00506288,0.0456476,0.00340247,0.11846,0.0117317,0.06168,0.0825576,0.012875,0.00353857,0.0119495,0.0109423,0.178099
88650,0,0,0,0,0,0,0,0,0,0,0,0,0,0,0,0,0,0,0,0,0,0,0,0,0,0,0,0,0,0,0,0,0,0,0,0,0,0.00582269,0,0.000328039,0,0,0,0,0,0,0,2.73366e-05,0,0,0.00284301,0,2.73366e-05,2.73366e-05,0,0,0,8.20098e-05,2.73366e-05,0.000574069,0.000328039,0.000574069,0.000410049,0.0041825,0.000792761,0.000574069,0.00718952,5.46732e-05,0.00117547,0.0252043,0.00604139,0.00882972,0.0123561,0.0091851,0.00103879,0.000410049,0.0104699,0.00997786,0.0837867,0.0214866,0.00973183,0.0259151,0.0914409,0.00546732,0.0219513,0.050354,0.00196823,0.0263798,0.00522129,0.0520489,0.002761,0.112545,0.0102239,0.0612066,0.0954047,0.0116727,0.00609606,0.0147344,0.00945846,0.171592
88700,0,0,0,0,0,0,0,0,0,0,0,0,0,0,0,0,0,0,0,0,0,0,0,0,0,2.71569e-05,0,0,0,0,0,0,0,0,0,0,0,0.00320452,0,0.000651767,0,0,0,0,0,0,0.000217256,0,0,0,0.00160226,0,5.43139e-05,2.71569e-05,0,0,0,0,5.43139e-05,0.00206393,0.000190099,0.00070608,0.000162942,0.00336746,0.00217256,0.000108628,0.007441,2.71569e-05,0.00198246,0.0235179,0.00649051,0.00866306,0.0130625,0.0139587,0.000135785,0.000597453,0.0108628,0.00779404,0.0937458,0.0229205,0.0119491,0.0224316,0.0919262,0.00456237,0.0226489,0.04967,0.00472531,0.0266953,0.00760394,0.0400293,0.00363903,0.112185,0.00814708,0.0615919,0.106998,0.0097765,0.00347609,0.0159411,0.0107813,0.159411
88750,0,0,0,0,0,0,0,0,0,0,0,0,0,0,0,0,0,0,0,0,0,0,0,0,0,0,0,0,0,0,0,0,0,0,0,0,0,0.0046449,0,0.000659631,0,0,0,0,0,0,0.0003573,0,0,2.74846e-05,0.00206135,0,0,0.000219877,2.74846e-05,5.49692e-05,0,0,0,0.00230871,0.000274846,0.000302331,0.0003573,0.00467238,0.000934477,0.000192392,0.00415018,0.000164908,0.0014292,0.0223725,0.00335312,0.0075033,0.0175352,0.0141821,0.000302331,0.00131926,0.0089325,0.0105541,0.0767645,0.0197065,0.0102518,0.0316348,0.0976803,0.00351803,0.029381,0.0538423,0.00516711,0.0237467,0.00610158,0.0444976,0.00590919,0.110571,0.00931728,0.0632971,0.113072,0.0111862,0.00329815,0.0140172,0.00887753,0.149269
88800,0,0,0,0,0,0,0,0,0,0,0,0,0,0,0,0,0,0,0,0,0,0,0,0,0,0,0,0,0,0,0,0,0,0,0,0,0,0.00357679,0,0,0,0,0,0,0,0,0.00021843,0,0,0,0.00308532,0,0,0.000273038,0,0,0,0,0,0.00182935,0.00117406,0.000382253,0.000136519,0.00354949,0.00103754,0.00065529,0.00341297,0,0.00202048,0.0249283,0.00251195,0.00778157,0.0105392,0.0124778,0.000245734,0.00379522,0.0094198,0.0168737,0.0728464,0.0280956,0.0123413,0.0256382,0.0954812,0.00737201,0.0227713,0.0448601,0.00526962,0.0244915,0.00458703,0.0483549,0.0050785,0.136027,0.0105119,0.0599317,0.094471,0.0166007,0.00305802,0.011413,0.0102389,0.150635
88850,0,0,0,0,0,0,0,0,0,0,0,0,0,0,0,0,0,0,0,0,0,0,0,0,0,0,0,0,0,0,0,0,0,0,0,0,0.000163497,0.00604938,0,0,0,0,0,0,0,0,0.000435991,0,0,0,0.00188021,0,0,0.000626737,0,0,0,0,0,0.000871982,0.000463241,0.00177121,0.000108998,0.0049594,0.00149872,0.000381492,0.00326993,0.000136247,0.00108998,0.023489,0.00359693,0.00891057,0.0123985,0.0144695,0.000108998,0.00299744,0.00882882,0.012453,0.0719385,0.0210911,0.0108725,0.0224535,0.0871165,0.00370592,0.0268135,0.0556161,0.00272494,0.022944,0.00400567,0.0561883,0.00583138,0.121587,0.0120715,0.0638182,0.103493,0.0153687,0.00108998,0.0129435,0.00683961,0.160526
88900,0,0,0,0,0,0,0,0,0,0,0,0,0,0,0,0,0,0,0,0,0,0,0,0,0,0,0,0,0,0,0,0,0,0,0,0,0,0.00522495,0,0,0,0,0,0,0,0,0.000357496,0,0,0,0.00167748,0,0,0.000439996,0,0,0,0,0,0.000137499,0,0.00186998,0.000192498,0.00412496,0.00219998,0.000302497,0.00684743,0.000797492,0.00173248,0.0221923,0.00596744,0.00805742,0.00745243,0.0176823,0.000302497,0.00329997,0.00470245,0.0123749,0.0809042,0.0211748,0.0158948,0.0173523,0.100044,0.00343747,0.0248873,0.0544495,0.00126499,0.0165273,0.00571994,0.0526895,0.00706743,0.132989,0.0108074,0.0605819,0.095204,0.0109449,0.00318997,0.0109999,0.0095699,0.156363
88950,0,0,0,0,0,0,0,0,0,0,0,0,0,0,0,0,0,0,0,0,0,0,0,0,0,0,0,0,0,0,0,0,0,0,0,0,2.68629e-05,0.00596357,0,0,2.68629e-05,0,0,0,0,0,0,0,0,0,0.000671574,0,0,0.00112824,0,0,0,0,0,0.000268629,8.05888e-05,0.00222962,0,0.00231021,0.00572181,0.000510396,0.00475474,0.000376081,0.00257884,0.0247676,0.00526514,0.00889163,0.00977811,0.0106109,0.000886477,0.00271316,0.00846183,0.010772,0.0671036,0.0190458,0.0113899,0.022941,0.0957933,0.00225649,0.0235051,0.0589104,0.00247139,0.0159835,0.00359963,0.0571912,0.00824692,0.134718,0.0111213,0.0726374,0.105088,0.0127062,0.00437866,0.0121421,0.0114973,0.138478
89000,0,0,0,0,0,0,0,0,0,0,0,0,0,0,0,0,0,0,0,0,0,0,0,0,0,0,0,0,0,0,0,0,0,0,0,0,2.65006e-05,0.00604214,0,0,0,0,0,0,0,0,0,0,0,0,0.000768517,0,0,0.000503511,0,0,0,0,0,0,0.00121903,0.00159004,0,0.00294157,0.00185504,0.000503511,0.00673115,0.000318007,0.000715516,0.023983,0.00590963,0.00763217,0.0140718,0.0120843,0.000238505,0.00214655,0.00832119,0.0126938,0.068345,0.021439,0.0101232,0.0213595,0.106453,0.00177554,0.023506,0.0532397,0.00363058,0.0181529,0.00726116,0.0479926,0.00821518,0.131416,0.00837419,0.0670465,0.0984762,0.0107327,0.00302107,0.0148668,0.0148668,0.14941
89050,0,0,0,0,0,0,0,0,0,0,0,0,0,0,0,0,0,0,0,0,0,0,0,0,0,7.8495e-05,0,0,0,0,0,0,0,0,0,0,7.8495e-05,0.00711688,0,5.233e-05,0,0,0,0,0,0,0.000130825,0,0,0,0.00107276,0.000130825,0,5.233e-05,0,7.8495e-05,2.6165e-05,7.8495e-05,0,2.6165e-05,5.233e-05,0.00185771,0,0.00151757,0.00099427,0.000287815,0.00436955,0.00036631,0.00143907,0.0319736,0.00562547,0.007771,0.0138674,0.0114603,0.000654125,0.00528533,0.0103613,0.0126639,0.067872,0.01617,0.0130825,0.0202255,0.0837803,0.00211936,0.023313,0.0514142,0.00559931,0.0302991,0.00520683,0.0505508,0.00643659,0.119182,0.0144431,0.0611476,0.111175,0.00983804,0.00269499,0.0162485,0.0110155,0.158717
89100,0,0,0,0,0,0,0,0,0,0,0,0,0,0,0,0,0,0,0,0,0,0,0,0,0,5.13611e-05,0,0,0,0,0,0,0,0,0,0,0,0.00549563,0,0,0,0,0,0,0,0,5.13611e-05,0,0,0,0.001849,0.000102722,0,0,0,0,0,0,0,0,0.000205444,0.00606061,5.13611e-05,0.000693374,0.00133539,0.000513611,0.00521315,0.000308166,0.00159219,0.0272984,0.00652286,0.00577812,0.00988701,0.0194915,0.00192604,0.00546995,0.00932203,0.0165896,0.076451,0.0178223,0.0146893,0.016718,0.0761171,0.00156651,0.0186954,0.0556754,0.00439137,0.0213405,0.00536723,0.0496405,0.00439137,0.125732,0.0079096,0.0564458,0.120056,0.00631741,0.00513611,0.0139959,0.0102722,0.16546
89150,0,0,0,0,0,0,0,0,0,0,0,0,0,0,0,0,0,0,0,0,0,0,0,0,0,2.63741e-05,0,0,0,0,0,0,0,0,0,0,0,0.00424623,0,0,0,0,0,0,0,0,2.63741e-05,0,0,0,0.00247916,0,0,0,0,0,0,0,0,0,0.000474734,0.0020308,0,0.00187256,0.00205718,0.000685726,0.0044836,0.000342863,0.00139783,0.0258466,0.0072265,0.010998,0.00685726,0.0147695,0.000896719,0.00416711,0.0109189,0.0175388,0.0727134,0.0204663,0.0138991,0.0176706,0.0849246,0.00327039,0.0215213,0.0587615,0.00435172,0.0165102,0.00788585,0.0550164,0.00218905,0.13129,0.00738475,0.0603175,0.100538,0.00843971,0.00234729,0.0141101,0.0101277,0.166922
89200,0,0,0,0,0,0,0,0,0,0,0,0,0,0,0,0,0,0,0,0,0,0,0,0,0,0,0,0,0,0,0,0,0,0,0,0,0,0.00486566,0,0,0,0,0,0,0,0,0,0,0,0,0.00454485,0,0,0.000160406,0,0,2.67344e-05,0.000106938,0,0,0.000133672,0.00195161,0,0.00499933,0.001711,8.02032e-05,0.0032616,5.34688e-05,0.00160406,0.0276968,0.00580136,0.00727176,0.0076193,0.0158,0.000187141,0.00425077,0.00911643,0.0121641,0.0719155,0.0192755,0.0143831,0.0287662,0.09341,0.00278038,0.0195428,0.0516776,0.00491913,0.0217885,0.00347547,0.0512231,0.00467852,0.138083,0.0112552,0.0522123,0.0946665,0.00572116,0.00425077,0.0178318,0.00989173,0.164844
89250,0,0,0,0,0,0,0,0,0,0,0,0,0,0,0,0,0,0,0,0,0,0,0,0,0,0,0,0,0,0,0,0,0,0,0,0,0,0.00493647,0,0,0,0,0,0,0,0,0,0,0,0,0.00145666,0,0,0.000350678,5.39505e-05,0,0,5.39505e-05,0,0,0,0.000944134,0,0.00644709,0.00183432,0,0.00472067,0.000134876,8.09258e-05,0.0276766,0.00388444,0.00442394,0.0103315,0.0159154,0.00105204,0.00488252,0.0099269,0.0183432,0.0759893,0.0208789,0.0146745,0.0224434,0.0858353,0.00391141,0.0213644,0.0535998,0.00652801,0.0169135,0.00253567,0.0390872,0.00248172,0.137115,0.00852418,0.0688948,0.0988643,0.00709449,0.00598851,0.016347,0.00930647,0.164171
89300,0,0,0,0,0,0,0,0,0,0,0,0,0,0,0,0,0,0,0,0,0,0,0,0,0,0,0,0,0,0,0,0,0,0,0,0,0,0.00672497,0,2.65809e-05,0,0,0,0,0,0,0,0,0,0,0.00215305,0.000159485,0,7.97427e-05,5.31618e-05,0,5.31618e-05,0.000106324,2.65809e-05,0.000239228,0,0.0022328,0,0.00425294,0.000398713,0.000239228,0.0077882,0.000425294,0.000637942,0.0221685,0.00531618,0.00539592,0.0102336,0.0195104,0.00132904,0.00462508,0.0104463,0.0147524,0.0828792,0.0209192,0.014965,0.0194572,0.0845538,0.00209989,0.0285745,0.0568831,0.00744265,0.0235773,0.00265809,0.0463039,0.00430611,0.117541,0.00845273,0.0741607,0.1013,0.011669,0.00433269,0.0173573,0.00831982,0.142872
89350,0,0,0,0,0,0,0,0,0,0,0,0,0,0,0,0,0,0,0,0,0,0,0,0,0,0,0,0,0,0,0,0,0,0,0,0,0,0.00789649,0,0,0,0,0,0,0,0,0,0,0,0,0.000720288,0,0,0,0,0,0,0.000293451,0,0,5.33547e-05,0.000907029,0,0.00288115,0.000533547,0.000186741,0.00437508,0.000480192,0.000640256,0.0182473,0.00586901,0.00669601,0.0128318,0.0171002,0.00109377,0.00485528,0.0117647,0.0110711,0.0805656,0.0181673,0.0129118,0.0189676,0.078298,0.00290783,0.0278511,0.0463652,0.00466853,0.0229425,0.00272109,0.0358277,0.00384154,0.129599,0.0143524,0.0714953,0.114686,0.00837668,0.00461518,0.0199813,0.00762972,0.164733
89400,0,0,0,0,0,0,0,0,0,0,0,0,0,0,0,0,0,0,0,0,0,0,0,0,0,0,0,0,0,0,0,0,0,0,0,0,0,0.0063581,0,0,0,0,0,0,0,0,0,0,0,0,0.00048494,0,5.38822e-05,0,0,0,0,0.000269411,2.69411e-05,0,0.000107764,0.00126623,0,0.00571151,0.00274799,0.000296352,0.0059001,0.000781292,0.00185894,0.0145213,0.00708551,0.00598093,0.0148715,0.0161108,0.0010507,0.00210141,0.00676222,0.0122851,0.0822243,0.0202328,0.0157067,0.0246781,0.0766744,0.00245164,0.0302279,0.050784,0.00848645,0.018293,0.00479552,0.0467428,0.00307129,0.12692,0.0139824,0.0705588,0.115685,0.00867504,0.00193976,0.0175656,0.00940245,0.14427
89450,0,0,0,0,0,0,0,0,0,0,0,0,0,0,0,0,0,0,0,0,0,0,0,0,0,2.72814e-05,0,0,0,0,0,0,0,0,0,0,0,0.00564725,0,0,0,0,0,0,0,0.00019097,0,0,0,0,0.0026463,0,0,2.72814e-05,0,0,0,0.000245533,0,0,0.000327377,0.000409221,0.000163688,0.00441959,0.00428318,0.000518347,0.00534716,0.00038194,0.000109126,0.0217433,0.00952121,0.00769336,0.0106125,0.0163143,0.000791161,0.00275542,0.00911199,0.010667,0.0687491,0.0237348,0.016969,0.0239804,0.0896467,0.00302824,0.0325194,0.0510708,0.00578366,0.0179239,0.00379212,0.0406766,0.00319192,0.128195,0.0112672,0.0768517,0.10427,0.00638385,0.00207339,0.0179239,0.00758423,0.15043
89500,0,0,0,0,0,0,0,0,0,0,0,0,0,0,0,0,0,0,0,0,0,0,0,0,0,0,0,0,0,0,0,0,0,0,0,0,0,0.00554419,0,8.07407e-05,0,0,0,0,0,5.38271e-05,0,0,0,0,0.00169555,0,0,0.000107654,0,0,0,0.000861234,0,0,0.000322963,0.00169555,5.38271e-05,0.00212617,0.00107654,0.000672839,0.00368716,0,2.69136e-05,0.0181128,0.00885456,0.0134299,0.00909678,0.0197815,0.0013995,0.00193778,0.0113037,0.0107116,0.0757347,0.0195662,0.00920444,0.0216923,0.0970234,0.00392938,0.0327538,0.0557111,0.00363333,0.0221229,0.00678222,0.043277,0.00352568,0.127516,0.0159059,0.0777802,0.0919367,0.00519432,0.00336419,0.016175,0.00915061,0.145387
89550,0,0,0,0,0,0,0,0,0,0,0,0,0,0,0,0,0,0,0,0,0,0,0,0,0,0.000105809,0,0,0,0,0,0,0,0,0,0,0,0.00542271,0,0.000211618,5.29045e-05,0,0,0,0,0.00023807,0,0,0,0,0.0029891,0,0,2.64522e-05,0,0,0,0.000687758,0,2.64522e-05,2.64522e-05,0.0024336,0,0.00322717,0.00367686,0.00126971,0.00280394,0.000449688,0.000105809,0.0168236,0.00896731,0.0120358,0.00785631,0.0189133,0.000211618,0.00174585,0.0117712,0.0127235,0.0768702,0.0158184,0.00727436,0.0176436,0.0862872,0.00362396,0.0275103,0.0471114,0.00351815,0.0241773,0.00735372,0.0424558,0.00372976,0.144456,0.0123267,0.0787483,0.0938525,0.00380912,0.00224844,0.0153158,0.004153,0.166914
89600,0,0,0,0,0,0,0,0,0,0,0,0,0,0,0,0,0,0,0,0,0,0,0,0,0,0,0,0,0,0,0,0,0,0,0,0,0,0.00549336,0,0.000650872,0,0,0,0,0,0.00010414,0,0,0,0,0.00229107,0,0,0.000156209,0,0,0,0.000937256,0,0.000156209,2.60349e-05,0.000885186,0,0.00354074,0.00203072,0.00143192,0.00364488,0.000989326,0.000442593,0.02088,0.00822702,0.012679,0.00744598,0.0185108,0.000364488,0.00356678,0.0137204,0.0128612,0.0762822,0.0152825,0.00991929,0.0196824,0.0886488,0.00356678,0.0351731,0.045509,0.00372299,0.0177818,0.00518094,0.045535,0.00361885,0.137152,0.0114033,0.0731841,0.0879198,0.00590992,0.00351471,0.0178339,0.00749805,0.164645
89650,0,0,0,0,0,0,0,0,0,0,0,0,0,0,0,0,0,0,0.00032969,0,0,0,0,0,0,0,0,0,0,0,0,0,0,0,0,0,0,0.0061373,0,5.07215e-05,0,0,0,0,0,0,0,0,0,0,0.00106515,5.07215e-05,0,0.000710101,0,0,0,5.07215e-05,0,0,2.53608e-05,0.000405772,0,0.00664452,0.00398164,0.000532576,0.00464102,0.000481854,0.000887626,0.0155461,0.00971317,0.0140752,0.00773503,0.013847,0.000152165,0.00441277,0.00857194,0.012376,0.0815095,0.016028,0.00755751,0.0247521,0.0935558,0.00337298,0.0347189,0.0411098,0.00491999,0.021303,0.00276432,0.0493013,0.00461566,0.146915,0.0135173,0.0635541,0.0855418,0.00433669,0.00514823,0.0167381,0.00760823,0.158708
89700,0,0,0,0,0,0,0,0,0,0,0,0,0,0,0,0,0,0,0,0,0,0,0,0,0,0,0,0,0,0,0,0,0,0,0,0,0,0.00587771,0,0.000152668,0,0,0,0,0,0,0,2.54446e-05,0,0,0.000687005,2.54446e-05,0,0.000229002,5.08893e-05,0,0,7.63339e-05,0,0.000127223,0,0.00173024,0,0.00539426,0.00256991,0.000483448,0.0056996,0.000407114,0.00129768,0.0226966,0.00916007,0.0105341,0.00880385,0.0200504,0.000687005,0.00218824,0.00888018,0.017684,0.0720847,0.0163864,0.00949085,0.0219587,0.0929747,0.00552149,0.0311951,0.0368947,0.0033078,0.0228747,0.00407114,0.0516272,0.00544515,0.126434,0.0138419,0.0712705,0.0890817,0.00610671,0.00620849,0.0145289,0.00954174,0.163635
89750,0,0,0,0,0,0,0,0,0,0,0,0,0,0,0,0,0,0,0,0,0,0,0,0,0,0,0,0,0,0,0,0,0,0,0,0,0,0.00431226,0,0,0,0,0,0,0,0,0,0,0,0,0.00120743,0,0,0.00115815,0,0,0,0,0.00017249,7.39244e-05,4.92829e-05,0.00105958,7.39244e-05,0.0043369,0.000689961,0.000862451,0.00862451,0.000566754,0.00263664,0.0231383,0.00771278,0.00896949,0.00786063,0.0214134,0.000591395,0.000985659,0.0125425,0.0184072,0.0740476,0.0234587,0.0101276,0.0235572,0.0774235,0.00628357,0.0275492,0.0432211,0.00571682,0.0186289,0.00529792,0.0605687,0.00478044,0.11786,0.0121236,0.0778917,0.0851856,0.0033266,0.00359765,0.0165591,0.0164605,0.158888
89800,0,0,0,0,0,0,0,0,0,0,0,0,0,0,0,0,0,0,0,0,0,0,0,0,0,0,0,0,0,0,0,0,0,0,0,0,0,0.00445931,0,7.60109e-05,7.60109e-05,0,0,2.5337e-05,0,0,0,0,0,0,0.000684099,2.5337e-05,0,0.00050674,0,0,0,0,0.000228033,0,0.000456066,0.000937468,0,0.00499139,0.000937468,0.00106415,0.00641026,0.000354718,0.00202696,0.0209283,0.00795581,0.00843721,0.00727171,0.0170518,0.000962805,0.00212831,0.011503,0.0171531,0.0755802,0.0288081,0.0146194,0.0190534,0.0749975,0.0053461,0.0284281,0.046544,0.00481403,0.0165197,0.00610621,0.0495591,0.00501672,0.1316,0.00942536,0.0716276,0.0938735,0.00339516,0.00539678,0.0162157,0.00952671,0.166895
89850,0,0,0,0,0,0,0,0,0,0,0,0,0,0,0,0,0,0,0,0,0,0,0,0,0,0,0,0,0,0,0,0,0,0,0,0,0,0.00585721,0,7.54148e-05,0,0,0,0,0,0,0,0,0,0,0.00424837,0,0,0.000301659,0,0,0,0,2.51383e-05,0,0.000276521,0.000251383,0,0.00568125,0.00140774,0.0011815,0.00565611,2.51383e-05,0.0013826,0.0194067,0.00786828,0.007818,0.00829563,0.0223228,0.000276521,0.00324284,0.0102815,0.0213172,0.0896179,0.0220965,0.0178482,0.018552,0.0878079,0.0042735,0.0248366,0.0477376,0.00502765,0.0180995,0.00635998,0.0522373,0.00334339,0.120387,0.0111614,0.0652841,0.0954248,0.00367019,0.00854701,0.0188537,0.00960282,0.142031
89900,0,0,0,0,0,0,0,0,0,0,0,0,0,0,0,0,0,0,0,0,0,0,0,0,0,0,0,0,0,0,0,0,0,0,0,0,0,0.00601663,0,0.000981253,0,0,0,0,0,0,0.00010329,0,0,0,0.000774673,0,0,0,0,0,0,0,0,0,0.00020658,0.00142023,2.58224e-05,0.0052936,0.00170428,0.00170428,0.00524196,0,0.0010329,0.0179724,0.00766927,0.0093219,0.0107938,0.0240665,0.000568094,0.00242731,0.00795331,0.0173785,0.0752982,0.0194701,0.017301,0.0178433,0.0839746,0.00653308,0.0233177,0.0413934,0.00531942,0.0202706,0.00537107,0.0609926,0.00568094,0.116563,0.0133502,0.0763828,0.094381,0.00436399,0.0118783,0.0206063,0.00981253,0.14724
89950,0,0,0,0,0,0,0,0,0,0,0,0,0,0,0,0,0,0,0,0,0,0,0,0,0,0,0,0,0,0,0,0,0,0,0,0,0,0.00640162,0,0.000907112,0,0,0,0,0,0,0,0,2.59175e-05,0,0.000803442,0,0,2.59175e-05,0,0,0,0,0.000129587,0,0.000129587,0.00101078,0,0.00707547,0.00196973,0.000362845,0.00596102,0,0.000285092,0.0139177,0.0112482,0.00870827,0.00837135,0.0223149,0.000362845,0.00298051,0.00933029,0.0153431,0.0742536,0.0170019,0.0140991,0.0248549,0.0854758,0.00746423,0.0265395,0.0442411,0.00622019,0.0209672,0.00461331,0.0525866,0.00357661,0.132464,0.0109631,0.069718,0.0886896,0.00375803,0.00883786,0.0205007,0.00671263,0.158796
90000,0,0,0,0,0,0,0,0,0,0,0,0,0,0,0,0,0,0,0,0,0,0,0,0,0,0,0,0,0,2.54369e-05,0,0,0,0,0,0,0,0.00544349,0,0.000178058,0,0,0,0,0,0,0,0,0,0,0.00114466,0,0,2.54369e-05,0,0,0,0,0.000508738,0,0.000305243,0.00134815,0,0.00567242,0.00114466,0.000483301,0.00763106,5.08738e-05,0.000559611,0.0119299,0.0137868,0.00819067,0.011701,0.0197136,0.000254369,0.00498563,0.0111414,0.0184672,0.076972,0.014499,0.0165848,0.0171953,0.0923359,0.00732582,0.0296085,0.0508483,0.00623204,0.0160507,0.00760563,0.0566988,0.00228932,0.127286,0.0125149,0.0581233,0.0885966,0.00424796,0.00602854,0.0156182,0.00908097,0.159566
90050,0,0,0,0,0,0,0,0,0,0,0,0,0,0,0,0,0,0,0,0,0,0,0,0,0,0,0,0,0,0,0,0,0,0,0,0,0,0.00304965,0,2.58445e-05,0,0,0,0,0,0,0,0.000103378,0,0,0.000775334,0,0,0.000155067,0,0,0,0,0.000129222,0,7.75334e-05,0.000930401,0,0.00447109,0.00271367,0.000542734,0.00863205,0.000180911,0.000180911,0.0148347,0.012302,0.00785672,0.0108547,0.0185563,2.58445e-05,0.00390251,0.0118368,0.0134391,0.0647145,0.015455,0.0185822,0.0123795,0.0987517,0.00821854,0.0309875,0.0476572,0.00297211,0.0214509,0.00687463,0.0646629,0.00392836,0.119376,0.0123537,0.0576332,0.0911276,0.00449694,0.00436772,0.0210374,0.00883881,0.168558
90100,0,0,0,0,0,0,0,0,0,0,0,0,0,0,0,0,0,0,0,0,0,0,0,0,0,0,0,0,0,0,0,0,0,0,0,0,0,0.00415561,0,2.68104e-05,0,0,0,0,0,0,0,0,0,0,0.000187673,0,0,0.000321724,0,0,0,0,0,0,2.68104e-05,0.000455776,0,0.00434328,0.00187673,0.00184992,0.00667578,2.68104e-05,0.000134052,0.0173999,0.00855251,0.00624682,0.00804311,0.0200273,0.00072388,0.00308319,0.0119574,0.0175876,0.0677766,0.0196788,0.0158717,0.0160326,0.0872141,0.00718518,0.0302689,0.0494383,0.00445052,0.0232446,0.00364621,0.0574546,0.0025738,0.115901,0.012306,0.0471594,0.105472,0.00372664,0.00190354,0.0191426,0.00941044,0.186439
90150,0,0,0,0,0,0,0,0,0,0,0,0,0,0,0,0,0,0,0,0,0,0,0,0,0,0,0,0,0,0,0,0,0,0,0.000103381,0,0,0.00475551,0,0,0,0,0,0,0,0,0,0,0,0,0.000155071,0,0.000232606,0.000413522,0,2.58451e-05,0,0,0,0,0,0.000491058,2.58451e-05,0.00839967,0.00325649,0.00090458,0.00527241,0,0.000387677,0.0143699,0.00992453,0.0104931,0.00870981,0.015352,0.000361832,0.00395431,0.0104931,0.0215032,0.0738137,0.0239326,0.0117854,0.0205469,0.0847204,0.00659051,0.0353303,0.0499845,0.00540163,0.021529,0.00354078,0.0503722,0.00204177,0.0995038,0.0125866,0.0512767,0.0940246,0.00416107,0.00325649,0.0168252,0.0102864,0.198904
90200,0,0,0,0,0,0,0,0,0,0,0,0,0,0,0,0,0,0,0,0,0,0,0,0,0,0,0,0,0,0,0,0,0,0,0,0,0,0.00539882,0,0,0,0,0,0,0,0,0,7.93945e-05,0,0,0.000688086,0,2.64648e-05,0.000344043,0,0,0,2.64648e-05,0,2.64648e-05,2.64648e-05,0.000344043,0.000979199,0.00693378,0.00145557,0.000449902,0.00582226,7.93945e-05,0.000635156,0.0134706,0.0111417,0.0137617,0.01093,0.0177579,0.000105859,0.00238183,0.0107183,0.018049,0.0734399,0.0210925,0.0145027,0.0147674,0.0839994,0.00807177,0.0279204,0.053459,0.00502832,0.015773,0.00516064,0.046684,0.00211719,0.114407,0.0232097,0.0499391,0.0934738,0.00635156,0.00389033,0.0167522,0.0133383,0.184989
90250,0,0,0,0,0,0,0,0,0,0,0,0,0,0,0,0,0,0,0,0,0,0,0,0,0,0,0,0,0,0,0,0,0,0,0,0,0,0.0049393,0,0,0,0,0,0,0,0,0,7.79889e-05,0,0,0.000519926,0,0.000259963,0.000233967,0,0,2.59963e-05,0,0,0,0.000155978,0.00129982,0.000519926,0.00616113,0.00200172,0.00020797,0.00696701,2.59963e-05,0.00150779,0.014428,0.00980061,0.0146359,0.0103465,0.0203551,0.00098786,0.00252164,0.0115424,0.0135961,0.0669145,0.0145839,0.0177555,0.0165337,0.0946786,0.00720098,0.0204591,0.0526425,0.0042114,0.0160137,0.00870876,0.0514207,0.00239166,0.128942,0.0163777,0.056464,0.0724517,0.00655107,0.0056152,0.0195232,0.0132061,0.184236
90300,0,0,0,0,0,0,0,0,0,0,0,0,0,0,0,0,0,0,0,0,0,0,0,0,0,0,0,0,0,0,0,0,0,0,0,0,0,0.00367534,0,0,0,0,0,0,0,0,0,0,0,0,0.000411226,0,0.000514033,0.000565436,0,0,0,0,2.57017e-05,0,0.000488331,0.00354683,0.000539735,0.00675954,0.00143929,0.000745348,0.00668243,2.57017e-05,0.00205613,0.0197903,0.00953531,0.013442,0.00961242,0.019379,0.00030842,0.00218464,0.00976663,0.0125938,0.0681094,0.0226175,0.0153696,0.0182739,0.0916007,0.00920119,0.0254189,0.052123,0.00580857,0.0169374,0.0062712,0.044798,0.00257017,0.131875,0.0160378,0.0606045,0.0646911,0.0062198,0.00632261,0.023774,0.0124653,0.174823
90350,0,0,0,0,0,0,0,0,0,0,0,0,0,0,0,0,0,0,0,0,0,0,0,0,0,0,0,0,0,0,0,0,0,0,0,0,2.46506e-05,0.00313062,0,0,0,0,0,0,0,0,0,0.000147903,0,0,0.000369759,0,7.39517e-05,0.0023418,0,0,0,0,0,0,0.00135578,0.00248971,0.00103532,0.00549708,0.00150369,0.00322923,0.00372224,0,0.00115858,0.017428,0.0087263,0.0146917,0.00904676,0.0191042,0.00083812,0.00239111,0.0130895,0.0156038,0.0655705,0.0245027,0.0166145,0.0198684,0.0907141,0.00672961,0.026031,0.0520127,0.00522592,0.0153327,0.00645845,0.0493505,0.00374689,0.130352,0.0140015,0.0659649,0.0716592,0.00525057,0.00608869,0.0172308,0.0111174,0.169177
90400,0,0,0,0,0,0,0,0,0,0,0,0,0,0,0,0,0,0,0,0,0,0,0,0,0,0,0,0,0,0,0,0,0,0,0,0,0,0.00372914,0,0,0,0,0,0,0,0,0,0.000437209,0,0,0.000308618,0,0,0.000822982,0,0,2.57182e-05,0,0,0,0.000437209,0.00120875,0.000745827,0.00588946,0.00105445,0.00177455,0.00491217,0,0.00115732,0.0188771,0.00807551,0.0137849,0.00815266,0.0199316,0.000437209,0.00552941,0.0145308,0.0188771,0.0707764,0.0188514,0.0137078,0.0197516,0.0985521,0.00684104,0.0258982,0.0520279,0.00275185,0.0132449,0.00660957,0.0496618,0.005658,0.120927,0.0147622,0.071908,0.0720366,0.00385773,0.00758686,0.0184142,0.0146851,0.16079
90450,0,0,0,0,0,0,0,0,0,0,0,0,0,0,0,0,0,0,0,0,0,0,0,0,0,0,0,0,0,0,0,0,0,0,0,0,0,0.00349738,0,0,0,0,0,0,0,0,0,9.99251e-05,7.49438e-05,0.000174869,2.49813e-05,0,0,0.000474644,0,0,0,0,0,0,0.000574569,0.000849363,0.000924307,0.00619535,0.000949288,0.00192356,0.00594554,0,0.00117412,0.0174369,0.00701974,0.0105171,0.0062703,0.0222333,0.000149888,0.00542093,0.0121909,0.0177617,0.0761929,0.021384,0.0203098,0.0215338,0.0914314,0.00741944,0.0248314,0.0518361,0.00539595,0.0111167,0.0055958,0.0473395,0.00657007,0.124906,0.0137647,0.0696478,0.0810642,0.00202348,0.00504622,0.0201349,0.0130902,0.157482
90500,0,0,0,0,0,0,0,0,0,0,0,0,0,0,0,0,0,0,0,0,0,0,0,0,0,0,0,0,0,0,0,0,0,0,0,0,0,0.00354889,0,0,0,0,0,0,0,0,0,0,0,4.76361e-05,0.00011909,0,0,0.00133381,7.14541e-05,0,0,2.3818e-05,0,4.76361e-05,0.000523997,0.00173872,0.000214362,0.00564487,0.000690723,0.00178635,0.0058116,0,0.00192926,0.0182684,0.00714541,0.0117899,0.0077885,0.0176015,0.000643087,0.00459688,0.0104085,0.0176492,0.0699536,0.0168155,0.0150768,0.0269382,0.0867929,0.00857449,0.0264856,0.0563296,0.00516851,0.0116232,0.00712159,0.0503513,0.00252471,0.110754,0.0148148,0.0592116,0.0946529,0.00150054,0.00800286,0.0152912,0.00959867,0.182994
90550,0,0,0,0,0,0,0,0,0,0,0,0,0,0,0,0,0,0,0,0,0,0,0,0,0,0,0,0,0,0,0,0,0,0,0,0,0,0.00304659,0,0,0,0,0,0,0,0,0,0,0,0,0.000455789,0,0,0.000311855,0,0,9.59555e-05,0,0,0,2.39889e-05,0.000959555,0.000551744,0.00450991,0.0002159,0.00206304,0.00875594,4.79777e-05,0.00146332,0.0166003,0.00760447,0.0128101,0.00844408,0.0180876,0.000191911,0.00357434,0.0144413,0.0143693,0.0789474,0.021638,0.0171041,0.0246366,0.0925251,0.00498968,0.0244926,0.0395337,0.0049657,0.0177997,0.00640503,0.0497769,0.00383822,0.127117,0.015065,0.0608118,0.0894545,0.0019431,0.004318,0.0186873,0.00856403,0.168762
90600,0,0,0,0,0,0,0,0,0,0,0,0,0,0,0,0,0,0,0,0,0,0,0,0,0,0,0,0,0,0,0,0,0,0,0,0,0,0.00268637,0,0,0,0,0,0,0.000273611,0,0,0,0,0,0.000124369,0,0,0,0,0,0.00019899,0,0,0,0,0.00134318,0.000472602,0.00388031,9.94951e-05,0.00134318,0.00460165,0.00019899,0.00116907,0.0237296,0.00994951,0.0156705,0.00741238,0.0202721,0.000124369,0.00271124,0.0134816,0.0120638,0.0639505,0.0184066,0.0138298,0.0221128,0.0938736,0.00582046,0.0263413,0.0428575,0.00557172,0.0156705,0.00594483,0.047285,0.00480064,0.128896,0.0131582,0.0631545,0.0891227,0.00328334,0.00430316,0.0223864,0.0127354,0.174688
90650,0,0,0,0,0,0,0,0,0,0,0,0,0,0,0,0,0,0,0,0,0,0,0,0,0,0,0,0,0,0,0,0,0,0,0,0,0,0.0044985,0,0,0,0,0,0,0,0,0,0.000150788,0,0,0,0,2.51313e-05,2.51313e-05,0,0,0.000427232,0,0,0,0,0.00319168,0.000175919,0.00467442,0.00221156,0.00198537,0.0061823,0.000150788,0.000980121,0.0229198,0.0086703,0.0142746,0.00882109,0.019904,0.000125657,0.00316655,0.0131185,0.0145762,0.0735091,0.0136212,0.0120379,0.0198035,0.0856475,0.00437285,0.0217637,0.0506396,0.00791636,0.0181448,0.00660953,0.0498354,0.00515192,0.13013,0.0127667,0.0638838,0.0870297,0.00135709,0.00309115,0.0191249,0.0103792,0.172929
90700,0,0,0,0,0,0,0,0,0,0,0,0,0,0,0,0,0,0,0,0,0,0,0,0,0,0,0,0,0,0,0,0,0,0,0,0,0,0.00344845,0,0,0,0,0,0,0.000151027,0,0,0,0,0,0,0,2.51712e-05,2.51712e-05,2.51712e-05,0,0.000327225,0,0,0,0,0.00246677,2.51712e-05,0.00334776,0.00395187,0.00251712,0.00845751,2.51712e-05,0.00143476,0.0232833,0.0114025,0.0116039,0.00649416,0.0208417,0.000402739,0.00354913,0.00893576,0.0136679,0.0686669,0.0182491,0.0121325,0.0204893,0.0807491,0.00568868,0.0172171,0.0521043,0.00495872,0.0197845,0.00714861,0.0536649,0.00453081,0.124446,0.0104964,0.0714861,0.0833669,0.00266814,0.00551248,0.0241895,0.0104209,0.175619
90750,0,0,0,0,0,0,0,0,0,0,0,0,0,0,0,0,0,0,0,0,0,0,0,0,0,0,0,0,0,0,0,0,0,0,0,0,0,0.00519474,0,0,0,0,5.06804e-05,0,0,0,0,0.000126701,0,0,0.000506804,0,0.000405443,2.53402e-05,0,0,0.000481464,0,0,5.06804e-05,0,0.00139371,0.000177381,0.00362365,0.00205256,0.00174847,0.00869169,2.53402e-05,0.00192585,0.0225781,0.0140891,0.0110737,0.00653777,0.0224007,0.000278742,0.00544814,0.0138104,0.0168512,0.0806072,0.0132529,0.0106429,0.0182449,0.0857005,0.00570154,0.0170286,0.0495654,0.00590426,0.0206523,0.00696855,0.0469807,0.00314218,0.124699,0.0119099,0.0644908,0.0936573,0.00273674,0.00195119,0.0139118,0.00988267,0.17282
90800,0,0,0,0,0,0,0,0,0,0,0,0,0,0,0,0,0,0,0,0,0,0,0,0,0,0,0,0,0,0,0,0,0,0,0,0,0,0.0057591,0,0,0,0,0,0,2.45068e-05,0,0,0.000269575,0,4.90136e-05,0.000441122,0,0.000514643,0,0,0,0,0,0,0.000196054,0,0.0010783,0.000588163,0.00245068,0.00269575,0.00169097,0.0082833,0.000122534,0.00151942,0.0187722,0.0117878,0.0103664,0.00502389,0.0188702,0.000514643,0.00642078,0.0120083,0.0140914,0.0772699,0.0120328,0.0136503,0.0187967,0.0835927,0.00607769,0.0180615,0.0588408,0.00414165,0.0212719,0.00708247,0.052077,0.0032594,0.116309,0.0153413,0.0616346,0.101777,0.00196054,0.0025242,0.0136013,0.00950864,0.17765
90850,0,0,0,0,0,0,0,0,0,0,0,0,0,0,0,0,0,0,0,0,0,0,0,0,0,0,0,0,0,0,0,0,0,0,0,0,0,0.00588784,0,0.000215409,0,0,0,0,7.1803e-05,0,0,0.000239343,0,0,0.000957373,0,0.000406884,4.78686e-05,0,0,4.78686e-05,0,0,0.000311146,2.39343e-05,0.00205835,0.000239343,0.00217802,0.00071803,0.00134032,0.00696489,2.39343e-05,0.00282425,0.0248199,0.00945406,0.0140494,0.00820947,0.017137,0.0022977,0.00189081,0.013834,0.0167062,0.0729758,0.0147914,0.0147435,0.0226658,0.0814246,0.00555276,0.0190039,0.0597161,0.00466719,0.0209425,0.0071803,0.0538044,0.00263278,0.12319,0.0127809,0.0546899,0.0925062,0.00442785,0.00433211,0.0134272,0.0102678,0.171322
90900,0,0,0,0,0,0,0,0,0,0,0,0,0,0,0,0,0,0,0,0,0,0,0,0,0,0,0,0,0,0,0,0,0,0,0,0,0,0.00471272,0,0,0,0,0,0,2.44182e-05,0,2.44182e-05,4.88365e-05,0,0,0.000390692,2.44182e-05,2.44182e-05,0.000586038,0,0,0,0,0,0.000561619,0.000122091,0.00102557,0.000244182,0.00144068,0.00131858,0.000537201,0.00788709,0,0.00344297,0.0212683,0.00879056,0.0117208,0.00620223,0.0241496,0.00258833,0.000952311,0.0158719,0.0136498,0.067199,0.01448,0.0157498,0.0224404,0.0796279,0.00693478,0.0245647,0.0575049,0.00517667,0.0179962,0.00793593,0.0451982,0.00473714,0.12258,0.0151637,0.0552585,0.0895905,0.00390692,0.00405343,0.0135521,0.0121359,0.186604
90950,0,0,0,0,0,0,0,0,0,0,0,0,0,0,0,0,0,0,0,0,0,0,0,0,0,0,0,0,0,0,0,0,0,0,0,0,0,0.00508334,0,0.000195513,0,0,0,0,0.000219952,0,0,0.000122196,2.44391e-05,0,0,0,0.000317709,0.000659856,0.000366587,0,0,0,7.33174e-05,0.000391026,0,0.000659856,0.000171074,0.00300601,0.00219952,0.00134415,0.00569432,9.77565e-05,0.00371475,0.0172785,0.0107532,0.013246,0.00469231,0.0216531,0.00193069,0.00185737,0.0135393,0.0115841,0.0700425,0.0127328,0.013857,0.0158366,0.0753947,0.0061831,0.0244636,0.0472164,0.00520553,0.0208221,0.011853,0.0583362,0.0044968,0.107068,0.0126839,0.0665233,0.085317,0.00207733,0.00417909,0.0260521,0.0126595,0.196124
91000,0,0,0,0,0,0,0,0,0,0,0,0,0,0,0,0,0,0,0,0,0,0,0,0,0,0,0,0,0,0,0,0,0,0,0,0,0,0.00424265,0,9.92433e-05,0,0,0,0,2.48108e-05,0,0,0,2.48108e-05,0,2.48108e-05,0,0.000272919,0.00176157,0,0,0,0,0.000124054,0,0,0.000694703,7.44325e-05,0.00431708,0.00315097,0.00210892,0.00508622,0,0.00119092,0.0166232,0.0133482,0.0113634,0.00689741,0.0229252,0.000148865,0.00210892,0.0150602,0.0107927,0.0693959,0.0173924,0.0125791,0.0185585,0.071207,0.00714552,0.0200223,0.0454782,0.0048133,0.022032,0.00719514,0.0641608,0.00342389,0.113038,0.014688,0.0519539,0.092197,0.00352314,0.00414341,0.0239176,0.0125543,0.198114
91050,0,0,0,0,0,0,0,0,0,0,0,0,0,0,0,0,0,0,0,0,0,0,0,0,0,0,0,0,0,0,0,0,0,0,0,0,0,0.00425056,0,0,0,0,0,0,0.000121445,0,0,0,0,0,0.000510068,0,0.000121445,0.000582935,2.42889e-05,0,0,0,0.000145734,0,0.000145734,0.000898691,4.85779e-05,0.00677661,0.00102014,0.00211314,0.00735955,4.85779e-05,0.000437201,0.0152777,0.0137233,0.00949698,0.00927838,0.0211557,0.000534357,0.00228316,0.0146219,0.0156178,0.0623497,0.0166379,0.00888975,0.0240703,0.0821938,0.00869544,0.0151077,0.0456389,0.00400768,0.0203298,0.00408054,0.062204,0.00480921,0.117048,0.0127517,0.0508368,0.0835297,0.0037405,0.00626655,0.023876,0.0139904,0.202351
91100,0,0,0,0,0,0,0,0,0,0,0,0,0,0,0,0,0,0,0,0,0,0,0,0,0,0,0,0,0,0,0,0,0,0,0,0,0,0.00453922,7.09253e-05,0,0,0,0,0,2.36418e-05,0,0,0.000567403,0,0,0.00179678,0,0.000189134,0.000307343,0,4.72836e-05,0,0,2.36418e-05,0,0.000307343,0.000496477,0,0.00527212,0.0037354,0.00274245,0.004752,2.36418e-05,0.000732895,0.0155326,0.0074708,0.0112535,0.010757,0.0199064,0.00170221,0.00326257,0.0131685,0.0107097,0.0652513,0.0173531,0.00971677,0.0269989,0.0786326,0.0112298,0.0155326,0.0464088,0.00356991,0.0202374,0.00463379,0.0650858,0.00323892,0.113102,0.0139487,0.0438319,0.0830063,0.00139487,0.00444465,0.0203792,0.0188661,0.213745
91150,0,0,0,0,0,0,0,0,0,0,0,0,0,0,0,0,0,0,0,0,0,0,0,0,0,0,0,0,0,0,0,0,0,0,0,0,0,0.00353332,7.01984e-05,0,0,0,0,0,0.000163796,0,0,0.000163796,0,0,0.000397791,0,7.01984e-05,0.000538188,0,0,0,0,0,0,0.000163796,0.00046799,2.33995e-05,0.00306533,0.00201235,0.00210595,0.0044927,0.000163796,0.00149757,0.0115827,0.008728,0.0153969,0.010717,0.0175496,0.00091258,0.00259734,0.0115359,0.0109744,0.0667587,0.0182984,0.0091024,0.017222,0.0775927,0.0109276,0.0208489,0.0525318,0.00257394,0.0246864,0.00758143,0.0676713,0.00339292,0.120039,0.0137589,0.0488113,0.0848465,0.00126357,0.00514788,0.0184154,0.0173858,0.202218
91200,0,0,0,0,0,0,0,0,0,0,0,0,0,0,0,0,0,0,0,0,0,0,0,0,0,0,0,0,0,0,0,0,0,0,0,0,0,0.00457058,0,0,0,0,0,0,0.000263227,0,0,0,0,0,0.000382876,0,0.000191438,0.00105291,4.78595e-05,0,0,0,0,0,9.5719e-05,0.0008854,0,0.00277585,0.00198617,0.00095719,0.00229726,0.000287157,0.000335016,0.0150757,0.00995477,0.0131614,0.0114863,0.019431,0.000789681,0.00550384,0.0128024,0.00914116,0.0690373,0.0159851,0.00961976,0.0131135,0.0717414,0.00954797,0.0156022,0.0519754,0.00287157,0.0162004,0.00804039,0.0634138,0.00437914,0.122879,0.0130178,0.049391,0.103664,0.0037809,0.00533633,0.0221111,0.0169662,0.197851
91250,0,0,0,0,0,0,0,0,0,0,0,0,0,0,0,0,0,0,0,0,0,0,0,0,0,0,0,0,0,0,0,0,0,0,0,0,0,0.00337805,0,0,0,0,0,0,0,0,0,0.000197258,0,0,4.93145e-05,0,0.000739718,0.000838347,2.46573e-05,0,0,0.000172601,0,0,0.000369859,0.00115889,0,0.0030575,0.00130683,0.00165204,0.00433968,0.000246573,0.000591774,0.016619,0.00752047,0.00946839,0.00752047,0.0202929,0.00258901,0.00406845,0.0134875,0.0132903,0.0613966,0.0197012,0.00983825,0.0133396,0.077054,0.00702732,0.0178765,0.0438406,0.00401913,0.0186162,0.00466022,0.0685719,0.00281093,0.134604,0.0130437,0.0506953,0.0880264,0.00562186,0.00609034,0.0238682,0.0115149,0.204803
91300,0,0,0,0,0,0,0,0,0,0,0,0,0,0,0,0,0,0,0,0,0,0,0,0,0,0,0,0,0,0,0,0,7.12606e-05,0,0,0,0,0.00353928,0,0,0,0,0,2.37535e-05,0,0,0,0.00080762,0,0,0.000380057,0,0.000570085,0.000950141,0.000213782,0,0,0,0,2.37535e-05,0,0.0020428,2.37535e-05,0.00524953,0.00180527,0.00218533,0.00750612,0.000213782,0.000665099,0.0159861,0.0100477,0.0145372,0.00935889,0.0200242,0.00308796,0.00320673,0.0106178,0.0104991,0.0636832,0.0211169,0.0109741,0.0208081,0.0740635,0.00600964,0.0154873,0.0366517,0.00308796,0.0257251,0.00467945,0.0598827,0.00254163,0.134968,0.0111879,0.0560346,0.0833036,0.00275541,0.00351552,0.020143,0.0137533,0.205991
91350,0,0,0,0,0,0,0,0,0,0,0,0,0,0,0,0,0,0,0,0,0,0,0,0,0,0,0,0,0,0,0,0,0,0,0,0,0,0.00381894,0,0,0,0,0,0,0,0,0,0.000758893,0,0,0.000489608,0,0.00122402,0.000514088,0,0,0,0,0,0,0,0.00247252,0,0.00876398,0.00156675,0.00154227,0.00648731,0,0.000440647,0.0147862,0.0114813,0.00842126,0.00695243,0.0217876,0.00281525,0.00259492,0.00959632,0.00915567,0.05065,0.021812,0.0142721,0.0248231,0.0823766,0.00470024,0.0201963,0.0365737,0.00252148,0.0294499,0.00303557,0.0614948,0.00205635,0.131509,0.0110896,0.0545179,0.0898186,0.00247252,0.00342726,0.0180176,0.014321,0.205195
91400,0,0,0,0,0,0,0,0,0,0,0,0,0,0,0,0,0,0,0,0,0,0,0,0,0,0,0,0,0,0,0,0,2.38829e-05,0,0,0,2.38829e-05,0.00291371,0,0,0,0,0,0,0,0,0,0.000525423,0,0,0.000692603,0,0.00033436,0.000549306,0,0,0,0,0.000238829,0,0,0.00288983,4.77658e-05,0.00642449,0.00245994,0.00281818,0.00482434,2.38829e-05,0.000907549,0.0137804,0.00876502,0.00661556,0.0069738,0.0218767,0.00136132,0.00456163,0.00783358,0.00917103,0.0608058,0.0196556,0.0161926,0.022235,0.0773566,0.00640061,0.0216857,0.0442311,0.00374961,0.0304984,0.00217334,0.0663228,0.00231664,0.13083,0.0112488,0.0551933,0.0797688,0.00191063,0.00429892,0.0202766,0.0148074,0.201404
91450,0,0,0,0,0,0,0,0,0,0,0,0,0,0,0,0,0,0,0,0,0,0,0,0,0,0,0,0,0,0,0,0,0,0,0,0,0,0.00374035,0,0,0,0,0,0,0,0,0,0.000402443,0,0,0.000733867,0,0,0.000804886,0,0,0,0,0.000165712,0,0,0.0018465,0,0.00535013,0.00104162,0.0025567,0.00381137,9.46925e-05,0.000639174,0.0133516,0.0130912,0.00556318,0.00492401,0.0210691,0.00189385,0.00639174,0.00669949,0.00911415,0.0716349,0.0205483,0.0139435,0.0211164,0.0837792,0.0057289,0.0227262,0.0410492,0.00416647,0.0253539,0.0040481,0.0629468,0.00357464,0.125302,0.0142039,0.0642725,0.0777899,0.00357464,0.0031722,0.01695,0.0127125,0.19812
91500,0,0,0,0,0,0,0,0,0,0,0,0,0,0,0,0,0,0,0,0,0,0,0,0,0,0,0,0,0,0,0,0,2.36737e-05,0,0.000142042,0,0,0.00362207,0,0,0,0,0,0,0,0,0,7.1021e-05,0,0,0.00125471,0,0,0.000402453,0,0,0,2.36737e-05,2.36737e-05,0,0,0.00106532,0,0.0048531,0.00303023,0.00172818,0.00366942,0.000118368,0.000165716,0.0126417,0.0131152,0.00797803,0.00691272,0.0161691,0.00333799,0.0039535,0.0121446,0.00954049,0.0609834,0.0159561,0.0141332,0.0233186,0.0849885,0.0101087,0.0185365,0.0548756,0.00617883,0.0271537,0.00556332,0.0632561,0.00501882,0.115243,0.0196255,0.0542601,0.0752586,0.00428494,0.00546862,0.0186549,0.0170214,0.194124
91550,0,0,0,0,0,0,0,0,0,0,0,0,0,0,0,0,0,0,0,0,0,0,0,0,0,0,0,0,0,0,0,0,7.29927e-05,0,0,0,0,0.00462287,0,0,0,0,0,0,0,0,0,0.000340633,2.43309e-05,0,0.000851582,0,0,0.00107056,0,0,0,0.000121655,0,0.000340633,0,0.00141119,4.86618e-05,0.00360097,0.00201946,0.00158151,0.00301703,4.86618e-05,0.00053528,0.0105596,0.00997567,0.00980535,0.0110949,0.0242336,0.00223844,0.00333333,0.0102433,0.00749392,0.0675669,0.0194647,0.0112165,0.0290511,0.0885401,0.00861314,0.0270803,0.0467153,0.00403893,0.022944,0.00420925,0.0613139,0.00552311,0.114039,0.0150608,0.0554988,0.0783942,0.00355231,0.00493917,0.0160584,0.0186861,0.188808
91600,0,0,0,0,0,0,0,0,0,0,0,0,0,0,0,0,0,0,0,0,0,0,0,0,0,0,0,0,0,0,0,0,0,0,0,0,0,0.00541901,0,0,0,0,0,0,0,0,0,0.000266112,9.6768e-05,0,0.00125798,0,2.4192e-05,0.00108864,0,2.4192e-05,0,0.000338688,0.000169344,0.000145152,0,0.000749952,0,0.00515289,0.00254016,0.00116122,0.00508032,0.00024192,0.00108864,0.016765,0.0101364,0.0131846,0.00931392,0.0168618,0.00285465,0.00324173,0.00730598,0.0105961,0.0746565,0.0194746,0.00987033,0.0219179,0.0760596,0.00585446,0.0284256,0.0468357,0.00457229,0.0233211,0.00534643,0.0570447,0.00520128,0.120694,0.0168618,0.0535127,0.0755032,0.00508032,0.0063383,0.0152168,0.0185311,0.194576
91650,0,0,0,0,0,0,0,0,0,0,0,0,0,0,0,0,0,0,0,0,0,0,0,0,0,0,0,0,0,0,0,0,0,0,0,0,0,0.00346054,0,0,0,0,0,0,0,0,0,0.000459792,0,0,0.000241996,4.83992e-05,0.000145198,0.000871186,0,0,0,0.000217796,0,0,0,0.000967984,0,0.0059289,0.00324275,0.00113738,0.00520291,0.000145198,0.000919585,0.0176899,0.00880865,0.0125354,0.00963144,0.0169397,0.00302495,0.00418653,0.00759867,0.00786487,0.0777049,0.0190209,0.012366,0.0211504,0.0766643,0.00684849,0.0216586,0.0529971,0.00561431,0.0197469,0.0060015,0.0454468,0.00689689,0.121627,0.0183675,0.0526825,0.0864894,0.00556591,0.00493672,0.021465,0.0151005,0.190378
91700,0,0,0,0,0,0,0,0,0,0,0,0,0,0,0,0,0,0,0,0,0,0,0,0,0,0,0,0,0,0,0,0,0,0,0,0,0,0.00466334,0,0,0,0,0,0,0.000166548,0,2.37925e-05,0.000618606,0,0,0.000499643,0,0,0.00168927,0,0,0,0.000642398,0,0,0,0.00109446,0,0.00609089,0.00271235,0.000713776,0.00766119,7.13776e-05,0.0025458,0.0140376,0.00670949,0.0086129,0.00835118,0.0170592,0.00290269,0.00342612,0.0103498,0.00587675,0.0680704,0.0150131,0.0186058,0.0153938,0.081418,0.00675708,0.0252439,0.0509398,0.00335475,0.0203188,0.00642398,0.0508446,0.0123721,0.132548,0.0157744,0.0577921,0.0813942,0.00504402,0.00437783,0.0120866,0.0194385,0.190269
91750,0,0,0,0,0,0,0,0,0,0,0,0,0,0,0,0,0,0,0,0,0,0,0,0,0,0,0,0,0,0,0,0,0,0,0,0,0,0.00306137,0,0,0,0,0,0,0.000261047,0,0,0.000593289,0.000332242,0,0.00154255,0,0,0.00109165,0,0,0,9.49262e-05,0,0,4.74631e-05,0.00170867,2.37315e-05,0.00749917,0.00306137,0.000901799,0.00498363,0,0.00246808,0.013883,0.00593289,0.00991979,0.00916038,0.0146424,0.00194599,0.00230196,0.00806873,0.00738051,0.065594,0.0163273,0.012815,0.0165409,0.0737577,0.00721439,0.0261996,0.0487683,0.00232569,0.0246096,0.0093265,0.0529925,0.00780768,0.12694,0.0166833,0.056932,0.0834164,0.00562438,0.00325122,0.0155916,0.0147848,0.21159
91800,0,0,0,0,0,0,0,0,0,0,0,0,0,0,0,0,0,0,0,0,0,0,0,0,0,0,0,0,0,0,0,0,0,0,0,0,0,0.00325495,0,0,0,0,0,0,0.000188693,0,0,0.00113216,0,0,0.00143878,0,0,0.00207562,0,0.000235866,0,0,0,2.35866e-05,0.000495318,0.00155671,0,0.00511829,0.00278322,0.000259452,0.00688728,4.71731e-05,0.00212279,0.0134679,0.00747694,0.0114631,0.0120292,0.0183739,0.00337288,0.00344364,0.00827889,0.00922235,0.0664434,0.0255678,0.0136802,0.0171003,0.0657122,0.00648631,0.0222186,0.048211,0.00436352,0.0233743,0.00622686,0.056537,0.00641555,0.135576,0.0137274,0.0564427,0.0767507,0.00587306,0.00195769,0.01894,0.0162511,0.197396
91850,0,0,0,0,0,0,0,0,0,0,0,0,0,0,0,0,0,0,0,0,0,0,0,0,0,0,0,0,0,0,0,0,0,0,0,0,0,0.00625457,0,0,0,0,0,0,0.000228269,0,0,0.000159788,2.28269e-05,0,0.00139244,0,0,0.00203159,0,2.28269e-05,0,0,0,9.13075e-05,2.28269e-05,0.00184898,0,0.00367513,0.00132396,0.000433711,0.00643718,0,0.00111852,0.012258,0.0108884,0.00954164,0.0138103,0.0209779,0.00506757,0.00278488,0.00940467,0.00956446,0.0758766,0.0231465,0.0130341,0.016344,0.0667458,0.0081492,0.0194028,0.0505615,0.00351534,0.0279173,0.00572955,0.0528899,0.008834,0.13146,0.0124863,0.0545106,0.0744841,0.00780679,0.00141527,0.0152712,0.0109797,0.200078
91900,0,0,0,0,0,0,0,0,0,0,0,0,0,0,0,0,0,0,0,0,0,0,0,0,0,0,0,0,2.35239e-05,0,0,0,0,0,0,0,0,0.00684545,0,0,0,0,0,0,0.000211715,0,0,9.40955e-05,2.35239e-05,0,0.00112915,0,0.000188191,0.00131734,0,0,0,0,0,0.000188191,0,0.00192896,0,0.00442249,0.000635145,0.00112915,0.00816279,2.35239e-05,0.000376382,0.0131263,0.0103035,0.0103976,0.00891555,0.0261586,0.00404611,0.00444601,0.0078805,0.00860974,0.0652552,0.0151964,0.0160198,0.0153611,0.0628088,0.0068925,0.0219713,0.0514938,0.00258763,0.0292872,0.00444601,0.0559868,0.0112444,0.140485,0.0128676,0.0582686,0.0768525,0.00583392,0.00176429,0.0166314,0.0144672,0.193696
91950,0,0,0,0,0,0,0,0,0,0,0,0,0,0,0,0,0,0,0,0,0,0,0,0,0,0,0,0,0,0,0,0,0,0,0,0,0,0.00528978,0,0,0,0,0,0,0.000346492,0,0,0.000138597,0,0,0.000600587,0,2.30995e-05,0.00328013,0,2.30995e-05,0,2.30995e-05,0,0,0,0.00217135,0.000346492,0.00330323,0.00145527,0.000739184,0.00833892,0,0.00143217,0.0132591,0.0114111,0.01021,0.00947079,0.0194498,0.004412,0.0043427,0.00563628,0.0112957,0.0607979,0.0215518,0.0106489,0.0170243,0.0674967,0.00933219,0.0270957,0.0558777,0.00302603,0.0310457,0.00496639,0.0535215,0.00796932,0.136356,0.0115035,0.054561,0.0726941,0.00404241,0.00413481,0.0145065,0.0159617,0.198887
92000,0,0,0,0,0,0,0,0,0,0,0,0,0,0,0,0,0,0,0,0,0,0,0,0,0,0,0,0,0,0,0,0,0,0,0,0,0,0.00515101,0,0,0,0,0,0,0.000317684,0,0,0.000317684,0,0,0.000385759,0,0.00013615,0.00154303,0,0,0,0,0,0,0,0.00179264,0,0.0038349,0.00247339,0.00124804,0.00510563,0,0.00276839,0.0132066,0.00984819,0.011187,0.00553677,0.0255735,0.00397105,0.00882707,0.00528716,0.00853207,0.0579092,0.015158,0.0127527,0.018471,0.0617214,0.00789671,0.0264812,0.0538247,0.00363067,0.0243028,0.00571831,0.05623,0.00850938,0.137557,0.0150446,0.0590665,0.0726134,0.00449295,0.00335837,0.0177222,0.0164061,0.204089
92050,0,0,0,0,0,0,0,0,0,0,0,0,0,0,0,0,0,0,0,0,0,0,0,0,0,0,0,0,0,0,0,0,0,0,0,0,0,0.00488469,0,0,0,0,0,0,4.69682e-05,0,0,2.34841e-05,0,0,0.000681039,0,0.000211357,0.00154995,2.34841e-05,0.000446198,4.69682e-05,0.000187873,2.34841e-05,7.04523e-05,0,0.002959,4.69682e-05,0.00169086,0.00100982,0.00415669,0.00394533,0.000140905,0.000751491,0.0140435,0.00927622,0.00711568,0.00807853,0.0210183,0.00246583,0.00535438,0.00601193,0.0109201,0.0658494,0.0140435,0.0114133,0.0149124,0.0753605,0.00671645,0.0272885,0.0475318,0.00183176,0.0189282,0.00784369,0.0565027,0.0056127,0.130736,0.0172843,0.0639472,0.0705228,0.00305293,0.00324081,0.0183411,0.0146071,0.217251
92100,0,0,0,0,0,0,0,0,0,0,0,0,0,0,0,0,0,0,0,0,0,0,0,0,0,0,0,0,0,0,0,0,0,0,0,0,0,0.00481988,0,0,0,0,0,0,0,0,0,4.52571e-05,0,0,0.000633599,0.000248914,4.52571e-05,0.00156137,0,0,0,0,0,0.000203657,0,0.00108617,4.52571e-05,0.00273805,0.000724113,0.0019008,0.00608707,0,0.00092777,0.0187138,0.00948135,0.00993392,0.0150932,0.0243483,0.00196868,0.00486513,0.00749004,0.0142786,0.0731807,0.0140976,0.00746741,0.0197773,0.0783173,0.00651702,0.0313631,0.0523398,0.00151611,0.0159305,0.0062681,0.0492397,0.00380159,0.12552,0.0190532,0.0559377,0.0672972,0.00423154,0.00601919,0.0167451,0.0140523,0.204087
92150,0,0,0,0,0,0,0,0,0,0,0,0,0,0,0,0,0,0,0,0,0,0,0,0,0,0,0,0,0,0,0,0,0,0,0,0,0,0.00497906,2.32666e-05,0,0.000186133,0,0,0,2.32666e-05,0,0,0,0,0,0.0014658,0,0,0.000465333,2.32666e-05,0,0,0,0,0.000162866,0.000255933,0.000581666,4.65333e-05,0.00290833,0.0018846,0.000767799,0.00344346,4.65333e-05,0.000511866,0.0172406,0.00830619,0.0150535,0.0165658,0.0226617,0.00274546,0.00397859,0.00763146,0.0125407,0.0684504,0.0180782,0.00967892,0.0225221,0.0764542,0.00621219,0.0284318,0.049302,0.00186133,0.0173104,0.00516519,0.0526757,0.00358306,0.127082,0.0190321,0.0590973,0.063611,0.00351326,0.00637506,0.0124942,0.0178455,0.206724
92200,0,0,0,0,0,0,0,0,0,0,0,0,0,0,0,0,0,0,0,0,0,0,0,0,0,0,0,0,0,0,0,0,0,0,0,0,4.56757e-05,0.00381392,0,0,0,0,0,0,0.000296892,2.28378e-05,0,0,0,0,0.000639459,0,0,2.28378e-05,0,2.28378e-05,0,0,0,0.000114189,0.000182703,0.000685135,0,0.00353986,0.00203257,0.00210108,0.00502432,0,0.000411081,0.0168772,0.0098431,0.010277,0.0131546,0.018864,0.00392811,0.00783338,0.0100258,0.018864,0.0688104,0.0184301,0.0079704,0.0166259,0.0748852,0.0109393,0.0305799,0.0431178,0.00127892,0.0181332,0.00527554,0.0536689,0.00303743,0.133304,0.0172654,0.0526412,0.0654989,0.00443054,0.00454473,0.012812,0.0163976,0.21173
92250,0,0,0,0,0,0,0,0,0,0,0,0,0,0,0,0,0,0,0,0,0,0,0,0,0,0,0,0,0,0,0,9.10726e-05,0,0,0,0,0,0.00409827,0,0,2.27682e-05,0,9.10726e-05,0,0,0,0,0,0,0,0.000774117,0,2.27682e-05,6.83045e-05,0,0.000113841,0,0.000227682,0,4.55363e-05,0.00036429,0.00161654,9.10726e-05,0.00291432,0.00127502,0.00166208,0.00751349,0,0.000273218,0.0205141,0.0102912,0.0129551,0.0101546,0.0144122,0.00612463,0.00387059,0.0112475,0.0136609,0.0630222,0.0189886,0.0114524,0.0142756,0.0751577,0.00774117,0.0225177,0.043897,0.00321031,0.0149359,0.00603356,0.0511828,0.00580588,0.149268,0.0114068,0.0450582,0.0730858,0.00437149,0.00391612,0.00994968,0.0144805,0.225746
92300,0,0,0,0,0,0,0,0,0,0,0,0,0,0,0,0,0,0,0,0,0,0,0,0,0,0,0,0,0,0,0,0.000185727,0,0,0,0,0,0.00301806,0,0,0,0,0.000139295,0,0,0,0,4.64317e-05,0,0,0.00120722,0,0,0.00123044,0,0.000162511,0,0,0,0.000116079,0.000255374,0.00116079,4.64317e-05,0.00417885,0.00188048,0.000975066,0.00520035,0.000162511,0.00104471,0.0157171,0.0104007,0.0121651,0.00940242,0.0176673,0.00253053,0.0039467,0.0100757,0.0147421,0.0676742,0.0195478,0.0115847,0.0175976,0.0823931,0.0081952,0.0174351,0.0396759,0.00441101,0.0175744,0.00612899,0.0573896,0.00550216,0.147398,0.0119794,0.0590379,0.0710173,0.00250731,0.00355203,0.0150903,0.0136741,0.202976
92350,0,0,0,0,0,0,0,0,0,0,0,0,0,0,0,0,0,0,0,0,0,0,0,0,0,0,0,0,0,0,0,0,0,0,0,0,0,0.00187154,0,0,0,0,0,0,0,0,0,0,0,4.79881e-05,0.000143964,0,9.59762e-05,0.000671833,7.19821e-05,0.000359911,0,0,4.79881e-05,0.000359911,2.3994e-05,0.00194352,0.000191952,0.00508674,0.000287929,0.000431893,0.00470283,0.00023994,0.00141565,0.0151163,0.0101015,0.00938167,0.00638242,0.0151882,0.00309523,0.00501476,0.0107973,0.0165319,0.068551,0.0145164,0.0172277,0.0217386,0.0880342,0.00751014,0.0190033,0.0375507,0.00371908,0.0208268,0.00506274,0.0660076,0.00479881,0.133167,0.0192192,0.0522111,0.0671354,0.00412698,0.00297526,0.0163879,0.0145644,0.206061
92400,0,0,0,0,0,0,0,0,0,0,0,0,0,0,0,0,0,0,0,0,0,0,0,0,0,0,0,0,0,0,0,2.32466e-05,0,0,0,0,0,0.00316154,0,0,0,0,0,0,0,0,0,0,0,0,0,0,0.000325453,0.000185973,0.000743892,6.97399e-05,0,0,0,0.000325453,0.000162726,0.00155752,9.29865e-05,0.00506776,0.00148778,0.000581166,0.00455634,2.32466e-05,0.00181324,0.0171793,0.0107864,0.00746217,0.00504452,0.0202478,0.00467257,0.00341725,0.00876398,0.0127391,0.0586047,0.00943813,0.0124602,0.0182951,0.0847572,0.00781087,0.0245484,0.0388451,0.00406816,0.023851,0.00711347,0.0604412,0.00695074,0.143036,0.0169003,0.056652,0.0682521,0.00474231,0.00450984,0.0138782,0.0115071,0.212846
92450,0,0,0,0,0,0,0,0,0,0,0,0,0,0,0,0,0,0,0,0,0,0,0,0,0,0,0,0,0,0,2.36675e-05,0,0,0,0,0,0,0.00442583,0,0,0,0,0,0,7.10026e-05,0,0,0,0,0,0.000213008,0,4.7335e-05,9.46701e-05,0.000165673,0.00018934,0,0,0,0,0.000142005,0.000449683,2.36675e-05,0.00513585,0.0018224,0.00137272,0.00792862,0,0.00132538,0.0201411,0.0117864,0.010248,0.00506485,0.0209221,0.00598788,0.00447316,0.00594055,0.0158099,0.0600682,0.0115261,0.00946701,0.0212298,0.0800199,0.00551453,0.0266023,0.0421045,0.00355013,0.0234308,0.00513585,0.0530626,0.00896999,0.133201,0.0152655,0.054672,0.0718546,0.00970368,0.00629556,0.0131355,0.0125911,0.208795
92500,0,0,0,0,0,0,0,0,0,0,0,0,0,0,0,0,0,0,0,0,0,0,0,0,0,0,0,0,0,0,0,0,0,0,0,0,0,0.00542478,0,0,0,0,0,0,9.43441e-05,0,0,0,0,0,4.7172e-05,0,0.000377376,0.0011793,0.000141516,2.3586e-05,0,0,0,0,0.000165102,0.00160385,0,0.00603802,0.00238219,0.000825511,0.00997689,0,0.000778339,0.021251,0.0077598,0.00724091,0.00599085,0.0188924,0.00433983,0.00400962,0.00587292,0.0149771,0.0676919,0.0162744,0.0114392,0.0170527,0.0698854,0.00797207,0.025921,0.0432803,0.00377376,0.0225954,0.0104722,0.0582811,0.0102363,0.127718,0.017147,0.0566772,0.0675268,0.0058965,0.00655691,0.0147177,0.0129959,0.206496
92550,0,0,0,0,0,0,0,0,0,0,0,0,0,0,0,0,0,0,0,0,0,0,0,0,0,0,0,0,0,0,0,0,0,0,0,0,0,0.003786,0,0,0,0,0,0,0,0,0,9.46499e-05,0,0,0.000875512,0,0.000118312,0.00149074,0,4.7325e-05,0,0,0,0.000236625,9.46499e-05,0.00236625,0,0.00551336,0.0017037,0.000993824,0.00470883,0,0.00168004,0.0151676,0.00735903,0.00563167,0.00527673,0.016824,0.00470883,0.00383332,0.00501645,0.0130854,0.0709401,0.0182438,0.0140792,0.0188827,0.0753177,0.0092047,0.0241831,0.048863,0.00291048,0.0200894,0.00870779,0.0563877,0.00873145,0.146636,0.0182438,0.0508743,0.0734247,0.00440122,0.00421192,0.0139609,0.0135349,0.197558
92600,0,0,0,0,0,0,0,0,0,0,0,0,0,0,0,0,0,0,0,0,0,0,0,0,0,0,0,0,0,0,0,0,0,0,0,4.64652e-05,0,0.00418186,0,0,0,0,0,0,0.000209093,0,0.000418186,0,0,0,0.000487884,0,0,0.0011384,0,0,0,0,0,0,0,0.0010687,0.000139395,0.00878192,0.00257882,0.00109193,0.00460005,0,0.00134749,0.0131961,0.0101991,0.00534349,0.00534349,0.0222103,0.00241619,0.00367075,0.00597077,0.0145204,0.0659108,0.0160072,0.0109193,0.0138699,0.0709988,0.00854959,0.0190507,0.048649,0.00318286,0.023976,0.00724857,0.0582441,0.00894454,0.13684,0.0174709,0.0507632,0.0726018,0.00455359,0.00267175,0.0146365,0.01768,0.21827
92650,0,0,0,0,0,0,0,0,0,0,0,0,0,0,0,0,0,0,0,0,4.516e-05,0,0,0,0,0,0,0,0,0,0,0,0,0,0,0,0,0.00264186,0,0,0,0,0,0,9.032e-05,0,0.00020322,4.516e-05,0,0,0.00031612,0,0,0.00099352,0,0.0006774,0,0.00013548,0,0.00020322,0,0.00126448,4.516e-05,0.00729334,0.00164834,0.00117416,0.00627724,0,0.00221284,0.013977,0.0129609,0.00578048,0.00668368,0.0215413,0.00164834,0.00512566,0.00550952,0.0129609,0.0614853,0.0207059,0.0138641,0.0181995,0.073814,0.00483212,0.0166866,0.0527694,0.00212252,0.0235058,0.00769978,0.0533339,0.0080159,0.121119,0.0164382,0.0553661,0.072685,0.00397408,0.0080159,0.0107255,0.0177253,0.225461
92700,0,0,0,0,0,0,0,0,0,0,0,0,0,0,0,0,0,0,0,0,0,0,0,0,0,0,0,0,0,0,0,0,0,0,0,0,0,0.00360817,0,0,0,0,0,0,2.14772e-05,0,6.44316e-05,0,0,0,0,0,2.14772e-05,0.000472498,0,2.14772e-05,0,6.44316e-05,0,0.000171818,0,0.00223363,4.29544e-05,0.00751702,0.00208329,0.00100943,0.00682975,0,0.00257726,0.0149911,0.00779622,0.00996542,0.00728077,0.0187711,0.00212624,0.00603509,0.00728077,0.0154206,0.0653981,0.0176757,0.0140031,0.0191791,0.0773609,0.00766736,0.0199094,0.0510513,0.00229806,0.023582,0.00844054,0.0608234,0.00670089,0.12111,0.0181482,0.0574515,0.0669015,0.00324306,0.00674384,0.014132,0.0146045,0.207169
92750,0,0,0,0,0,0,0,0,0,0,0,0,0,0,0,0,0,0,0,0,0,0,0,0,0,0,0,0,0,0,0,0,0,0,0,0,0,0.00346119,6.57189e-05,0,0,0,0,0,2.19063e-05,0,0,8.76251e-05,0,0,8.76251e-05,0,0.00017525,0.000131438,0,0.000197157,0,0.000328594,0,0.000372407,2.19063e-05,0.0017525,0,0.00464413,0.00151153,0.000328594,0.00810533,4.38126e-05,0.00238779,0.0138886,0.00887205,0.0106684,0.00615567,0.0152687,0.00221253,0.00569563,0.00692239,0.0119608,0.0710421,0.0169555,0.0136914,0.0202633,0.0686324,0.00990164,0.0230673,0.0522465,0.00197157,0.0183137,0.00584898,0.0547438,0.00433744,0.136038,0.0181165,0.0575916,0.062871,0.00420601,0.00359263,0.0127056,0.0127714,0.225722
92800,0,0,0,0,0,0,0,0,0,0,0,0,0,0,0,0,0,0,0,0,0,0,0,0,0,0,0,0,0,0,0,0,0,0,0,0,0,0.0039364,0.00019792,0,8.79643e-05,0,0,0,0,0,0,2.19911e-05,0,0,6.59732e-05,0,0.000263893,0,0,2.19911e-05,0,0.000329866,0,8.79643e-05,0,0.00213313,2.19911e-05,0.0041783,0.00213313,0.000901634,0.00934621,0.000175929,0.00305676,0.014668,0.0109076,0.0132826,0.00730104,0.017285,0.00230906,0.00712511,0.00930222,0.0120291,0.0656653,0.0138104,0.012205,0.0198579,0.0750335,0.00939019,0.0232666,0.059134,0.00301278,0.0230247,0.00637741,0.0558133,0.00367251,0.131485,0.0154597,0.0696457,0.061619,0.00250698,0.00391441,0.0146461,0.0140303,0.195259
92850,0,0,0,0,0,0,0,0,0,0,0,0,0,0,0,0,0,0,0,0,0,0,0,0,0,0,0,0,0,0,0,0,0,0,0,0,0,0.00410209,0.000133041,0,0,0,0,0,0,0,0,0,0,0,0,0,6.65203e-05,0.000399122,6.65203e-05,0,0,0.000266081,0,0.000421295,0,0.00117519,0,0.00470077,0.00281603,0.000443469,0.00696246,2.21734e-05,0.00252777,0.0197565,0.00924632,0.0100224,0.0064303,0.0163197,0.00226169,0.00620856,0.00505554,0.013681,0.0692033,0.013548,0.0155879,0.0277611,0.0811104,0.00909111,0.0218187,0.0416195,0.00352558,0.0220626,0.0064303,0.0513537,0.00472294,0.139693,0.00949023,0.0617752,0.0635713,0.00201778,0.00248343,0.0207322,0.0176279,0.20169
92900,0,0,0,0,0,0,0,0,0,0,0,0,0,0,0,0,0,0,0,0,0,0,0,0,0,0,0,0,0,0,0,0,0,0,0,6.76453e-05,0,0.00421656,9.01937e-05,0,2.25484e-05,0,0,0,0,0,0,0,0,0.000157839,6.76453e-05,0,0.000293129,0.000293129,0,2.25484e-05,0,0.00151074,0,0.000586259,0,0.000473517,0,0.00455478,0.00412636,0.000879388,0.00590769,0.000360775,0.00295384,0.0145437,0.0078694,0.0111164,0.0050734,0.0168437,0.00381068,0.0036303,0.00741843,0.0129653,0.0670816,0.018377,0.0126271,0.0195269,0.0864507,0.00687727,0.0190083,0.049133,0.00202936,0.0234955,0.00685472,0.0569799,0.00597533,0.119777,0.0121311,0.0585132,0.0729892,0.00191662,0.00290875,0.0218945,0.0186475,0.206949
92950,0,0,0,0,0,0,0,0,0,0,0,0,0,0,0,0,0,0,0,0,0,0,0,0,0,0,0,0,0,0,0,0,0,0,0,4.35407e-05,0,0.00417991,0,0,0,0,0,0,0.000217704,0,0,0,0,2.17704e-05,0.000130622,0,2.17704e-05,0.000783733,0,2.17704e-05,0.000174163,8.70815e-05,0,0.000217704,0,0.000283015,0,0.00283015,0.00354857,0.00143684,0.00653111,0.000174163,0.00182871,0.0163495,0.0090347,0.0113424,0.00857752,0.0131493,0.00409283,0.00365742,0.00751078,0.0144338,0.068729,0.0230766,0.0117778,0.0212043,0.0760003,0.00568207,0.0151304,0.0492446,0.00102321,0.0231637,0.00559498,0.0530108,0.0052902,0.115056,0.0116471,0.0661601,0.0578874,0.00317847,0.00561675,0.0179606,0.0182436,0.234641
93000,0,0,0,0,0,0,0,0,0,0,0,0,0,0,0,0,0,0,0,0,0,0,0,0,0,0,0,0,0,0,0,0,0,0,0,0,0,0.00429803,6.85855e-05,2.28618e-05,6.85855e-05,0,0,0,2.28618e-05,0,0,0.000411513,0,0,0.000320066,0,2.28618e-05,0.000137171,0,0.000160033,0.000274342,0,2.28618e-05,0.000228618,0,0.00139457,0,0.00340642,0.00189753,0.0017375,0.00388651,6.85855e-05,0.00109737,0.0135799,0.011751,0.0119567,0.0082074,0.0163005,0.00345214,0.00214901,0.0056926,0.0146316,0.070323,0.0267941,0.0110423,0.0190668,0.067854,0.0056926,0.0144944,0.0510505,0.000502961,0.0201413,0.00500674,0.0548227,0.0049153,0.120985,0.0133056,0.0675568,0.0585263,0.0026977,0.00628701,0.0158433,0.0179694,0.237855
93050,0,0,0,0,0,0,0,0,0,0,0,0,0,0,0,0,0,0,0,0,0,0,0,0,0,0,0,0,0,0,0,0,0,0,0,0,0,0.00359432,0.00018315,2.28938e-05,0.000572344,0,0,0,0,0,0,0.000114469,2.28938e-05,0,9.15751e-05,0,0.000114469,9.15751e-05,0,0.000114469,0.000251832,0,0,0.000274725,0,0.00105311,0,0.00512821,0.00203755,0.0010989,0.00425824,6.86813e-05,0.000778388,0.0122253,0.00934066,0.0077152,0.00764652,0.0157738,0.00412088,0.000892857,0.0055174,0.0171245,0.0736722,0.022619,0.0150641,0.0193452,0.0662088,0.00400641,0.0135302,0.0430174,0.000663919,0.0203984,0.00549451,0.0579441,0.00592949,0.128915,0.0168269,0.0602793,0.0522894,0.00565476,0.00865385,0.0174451,0.0207418,0.241071
93100,0,0,0,0,0,0,0,0,0,0,0,0,0,0,0,0,0,0,0,0,0,0,0,0,0,0,0,0,0,0,0,0,0,0,0,0,0,0.00413223,6.5591e-05,4.37273e-05,0.000196773,0,0,0,8.74546e-05,0,0,0,0,0,0.000131182,0,6.5591e-05,4.37273e-05,0.000131182,0,0.000393546,0,0,0.000174909,0,0.00181468,0,0.00529101,0.00242687,0.00107132,0.0040885,0.000218637,0.00089641,0.0132275,0.0101885,0.00833005,0.00850496,0.0154139,0.00518169,0.000808955,0.00620928,0.0161354,0.0707727,0.0238095,0.0115659,0.0167476,0.0758888,0.00557523,0.0189121,0.051795,0.00142114,0.0203988,0.00472255,0.056452,0.0116971,0.118742,0.0119157,0.0545498,0.0578294,0.00452578,0.010429,0.0207705,0.0170318,0.229175
93150,0,0,0,0,0,0,0,0,0,0,0,0,0,0,0,0,0,0,0,0,0,0,0,0,0,0,0,0,0,0,0,0,0,0,0,0,0,0.0053075,0,0.000135511,2.25851e-05,0,0,0,6.77553e-05,0,0,2.25851e-05,0,0,0.000293606,0,0.000180681,0,0.000361361,2.25851e-05,6.77553e-05,0,0,0.000451702,0,0.00117442,9.03404e-05,0.00618831,0.00216817,0.00164871,0.00752083,0.000225851,0.0016713,0.0125347,0.00826614,0.00980193,0.00831131,0.0131219,0.0037943,0.00178422,0.0111344,0.0130542,0.0721368,0.0177971,0.0115862,0.0195813,0.0678908,0.0101181,0.0191296,0.0574113,0.0016713,0.0264246,0.00402015,0.0591052,0.00564627,0.114326,0.0113603,0.0564853,0.0678004,0.00451702,0.00695621,0.0216365,0.0181584,0.216817
93200,0,0,0,0,0,0,0,0,0,0,0,0,0,0,0,0,0,0,0,0,0,0,0,0,0,0,0,0,0,0,0,0,0,0,0,0.000181764,0,0.00583918,0,0.000181764,0,0,0,0,0.000113603,0,0,0,0,0,0.000204485,0,4.54411e-05,0,0.000340808,0.000113603,0.000136323,0,0,0.00149956,0,0.00188581,4.54411e-05,0.00499852,0.000931543,0.00259014,0.00472588,0.000204485,0.000636176,0.0131325,0.00736146,0.0124281,0.0105196,0.0134051,0.00599823,0.00186309,0.00533933,0.0161089,0.068298,0.0208348,0.0101561,0.0189262,0.0766819,0.00924727,0.0166314,0.0502124,0.00224934,0.0215618,0.00456683,0.0523709,0.00593007,0.114398,0.013087,0.0603912,0.073092,0.00268103,0.0056347,0.0140186,0.0168814,0.231318
93250,0,0,0,0,0,0,0,0,0,0,2.2412e-05,0,0,0,0,0,0,0,0,0,0,0,0,0,0,0,0.000134472,0,0,0,0,0,0,0,0,4.4824e-05,0,0.00649947,0,4.4824e-05,0,0,0,0,6.72359e-05,0,0,0,0.000134472,0,0.000537887,0,0,0,8.96479e-05,4.4824e-05,0.00022412,4.4824e-05,4.4824e-05,0.000739595,2.2412e-05,0.000896479,2.2412e-05,0.0052444,0.00342903,0.00141195,0.00667877,0.000918891,0.000649947,0.011206,0.00853896,0.0110267,0.0131558,0.0125283,0.00470652,0.00407898,0.00531164,0.0135817,0.0701495,0.0185123,0.010175,0.0194536,0.070665,0.00623053,0.0199691,0.0557834,0.00289115,0.0212466,0.00961474,0.0541922,0.00381004,0.126829,0.0121249,0.053475,0.0671239,0.00376521,0.00531164,0.0126852,0.0196105,0.224299
93300,0,0,0,0,0,0,0,0,0,0,0,0,0,0,0,0,0,0,0,0,0,0,0,0,0,0,0,0,0,0,0,0,0,0,0,0.00029717,0,0.00450327,0,0,0,0,0,0,9.14369e-05,0,0,0,0,0,0.000480044,0,0,0,4.57185e-05,0,0,0,0,0,0,0.0024688,0,0.00418324,0.00171444,0.00114296,0.00541764,0.000228592,0.000411466,0.0114753,0.0111096,0.0142413,0.00893796,0.0123668,0.00249166,0.0037032,0.00772642,0.0146756,0.0713437,0.0234307,0.0124126,0.0209391,0.0803959,0.00619485,0.0183331,0.0464271,0.00144013,0.0240479,0.00649202,0.061217,0.00425182,0.115416,0.0136698,0.0533306,0.0692635,0.00320029,0.00617199,0.0118182,0.0200933,0.222397
93350,0,0,0,0,0,0,0,0,0,0,2.24447e-05,0,0,0,0,0,0,0,0,0,0,0,0,0,0,0,0,0,0,0,0,0,0,0,0,0,0,0.0033667,0,0,0,0,0,0,0.000112223,0,0,0,0,0,0.000157113,0,0,0,0,0.000112223,0,6.7334e-05,0,0,2.24447e-05,0.0014589,0,0.00399515,0.00260358,0.00139157,0.00583562,0.00136913,0.000785564,0.0109306,0.00983077,0.00906765,0.010347,0.0126812,0.0021098,0.00471338,0.00720474,0.0104368,0.073035,0.0210531,0.0106837,0.0213224,0.0774566,0.0052745,0.0226916,0.0483234,0.00123446,0.0171926,0.0063294,0.0605557,0.00426449,0.103784,0.0158459,0.0671769,0.0674014,0.00282803,0.00641918,0.0107061,0.0195269,0.238273
93400,0,0,0,0,0,0,0,0,0,0,0,0,0,0,0,0,0,0,0,0,0,0,0,0,0,0,0,0,0,0,0,0,0,0,0,0,0,0.00301869,0.000139324,0,0,0,0,0,6.96621e-05,4.64414e-05,0,0,0,0,0.000116104,0,0,0.000301869,0,0,0,0,0,9.28829e-05,0,0.00188088,0,0.0044816,0.0024614,0.00116104,0.00545687,0.00153257,0.000278649,0.0149774,0.00926506,0.0142807,0.013468,0.0147219,0.00287937,0.0100546,0.005155,0.0106119,0.0783002,0.0187391,0.014629,0.0183211,0.0715198,0.00675723,0.0239406,0.0536398,0.00153257,0.0202949,0.00787182,0.0563567,0.00436549,0.107233,0.0163009,0.0577035,0.0655985,0.00362243,0.00861488,0.00961338,0.0176013,0.220992
93450,0,0,0,0,0,0,0,0,0,0,0,0,0,0,0,0,0,0,0,0,0,0,0,0,0,0,0,0,0,0,0,0,0,0,6.53253e-05,0.000152426,0,0.00298319,6.53253e-05,0,0,0,0,0,8.71004e-05,0,0,0,0,0,0.000217751,0,0,0.000587928,0,0,0,0,0,0.000479052,0,0.00132828,0,0.00311384,0.00391952,0.00182911,0.00866649,0.000675028,0.000370177,0.0185742,0.00890602,0.0120416,0.0101472,0.0112142,0.00361467,0.00620591,0.00624946,0.0109964,0.0782597,0.0165709,0.0154168,0.0207952,0.0750806,0.00505182,0.0201855,0.0512368,0.00172023,0.0246712,0.00657608,0.0555483,0.00790436,0.117237,0.0127384,0.0551563,0.0550692,0.00230816,0.00402839,0.0119328,0.0173548,0.232667
93500,0,0,0,0,0,0,0,0,0,0,0,0,0,0,0,0,0,0,0,0,0,0,0,0,0,0,0,0,0,0,0,0,0,0,0,0,0,0.0021089,0,0,0,0,0,0,0.00010651,0,0,0,0,0,0.000234322,0,0,0.0011077,0,0,0,0,0,0.000660361,0,0.000468643,0,0.00360003,0.00340832,0.00146984,0.00741309,0.000724267,0.000745569,0.0130368,0.00845688,0.0133989,0.0109279,0.0188096,0.00279056,0.00800954,0.00656101,0.0138889,0.0772623,0.017915,0.0160191,0.0218984,0.0718516,0.00564502,0.0161256,0.0479294,0.00362134,0.0241777,0.00513378,0.0580905,0.0116948,0.121166,0.0180854,0.052765,0.0610089,0.00240712,0.00472904,0.01538,0.0172759,0.211891
93550,0,0,0,0,0,0,0,0,0,0,2.13835e-05,0,0,0,0,0,0,0,0,0,0,0,0,0,0,0,0,0,0,0,0,0,0,0,0,0,0,0.00119748,0,0,0,0,0,0,0,0,0,0,0,0,0.000534588,0,0,0.000534588,0.000106918,0,0,0,2.13835e-05,0.000277986,0,0.000940875,0,0.00446915,0.00391318,0.00164653,0.00643644,0.000598738,0.000812574,0.0196301,0.00827542,0.0140276,0.00750561,0.0182401,0.00316476,0.00632952,0.0105848,0.0134288,0.075548,0.0194804,0.0134075,0.0191596,0.0653908,0.00656474,0.0189672,0.0463167,0.00277986,0.0260237,0.00789052,0.0471934,0.0138993,0.130333,0.013215,0.051577,0.0611996,0.00397733,0.00603015,0.0129156,0.0227734,0.212659
93600,0,0,0,0,0,0,0,0,0,0,0,0,0,0,0,0,0,0,0,0,0,0,0,0,0,0,0,0,0,0,0,0,0,0,0,0,0,0.00317356,6.56599e-05,0,0,0,8.75465e-05,0,4.37733e-05,0,0,0,0,0,0.000240753,0,0,0.0016415,0.00019698,2.18866e-05,0,0.000525279,0,0.000109433,0,0.00161961,0,0.00461808,0.00365507,0.0014664,0.00577807,0.000941125,0.000766032,0.0160648,0.00704749,0.0135478,0.00906106,0.0193259,0.00365507,0.0057343,0.00717881,0.0149048,0.0800394,0.0244692,0.0108995,0.0156708,0.0665353,0.00711315,0.0186912,0.0441234,0.00321733,0.0234187,0.00816371,0.0555264,0.00836069,0.129219,0.0118844,0.0478442,0.0705187,0.00514336,0.00457431,0.0164806,0.0210987,0.205537
93650,0,0,0,0,0,0,0,0,0,0,0,0,0,0,0,0,0,0,0,0,0,0,0,0,0,0,0,0,0,0,0,0,0,0,0,4.41151e-05,0,0.00529381,2.20575e-05,0,0,0,0,0,0,0,0,0,0,2.20575e-05,0.000242633,0,0,0.000595553,6.61726e-05,0,0,0.000507323,0,0.000882301,0,0.000794071,2.20575e-05,0.00372772,0.00317628,0.00205135,0.00619816,0.00178666,0.00121316,0.0155285,0.00701429,0.0138521,0.00862449,0.0171828,0.00399241,0.00672755,0.00615405,0.0143815,0.0669887,0.0234692,0.0144036,0.0210649,0.0619375,0.00529381,0.0202268,0.0448209,0.00542615,0.0257191,0.00813923,0.0560261,0.00822746,0.121647,0.0133227,0.0502691,0.0608126,0.00630845,0.00516146,0.014183,0.0175578,0.228891
93700,0,0,0,0,0,0,0,0,0,0,0,0,0,0,0,0,0,0,0,0,0,0,0,0,0,0,0,0,0,0,0,0,0,0,0,0,0,0.00436024,0.000132799,0,4.42664e-05,0,0,0,4.42664e-05,0,0,0,0,0,0.000154932,0,0,0.000132799,0,0,0,0.000287732,0,0.00194772,0,0.00179279,0,0.00382904,0.00471437,0.00172639,0.00531197,0.00208052,0.000907461,0.013125,0.00362984,0.0132357,0.00692769,0.0135898,0.00221332,0.00714902,0.00675063,0.0165999,0.072619,0.016445,0.0109338,0.0232177,0.0658684,0.00936234,0.0175295,0.0391536,0.00515704,0.031407,0.00770235,0.0567717,0.0126159,0.123171,0.0160687,0.0420088,0.0586308,0.00431597,0.00489144,0.0143644,0.0193223,0.237755
93750,0,0,0,0,0,0,0,0,0,0,0,0,0,0,0,0,0,0,0,0,0,0,0,0,0,0,0,0,0,0,0,0,0,0,0,0,0,0.00421197,0.000132313,0,0,0,0,0,2.20522e-05,2.20522e-05,0,0,0,0,0.00030873,0,0,2.20522e-05,2.20522e-05,0,0,0.000595409,0,0.00130108,0,0.00110261,0,0.00282268,0.00178623,0.00178623,0.00635103,0.000837983,0.00191854,0.0124595,0.00621871,0.0139811,0.00661565,0.0161201,0.00262421,0.00677002,0.00568946,0.0145544,0.0668622,0.0200454,0.0144001,0.0217655,0.0657375,0.00987937,0.0145765,0.0485809,0.00123492,0.0233974,0.00688028,0.0538294,0.00899729,0.126602,0.017333,0.0531898,0.0557038,0.00127903,0.00313141,0.011423,0.0186782,0.248197
93800,0,0,0,0,0,0,0,0,0,0,0,0,0,0,0,0,0,0,0,0,0,0,0,0,0,0,0,0,0,0,0,0,0,0,0,0,0,0.00417522,6.84463e-05,0,0,0,0,0,0,0,0,0,0,0,9.12617e-05,0,0,0,0.000205339,0,0,0.000456308,0,0.00104951,0,0.00141456,2.28154e-05,0.00451745,0.00246407,0.00175679,0.00508784,0.000616016,0.00104951,0.0169747,0.00673055,0.0111567,0.0122291,0.0195528,0.00260096,0.00736938,0.00851015,0.0164956,0.0748802,0.0181383,0.0110883,0.019781,0.0707506,0.0091718,0.0135295,0.0483915,0.00344513,0.0224732,0.00456308,0.0518595,0.00616016,0.121766,0.0149669,0.0572667,0.0567191,0.00330824,0.00376454,0.0130048,0.0157198,0.234657
93850,0,0,0,0,0,0,0,0,0,0,0,0,0,0,0,0,0,0,0,0,0,0,0,0,0,0,0,0,0,0,0,0,0,0,0,0,0,0.00517788,0.000156229,0,0,0,0,0,0,0,0,0,0,0,0,0,0,0,6.69553e-05,0.000223184,0,0.000513324,0,0.00142838,0,0.00113824,6.69553e-05,0.00401732,0.000691872,0.00129447,0.00582511,0.000915056,0.0012052,0.0187252,0.00812391,0.0102888,0.00828014,0.019417,0.00555729,0.00566888,0.00470919,0.0161586,0.0654153,0.0172298,0.0111146,0.0170513,0.0707495,0.0105343,0.0179663,0.044927,0.00368254,0.0260233,0.00564657,0.0538767,0.00828014,0.129068,0.0126322,0.0625809,0.0571129,0.00482078,0.00656162,0.0170736,0.0142615,0.223742
93900,0,0,0,0,0,0,0,0,0,0,0,0,0,0,0,0,0,0,0,0,0,0,0,0,0,0,0,0,0,0,0,0,0,0,0,0,0,0.00408289,0.000353115,0,0,0,0,0,0,0,0,0,0,0,0,0,0,2.20697e-05,0,0,0,6.62091e-05,0,0.000529673,0,0.00128004,0.000264836,0.00280285,0.00180972,0.00116969,0.00512017,0.00172144,4.41394e-05,0.0153164,0.00790095,0.013926,0.0107038,0.0155812,0.00333252,0.00611331,0.00803337,0.0168171,0.0666063,0.0188696,0.0114542,0.0197303,0.0672243,0.00975481,0.0200393,0.0416676,0.00562777,0.0295513,0.00445808,0.0538059,0.00657677,0.133875,0.0152722,0.0593675,0.0607358,0.00600296,0.00512017,0.0163095,0.0120059,0.218953
93950,0,0,0,0,0,0,0,0,0,0,0,0,0,0,0,0,0,0,0,0,0,0,0,0,0,0,0,0,0,0,0,0,0,0,0,0.000176526,0,0.00353053,0,0,0,0,0,0,0,0,0,0,0,0,0,0,0,8.82632e-05,0,0,0,4.41316e-05,6.61974e-05,0.000772303,0,0.00141221,8.82632e-05,0.00401598,0.00218451,0.00127982,0.00783336,0.000926764,0.000485448,0.0130409,0.00664181,0.0166817,0.0085174,0.0203447,0.00450142,0.0034202,0.00812021,0.0203226,0.0632626,0.0201019,0.00906904,0.0181822,0.0629758,0.01207,0.015093,0.0470222,0.00326574,0.0225954,0.00646528,0.0554514,0.00940003,0.126658,0.0146958,0.0641453,0.0615415,0.00443523,0.00525166,0.0154902,0.0152475,0.223085
94000,0,0,0,0,0,0,0,0,0,0,0,0,0,0,0,0,0,0,0,0,0,0,0,0,0,0,0,0,0,0,0,0,0,0,0,0,0,0.00184651,2.25185e-05,0,0,0,0,0,0,0,0,0,0,0,0,0,0,0.000833183,0,0,2.25185e-05,0.000247703,0,0.00220681,9.00739e-05,0.00216177,0.000990812,0.00369303,0.0032877,0.00141866,0.0075662,0.00108089,0.000720591,0.0163259,0.00544947,0.0178571,0.0101333,0.0183976,0.00331021,0.00362547,0.00990812,0.0166637,0.0763151,0.0152,0.011034,0.0166637,0.0532787,0.00900739,0.0166862,0.0516123,0.00238696,0.0275176,0.00580976,0.0514547,0.00808413,0.124977,0.014074,0.0669924,0.0537741,0.00450369,0.00502162,0.0137137,0.0149748,0.229058
94050,0,0,0,0,0,0,0,0,0,0,0,0,0,0,0,0,0,0,0,0,0,0,0,0,0,0,0,0,0,0,0,0,0,0,0,0,0,0.00116792,0,6.48845e-05,0,0,0,0,2.16282e-05,0,0,0,0,0,0,0,0,0.000173025,0,0,0,0.000302794,0,0.000994896,0,0.00248724,0.000129769,0.00350376,0.00136257,0.000497448,0.00750497,0.00116792,0.000930011,0.013323,0.00503936,0.0181677,0.00761312,0.0223419,0.00315771,0.00778614,0.00934337,0.0156155,0.0703997,0.0137123,0.0150532,0.0203521,0.0568821,0.00988407,0.0180595,0.0470413,0.0020763,0.0236396,0.00558007,0.0524699,0.0106411,0.130786,0.0124146,0.0716974,0.0558656,0.00428238,0.0047582,0.0155939,0.019833,0.216282
94100,0,0,0,0,0,0,0,0,0,0,0,0,0,0,0,0,0,0,0,0,0,0,0,0,0,0,0,0,0,0,0,0,0,0,0,0,2.17984e-05,0.00172207,2.17984e-05,0,0,0,6.53951e-05,0,0.00013079,0,0,0,0,0,0.000283379,0,0,8.71935e-05,0,0,0,0.000610354,0,0.00154768,0,0.00220163,0.000174387,0.00324796,0.000893733,0.0013951,0.00682289,0.000610354,0.00119891,0.0125123,0.00457766,0.0172643,0.0100272,0.0176785,0.00481744,0.0080218,0.0039891,0.0194441,0.0673787,0.0130354,0.0141689,0.0198365,0.0599019,0.0109646,0.0199455,0.0526866,0.00122071,0.023782,0.00344414,0.0516621,0.00941689,0.133777,0.0145613,0.0643924,0.0533406,0.00562398,0.00560218,0.0142343,0.018594,0.223063
94150,0,0,0,0,0,0,0,0,0,0,0,0,0,0,0,0,0,0,0,0,0,0,0,0,0,0,0,0,0,0,0,0,0,0,0,0,8.69679e-05,0.00200026,0.000130452,0,0,0,2.1742e-05,0,0.000173936,0,0,0,0,0,0,0,0,6.52259e-05,0,2.1742e-05,0,6.52259e-05,0,0.000847937,0,0.000847937,0,0.00423968,0.0010871,0.00200026,0.00743575,0.000608775,0.00110884,0.0136322,0.00376136,0.0154151,0.00658782,0.0148498,0.00291342,0.00715311,0.0028482,0.0136322,0.0633561,0.0168065,0.00934905,0.0187633,0.0712267,0.00841414,0.0187198,0.0542679,0.00130452,0.0245684,0.00506588,0.0533765,0.00695743,0.139431,0.0143714,0.0642693,0.0590512,0.0031091,0.00684872,0.0130452,0.0162412,0.229921
94200,0,0,0,0,0,0,0,0,0,0,0,0,0,0,0,0,0,0,0,0,0,0,0,0,0,0,0,0,0,0,0,0,0,0,0,0,0,0.00415282,0,0,0,0,0,0,0.000611995,0,0,0,0,0,2.1857e-05,0,0,0.000174856,0,0.000262284,0,0.000262284,2.1857e-05,0.00102728,2.1857e-05,0.000590138,4.37139e-05,0.00402168,0.000917993,0.00107099,0.00858979,0.000655709,0.000677566,0.0108629,0.00181413,0.0159774,0.00784665,0.0183161,0.0031474,0.00760622,0.00493967,0.0106443,0.0777015,0.0140977,0.00898321,0.0231247,0.0688932,0.00950778,0.0167206,0.0429708,0.00288512,0.0258568,0.00727837,0.0643251,0.00544239,0.118465,0.0121088,0.0679533,0.0710133,0.00325669,0.00649152,0.0138355,0.0145349,0.220275
94250,0,0,0,0,0,0,0,0,0,0,0,0,0,4.32189e-05,0,0,0,0,0,0,0,0,0,0,0,0,0,0,0,0,0,0,0,0,0,0,0,0.00581295,0,0,0,0,0,0,0.00041058,0,0,0,0,0,8.64379e-05,0,0,0.000216095,0,0.000497018,0,2.16095e-05,4.32189e-05,0.000280923,0.000151266,0.00123174,0,0.00581295,0.00125335,0.00222578,0.00764975,4.32189e-05,0.00082116,0.0106535,0.00289567,0.0174172,0.00987553,0.0151699,0.00399775,0.00726078,0.00672055,0.0125335,0.0829588,0.0155588,0.0084493,0.0178062,0.0599879,0.00875184,0.0208964,0.0533754,0.00300372,0.0249373,0.00430029,0.0647852,0.0057049,0.123649,0.00955139,0.0670542,0.0621056,0.00285245,0.00680698,0.0181087,0.0172011,0.209028
94300,0,0,0,0,0,0,0,0,0,0,0,0,0,0,0,0,0,0,0,0,0,0,0,0,0,0,0,0,0,0,2.24977e-05,0,0,0,0,0,0,0.00674931,2.24977e-05,0,0,0,0,0,0.000269972,0,0,0,0,0,0.000337465,0,0,2.24977e-05,0,8.99908e-05,0,0.000314968,0,0.000337465,0.000359963,0.00200229,2.24977e-05,0.00533195,0.000809917,0.00238476,0.00760422,0.000179982,0.000562442,0.0121038,0.00566942,0.0164458,0.00809917,0.0157034,0.00305969,0.00731175,0.0109564,0.0133186,0.0772346,0.0187631,0.0128012,0.0181106,0.0669531,0.0100565,0.014781,0.0535895,0.00121488,0.0236676,0.00366712,0.0492475,0.00416207,0.115728,0.0103939,0.0711377,0.0567842,0.00690679,0.0078517,0.0156584,0.0225202,0.218678
94350,0,0,0,0,0,0,0,0,0,0,0,0,0,0,0,0,0,0,0,0,0,0,0,0,0,0,0,0,0,0,0,0,0,0,0,0,4.5105e-05,0.00453305,0,0,0,0,0,0,0.000202972,0,0,0,0,0,0.000315735,0,0,0.000473602,0,0.000135315,0,0.000157867,0.000157867,0.000405945,0.000654022,0.000856995,0.000518707,0.00446539,0.0018042,0.00293182,0.00613428,0.00162378,0.00072168,0.0135315,0.00442029,0.0197109,0.00606662,0.0152455,0.00311224,0.00633725,0.00604407,0.0141179,0.0762274,0.0164182,0.0139825,0.018042,0.0621096,0.0100133,0.0166663,0.0506078,0.00146591,0.0239733,0.00581854,0.0543515,0.00692361,0.102839,0.0152455,0.0679281,0.0552085,0.00345053,0.00748743,0.0142081,0.0234546,0.238853
94400,0,0,0,0,0,0,0,0,0,0,0,0,0,0,0,0,0,0,0,0,0,0,0,0,0,0,0,0,0,0,0,0,0,0,0,0,2.21912e-05,0.00610257,4.43823e-05,0,0,0,0,0,0.000621352,0,0,0,2.21912e-05,0,0.000221912,0,0,0.00019972,0,4.43823e-05,0,0.000133147,6.65735e-05,0.000532588,0.000399441,0.00110956,0.000599161,0.0067683,0.00361716,0.00122051,0.00725651,0.00166434,0.000177529,0.0165768,0.0062801,0.017531,0.00716774,0.0144908,0.00184187,0.00572532,0.00430508,0.0154007,0.0693695,0.0197723,0.0134035,0.0152897,0.0640881,0.00965315,0.0183965,0.0603156,0.000976411,0.0235004,0.00386126,0.05479,0.00414975,0.111533,0.00832168,0.0683709,0.0573641,0.00472672,0.00823292,0.0135144,0.0159776,0.23425
94450,0,0,0,0,0,0,0,0,0,0,0,0,0,0,0,0,0,0,0,0,0,0,0,0,0,0,0,0,0,0,0,0,0,0,0,0,0,0.00435161,0.000133896,0,0,0,0,0,0.000557899,0,0,0,4.46319e-05,0,0.000848006,2.23159e-05,0,2.23159e-05,0,8.92638e-05,0,0.00011158,0.000133896,0.000914954,2.23159e-05,0.00151748,0.000267791,0.0037714,0.00361518,0.000914954,0.0108009,0.00120506,0.000334739,0.0155765,0.00627078,0.0168039,0.0078329,0.0179197,0.00232086,0.00611457,0.00528888,0.0143492,0.0619491,0.0247707,0.0142822,0.0142822,0.0627971,0.00977439,0.0146839,0.047466,0.00093727,0.0269354,0.00330276,0.0654527,0.00553436,0.109058,0.00577983,0.0606101,0.055165,0.0062931,0.00950659,0.0144831,0.0187008,0.246078
94500,0,0,0,0,0,0,0,0,0,0,0,0,0,0,0,0,0,0,0,0,0,0,0,0,0,0,0,0,0,0,0,0,0,0,0,0,0,0.00516407,0,0,0,0,0,0,0.00105433,0,0,2.15169e-05,6.45508e-05,0,0.000408822,0,0,8.60678e-05,0,0,2.15169e-05,0.000150619,2.15169e-05,0.000580958,2.15169e-05,0.00107585,0.00049489,0.00324906,0.00447552,0.0010113,0.00778913,0.000860678,0,0.0184615,0.00441097,0.0160086,0.00864981,0.0162668,0.00245293,0.00703604,0.00617536,0.0189779,0.0704895,0.0188704,0.0110167,0.0157074,0.06539,0.0137708,0.0143303,0.0502421,0.000236686,0.0259279,0.00309844,0.0597741,0.00615385,0.120882,0.00828402,0.0651103,0.0549112,0.00518558,0.00839161,0.0135342,0.0241635,0.219537
94550,0,0,0,0,0,0,0,0,0,0,0,0,0,0,0,0,0,0,0,0,0,0,0,0,0,0,0,0,0,0,0,0,0,0,0,0,2.15202e-05,0.00561677,0,0,0,0,0,0,0.00135577,0,0,0,6.45606e-05,0,0,0,0,0.000258242,0,0,0,0.000150641,0,0.00118361,0,0.00193682,0.000150641,0.00320651,0.00236722,0.000516484,0.00798399,0.000817767,0.000107601,0.0161832,0.0043686,0.0176466,0.00697254,0.0136223,0.00314195,0.0108677,0.00701558,0.0118791,0.0658302,0.0124817,0.0145692,0.0121804,0.0627098,0.0150857,0.0211759,0.0491951,0.000301283,0.0280838,0.00327107,0.0564474,0.00675734,0.131833,0.0093828,0.0609021,0.0657872,0.00518636,0.00755359,0.0131488,0.0231557,0.217526
94600,0,0,0,0,0,0,0,0,0,0,0,0,0,0,0,0,0,0,0,0,0,0,0,0,0,0,0,0,0,0,0,0,0,0,0,0,0,0.00520211,0,0.000170561,0,0,0,0,0.00130053,0,0,0,0.000810165,0,0.000149241,0,0,0.000127921,0,2.13201e-05,4.26403e-05,4.26403e-05,2.13201e-05,0.00164165,0,0.00194013,0.000277162,0.0030701,0.00304878,0.00100205,0.00767525,0.000959406,4.26403e-05,0.0168216,0.00402951,0.0196359,0.00690773,0.0117474,0.0028569,0.00741941,0.00782449,0.0114916,0.0763901,0.0150307,0.0154997,0.0150733,0.0712732,0.0137302,0.0213201,0.0452627,0.000319802,0.0213415,0.00398687,0.0537694,0.00797373,0.125171,0.00660924,0.0584812,0.0606558,0.0055006,0.00871994,0.0107454,0.0225141,0.224352
94650,0,0,0,0,0,0,0,0,0,0,0,0,0,0,0,0,0,0,0,0,0,0,0,0,0,0,0,0,8.68829e-05,0,0,0,0,0,0,0,0,0.00325811,0,2.17207e-05,2.17207e-05,0,0.000195486,0,0.00119464,0,0,0,0.000586459,0,0,0,0,2.17207e-05,0,0.000130324,0,0.000108604,0,0.00262821,0,0.00173766,0.000347531,0.00330155,0.00351876,0.00091227,0.00688547,0.000890549,0,0.014857,0.00566911,0.0182671,0.00701579,0.0126849,0.00397489,0.00981776,0.00747193,0.0165946,0.0699624,0.0137492,0.0129238,0.0149439,0.0603619,0.0129455,0.0247616,0.0443537,0.00132496,0.0182888,0.00480028,0.0566042,0.00834075,0.126284,0.00703751,0.0647929,0.0702448,0.0068203,0.00662482,0.0129455,0.0208736,0.218814
94700,0,0,0,0,0,0,0,0,0,0,0,0,0,0,0,0,0,0,0,0,0,0,0,0,0,0,0,0,0,0,0,6.49042e-05,0,0,0,0,0,0.00488945,2.16347e-05,0,0,0,0,0,0.00153607,0,0,0,0.000259617,0,0,4.32694e-05,0,0,0,0.000216347,0,6.49042e-05,0,0.00142789,0,0.00131972,8.65389e-05,0.00462983,0.00374281,0.00183895,0.00649042,0.00188222,6.49042e-05,0.0147116,0.00525724,0.0145818,0.00843754,0.0160313,0.00233655,0.0077885,0.00739907,0.0186708,0.0676085,0.0151659,0.0149496,0.0174376,0.0633248,0.017351,0.0186708,0.0467526,0.000627407,0.022803,0.00372117,0.0564883,0.00928129,0.114448,0.00876206,0.0619618,0.0644498,0.00354809,0.00865389,0.0126347,0.0211155,0.226451
94750,0,0,0,0,0,0,0,0,0,0,0,0,0,0,0,0,0,0,0,0,0,0,0,0,0,0,0,0,0,0,0,0,0,0,0,0,0,0.00437177,0,0,6.30544e-05,0,0,0,0.000861743,0,8.40725e-05,0,4.20362e-05,0,0,0,2.10181e-05,4.20362e-05,0,0.000546471,4.20362e-05,0,0.000105091,0.00113498,0,0.00184959,0.000294254,0.00418261,0.00687292,0.001156,0.00691496,0.00145025,0.000420362,0.0149649,0.00775569,0.0140821,0.0098575,0.0135987,0.00296355,0.00517046,0.0044138,0.0193997,0.0701164,0.0133045,0.0166884,0.0146917,0.0702005,0.0137248,0.0172559,0.0458826,0.00147127,0.0211232,0.00212283,0.0530287,0.00899575,0.121611,0.0138509,0.0605112,0.0606163,0.00298457,0.00882761,0.0108453,0.01858,0.230905
94800,0,0,0,0,0,0,0,0,0,0,0,0,0,0,0,0,0,0,0,0,0,0,0,0,0,0,0,0,0,0,0,0,0.000106162,0,0,0,0,0.00679434,0,0,0,2.12323e-05,2.12323e-05,0,0.000870525,0,4.24646e-05,0,0,0,0.000212323,0,0,0.000254788,0,0.000445879,0,0.000127394,2.12323e-05,0.000934222,8.49293e-05,0.000424646,0.00091299,0.00358826,0.00318485,0.00091299,0.00577519,0.00167735,0.000424646,0.0117415,0.00738885,0.0136099,0.0108285,0.0193426,0.0028876,0.00634846,0.00343964,0.0161578,0.0656503,0.0146928,0.0181536,0.0138222,0.0633148,0.0108922,0.0153934,0.0587498,0.00129517,0.0204467,0.00668818,0.0620196,0.0114442,0.108433,0.0114655,0.0635271,0.0623806,0.00309992,0.00811075,0.0115079,0.0197248,0.230604
94850,0,0,0,0,0,0,0,0,0,0,0,0,0,0,0,0,0,0,0,0,0,0,0,0,0,0,0,0,0,0,0,0,0,0,0,0,0.00014436,0.007053,0,0,2.06228e-05,0,0,0,0.00115488,0,2.06228e-05,0,0,0,0.000309342,0,0,0.000433079,2.06228e-05,0.000329965,0,0.000433079,0.000268097,0.00115488,0,0.000577439,0.00014436,0.00327903,0.00385647,0.000288719,0.00521757,0.000453702,0.00107239,0.0107239,0.00715611,0.0156733,0.00837286,0.0196123,0.00286657,0.00719736,0.00680553,0.0184162,0.072118,0.0187461,0.016127,0.013343,0.0646113,0.0116106,0.016127,0.0548567,0.00206228,0.0252011,0.00513508,0.0597237,0.00915653,0.109878,0.01159,0.0592287,0.0655187,0.00435141,0.00604248,0.0118375,0.0195298,0.220148
94900,0,0,0,0,0,0,0,0,0,0,0,0,0,0,0,0,0,0,0,0,0,0,0,0,0,0,0,0,0,0,0,0,0,0,0,0,0.000189199,0.00670605,0.000147155,0.000231243,0.000126133,0,0,4.20442e-05,0.00107213,0,0,0,0,0,0.000189199,0,0,0,0,0.000231243,6.30663e-05,0.00010511,0.000315331,0.00189199,0,0.000840884,8.40884e-05,0.0043726,0.0041834,0.000672707,0.00613845,0.00115622,0.000357376,0.011436,0.00920768,0.0136644,0.0106162,0.0193824,0.00222834,0.00924972,0.00651685,0.014232,0.0745023,0.0164393,0.016187,0.0149467,0.0578108,0.00763102,0.0193824,0.0533541,0.00140848,0.0270344,0.00428851,0.0565284,0.00660094,0.106035,0.0109315,0.0597027,0.0650213,0.0061805,0.00939688,0.00950199,0.0235237,0.227943
94950,0,0,0,0,0,0,0,0,0,0,0,0,0,0,0,0,0,0,0,0,0,0,0,0,0,0,0,0,0,0,0,0,0,0,0,0,0.000147105,0.00647263,0.00012609,0.000315225,0,0,0,0,0.00105075,0,0,0,8.40601e-05,0,0,0,0,6.30451e-05,0,0.000819586,6.30451e-05,0.000735526,0.00029421,0.00115583,0,0.000588421,0.000189135,0.00546391,0.00487549,0.0019544,0.00655669,0.00231165,0.000357255,0.0138909,0.00905748,0.015446,0.00933067,0.0175265,0.0011138,0.014017,0.00544289,0.0139119,0.0675003,0.0194389,0.0164548,0.0138489,0.0593674,0.00691394,0.019523,0.0497426,0.00130293,0.0239151,0.00374067,0.0515499,0.0074183,0.11138,0.00981402,0.0638647,0.0640538,0.00500158,0.00596827,0.0119996,0.0246927,0.229148
95000,0,0,0,0,0,0,0,0,0,0,0,0,0,0,0,0,0,0,0,0,0,0,0,0,0,0,0,0,0,0,0,0,0,0,0,0,0,0.00651702,0.000234272,0,0,0,0,0,0.000383354,0,0,0.00017038,2.12974e-05,0,0,0,0,0.000468544,0,0.000319462,0.000191677,0.000575031,0,0.0016399,0,0.000425949,0.000383354,0.00685778,0.00353538,0.000937087,0.0082847,0.00327981,0.000404651,0.0101376,0.00636793,0.0157601,0.00896622,0.0185075,0.00153342,0.0111599,0.00566512,0.0149934,0.0615922,0.0222132,0.0133109,0.0135026,0.0644248,0.0120544,0.0184862,0.0576309,0.000575031,0.0289006,0.00372705,0.0555863,0.00687907,0.110321,0.0104996,0.0589726,0.0700473,0.00655961,0.00528177,0.00877455,0.0230012,0.219939
95050,0,0,0,0,0,0,0,0,0,0,0,0,0,0,0,0,0,0,0,0,0,0,0,0,0,0,0,0,0,0,0,0,0,0,0,0,0,0.0062399,4.09174e-05,0,0,0,0,0,0.00047055,0.000204587,0,4.09174e-05,4.09174e-05,0,0.000143211,0,0,0.00104339,0,0.000102293,0.000163669,0.000695595,0,0.00077743,0,0.000327339,0.00047055,0.00517605,0.0031711,0.00165715,0.00779476,0.00257779,0.000368256,0.0145052,0.00525788,0.0119888,0.0089609,0.0146689,0.00298697,0.00918595,0.00329385,0.0145257,0.0622967,0.0202746,0.0118251,0.0153645,0.0696414,0.0162033,0.0185765,0.0463389,0.00143211,0.0253892,0.00425541,0.0602917,0.00499192,0.11238,0.0139119,0.0629309,0.0772315,0.0062399,0.00499192,0.00951329,0.0204178,0.218621
95100,0,0,0,0,0,0,0,0,0,0,0,0,0,0,0,0,0,0,0,0,0,0,0,0,0,0,0,0,0,0,0,0,0,0,0,0,0,0.00411258,6.23118e-05,8.30824e-05,0,0,0,0.000228476,0.00193166,0.000166165,0,0,0,0,0,0,0,0.000498494,0,0.000228476,4.15412e-05,0.000602347,0,0.0010593,0,0.000747741,0.000664659,0.00660505,0.00216014,0.00122546,0.00652196,0.00207706,0.000519265,0.0170734,0.0045903,0.0103645,0.00826669,0.0163257,0.00240939,0.0122131,0.00583654,0.0139578,0.0639319,0.0192336,0.0133347,0.0156403,0.0713262,0.0111953,0.0201475,0.0466092,0.000685429,0.0201682,0.00583654,0.0594662,0.00421643,0.111102,0.0135632,0.0639942,0.07008,0.00363485,0.00506802,0.0119015,0.0184858,0.229806
95150,0,0,0,0,0,0,0,0,0,0,0,0,0,0,0,0,0,0,0,0,0,0,0,0,0,0,0,0,0,0,0,0,0,0,0,0,2.1516e-05,0.00458291,6.45481e-05,0,2.1516e-05,0,0,6.45481e-05,0.00109732,2.1516e-05,0,0,0.000129096,2.1516e-05,0,0,0,0.00124793,0,0.000645481,0,0.00126945,0,0.00101125,0,0.000236676,0.000753061,0.00434624,0.00309831,0.000839125,0.00378682,0.00258192,0.000559416,0.01405,0.00490565,0.0130817,0.010048,0.0164167,0.00193644,0.00897218,0.00505626,0.0123502,0.0642683,0.0203757,0.0120275,0.0163522,0.0684425,0.0106289,0.0199884,0.0446242,0.00111883,0.0239043,0.00462594,0.0528649,0.00705725,0.118338,0.0120275,0.0670654,0.076597,0.0049702,0.00611055,0.0144372,0.0197517,0.221206
95200,0,0,0,0,0,0,0,0,0,0,0,0,0,0,0,0,0,0,0,0,0,0,0,0,0,0,0,0,0,0,0,0,0,0,0,0,0,0.00327267,0,0,0,0,0,0,0.000979718,0,0,0,0.000479436,0,0,0,0,0.000500281,0,0.000646197,0,0.000562817,0,0.00179268,4.16901e-05,0.000646197,0.000667042,0.00368958,0.00418986,0.000541972,0.00594084,0.00141746,0.00110479,0.0166552,0.00318929,0.0122986,0.00806704,0.015467,0.00266817,0.00994309,0.00393972,0.0106518,0.0688095,0.0190732,0.0141121,0.0146541,0.0694557,0.0134659,0.0212203,0.0430867,0.00193859,0.0222208,0.00227211,0.0516749,0.00696225,0.105872,0.015071,0.0674129,0.0729577,0.00393972,0.00762929,0.0155713,0.0162591,0.236987
95250,0,0,0,0,0,0,0,0,0,0,0,0,0,0,0,0,0,0,0,0,0,0,0,0,0,0,0,0,0,0,0,0,0,0,0,0,0.000273517,0.00307181,0,0.000105199,0,0,0,0,0.000547034,0,0,0,8.41591e-05,0,0,6.31194e-05,0,0.000483915,2.10398e-05,0.00130447,0,0.000420796,0,0.00260893,0.000168318,0.00107303,0.000841591,0.00549138,0.00425004,0.00115719,0.00913127,0.000694313,0.00126239,0.0190831,0.00578594,0.0151486,0.0081424,0.014265,0.00340845,0.00616466,0.00595426,0.0114456,0.0573124,0.0198616,0.0115088,0.0179469,0.0603631,0.0142019,0.0181153,0.0389867,0.000525995,0.023796,0.00096783,0.0466873,0.00738496,0.114141,0.0122031,0.0648867,0.0764375,0.00698521,0.00389236,0.014265,0.0174209,0.249658
95300,0,0,0,0,0,0,0,0,0,0,0,0,0,0,0,0,0,0,0,0,0,0,0,0,0,0,0,0,4.26485e-05,0,0,0,0,0,0,0,2.13242e-05,0.00287877,0,6.39727e-05,4.26485e-05,0,0,0,0.0007037,0,0,0,8.52969e-05,0,0,0.000127945,2.13242e-05,0.000575754,2.13242e-05,0.00040516,0,0.000383836,0,0.00100224,0,0.000490457,0.00014927,0.00699435,0.0041369,0.00268685,0.00599211,0.000959591,0.000639727,0.0207272,0.00550165,0.0166116,0.00759143,0.0142446,0.00279347,0.00537371,0.006248,0.0136049,0.0617123,0.0205139,0.0110673,0.0209404,0.0622454,0.0133276,0.0206632,0.0426058,0.000277215,0.0261009,0.00168461,0.0395991,0.00684508,0.1037,0.0108327,0.0670007,0.0768525,0.00720759,0.00776202,0.0160998,0.0252479,0.236592
95350,0,0,0,0,0,0,0,0,0,0,0,0,0,0,0,0,0,0,0,0,0,0,0,0,0,0,0,0,0,0,0,0,0,0,0,0,0,0.00269673,0,2.02762e-05,0,0,0,0,0.00115574,0,0,0,0.000223038,0,0,0,0.000101381,0.00026359,0,0.000628561,0.000324419,0.000121657,0,0.00143961,0,0.000871875,8.11046e-05,0.00531235,0.00204789,0.00182485,0.00806991,0.00176403,0.000770494,0.0165251,0.0056976,0.0175389,0.00857682,0.0144164,0.00251424,0.00768467,0.00675196,0.017985,0.0669519,0.0182283,0.0103611,0.0177416,0.0592875,0.00912427,0.018208,0.0426205,0.000364971,0.024818,0.00137878,0.0456619,0.00853626,0.106389,0.0125712,0.0655934,0.0839433,0.00480545,0.00731969,0.014315,0.0187352,0.237637
95400,0,0,0,0,0,0,0,0,0,0,0,0,0,0,0,0,0,0,0,0,0,0,0,0,0,0,0,0,0,0,8.16327e-05,0,0,0,0,0,2.04082e-05,0.0042449,0,6.12245e-05,6.12245e-05,0,0,0,0.000734694,0,0,0,0.000265306,0,0,0,6.12245e-05,0.000469388,2.04082e-05,0.000959184,6.12245e-05,2.04082e-05,0,0.00118367,0,0.000612245,0.000122449,0.00393878,0.00159184,0.00293878,0.0104898,0.00116327,0.000183673,0.019,0.00483673,0.0164286,0.00779592,0.0136327,0.00326531,0.00832653,0.00669388,0.0149592,0.0730612,0.0179796,0.0129184,0.0199184,0.0582449,0.0109388,0.0159184,0.0389592,0.000816327,0.0213265,0.00271429,0.0483265,0.00965306,0.114837,0.00734694,0.0695102,0.0786327,0.00328571,0.00910204,0.0106531,0.0127551,0.238878
95450,0,0,0,0,0,0,0,0,0,0,0,0,0,0,0,0,0,0,0,0,0,0,0,0,0,0,0,0,0,0,0.000101777,0,0,0,0,0,0,0.00394895,0,8.14216e-05,2.03554e-05,0,0,0,0.000977059,0,0,0,4.07108e-05,0,0,0,0,0.000305331,0,0.000773505,6.10662e-05,0.000305331,2.03554e-05,0.00162843,0,0.000610662,0.000386753,0.0045189,0.00140452,0.00201519,0.00765363,0.000671728,0.000814216,0.0139027,0.00490565,0.0154701,0.00938384,0.0140045,0.00315509,0.0095874,0.00844749,0.0152258,0.0677428,0.014717,0.00970953,0.0172003,0.0612698,0.0137195,0.0179738,0.0409958,0.0020559,0.0228184,0.00464103,0.0486087,0.00812181,0.111303,0.0137806,0.0642417,0.0735848,0.00376575,0.00930242,0.0124779,0.0181163,0.24343
95500,0,0,0,0,0,0,0,0,0,0,0,0,0,0,0,0,0,0,0,0,0,0,0,0,0,0,0,0,0,0,0,0,0,0,0,0,0,0.00348088,0,0,0,0,0,0,0.000617907,0,0,0,0.000144178,0,0,0,0,8.23876e-05,0,0.000720891,0,0.000370744,0,0.00086507,2.05969e-05,0.000638504,0.000679698,0.00385162,0.00115343,0.00092686,0.00848592,0.000720891,0.000968054,0.0170748,0.00512863,0.0134704,0.00632325,0.0153241,0.00205969,0.00671459,0.00815637,0.0190521,0.0733044,0.0189491,0.0102779,0.0146032,0.0601841,0.0123787,0.014665,0.0504006,0.00105044,0.0203703,0.00442833,0.046549,0.00683817,0.104385,0.0135734,0.0622232,0.0708533,0.0046755,0.00852712,0.0155919,0.0154477,0.253692
95550,0,0,0,0,0,0,0,0,0,0,0,0,0,0,0,0,0,0,0,0,0,0,0,0,0,0,0,0,0,0,0,0,0,0,0,0,2.10779e-05,0.00383618,2.10779e-05,0.000252935,0,0,0,0,0.00196025,0,0,0,0,0,0,0,0,0.000231857,0,0.00128575,0,0.000189701,0,0.00185486,0,0.000927429,0.000274013,0.00600721,0.00130683,0.000295091,0.00708218,0.000274013,0.0020024,0.0189701,0.00550134,0.014059,0.00817823,0.0191598,0.00113821,0.0068714,0.00925321,0.0202559,0.0672175,0.0203824,0.0114664,0.0137007,0.060852,0.0152183,0.0169256,0.0467087,0.0014333,0.0200873,0.00425774,0.0464347,0.00333031,0.112872,0.0132791,0.0608941,0.0733512,0.00805177,0.00514301,0.0129418,0.0198765,0.234365
95600,0,0,0,0,0,0,0,0,0,0,0,0,0,0,0,0,0,0,0,0,0,0,0,0,0,0,0,0,0,0,8.38451e-05,0,0,0,0,0,4.19226e-05,0.0029765,0,4.19226e-05,6.28839e-05,0,0,0,0.00138344,0,0,0,0.00016769,0,0.000146729,0,0,2.09613e-05,0.000461148,0.00081749,0,0.000565955,4.19226e-05,0.000964219,0,0.000503071,0.000586916,0.00517744,0.00125768,0.000440187,0.00651896,0.000733645,0.000251535,0.0174607,0.00848932,0.0125977,0.00777664,0.0164336,0.00117383,0.0107112,0.00943258,0.0180267,0.0581256,0.0166852,0.0136668,0.0148196,0.0596977,0.0127025,0.0117802,0.0528434,0.00199132,0.0218626,0.00226382,0.0448152,0.00356342,0.11491,0.0122624,0.06498,0.0653782,0.00838451,0.00404553,0.0134991,0.0283816,0.247993
95650,0,0,0,0,0,0,0,0,0,0,0,0,0,0,0,0,0,0,0,0,0,0,0,0,0,0,0,0,0,0,2.00759e-05,0,0,0,0,0,2.00759e-05,0.0034932,4.01518e-05,0,0,0,0,0,0.000501897,0,0,0,0.000120455,0,0.000100379,2.00759e-05,0,0.000642428,0.000301138,0.000260987,2.00759e-05,0.000883339,2.00759e-05,0.00146554,2.00759e-05,0.000140531,0.000321214,0.0049989,0.00186706,0.000923491,0.00489852,0.00194736,0.000301138,0.0159804,0.00560117,0.0126277,0.00851218,0.0173255,0.00122463,0.00913453,0.00503905,0.0164221,0.0602879,0.0173054,0.0130293,0.0171247,0.0562125,0.0119652,0.0168035,0.0437654,0.00146554,0.0233884,0.00375419,0.0444279,0.00443677,0.12427,0.0104395,0.0663307,0.0676959,0.00660497,0.0072474,0.0130493,0.0282869,0.246913
95700,0,0,0,0,0,0,0,0,0,0,0,0,0,0,0,0,0,0,0,0,0,0,0,0,0,0,0,0,0,0,0,0,0,0,0,0,6.18034e-05,0.00492367,0,0,0.00018541,0,0,0,0.00090645,0,0,0,8.24046e-05,0,0.000103006,0,0,0.000288416,0.000494427,0.000247214,0,0,2.06011e-05,0.00135968,0,0.000309017,0.000803445,0.0036258,0.00170989,0.000968254,0.00508848,0.000350219,8.24046e-05,0.014256,0.00630395,0.00962073,0.0100534,0.0158011,0.00138028,0.00929111,0.00344039,0.0165427,0.0652026,0.0162955,0.0108774,0.0214458,0.061927,0.00848767,0.0151006,0.0438598,0.00156569,0.024845,0.00374941,0.0528831,0.00430564,0.118457,0.0122577,0.05723,0.0616798,0.00607734,0.00992975,0.01405,0.0291712,0.252302
95750,0,0,0,0,0,0,0,0,0,0,0,0,0,0,0,0,0,0,0,0,0,0,0,0,0,0,0,0,0,0,0,0,0,0,0,0,0.000121748,0.00351041,0,0,0,0,0,0,0.00115661,0,0,0,0.000223205,0,2.02914e-05,0,0,0.000527576,0,0.000284079,0,0,0,0.000426119,2.02914e-05,0.000486993,0.00014204,0.00355099,0.00227264,0.00144069,0.00545838,0.00140011,0.000284079,0.0159896,0.00592508,0.011424,0.00846151,0.0219959,0.00166389,0.00978045,0.00501197,0.0122763,0.0688892,0.0135749,0.0129865,0.0170853,0.0600828,0.0098819,0.0107139,0.0448237,0.00280021,0.0261353,0.00478877,0.0605292,0.00754839,0.113672,0.00955724,0.0595958,0.0593523,0.00742665,0.0107341,0.0128444,0.0258918,0.24723
95800,0,0,0,0,0,0,0,0,0,0,0,0,0,0,0,0,0,0,0,0,0,0,0,0,0,0,0,0,0,0,0.00014118,0,2.01686e-05,0,0,0,4.03372e-05,0.00371102,0,0,2.01686e-05,0,0,0,0.000423541,0,0,0,0.00072607,0,0,0,0,0.000524384,0,0.000746239,0,0,0,0.000242023,0,0.000322698,2.01686e-05,0.0034085,0.00223872,0.000242023,0.00338833,0.00231939,6.05058e-05,0.0171635,0.00790609,0.0135735,0.008612,0.0199266,0.00112944,0.0140172,0.00510266,0.0143399,0.0616958,0.0150861,0.0107499,0.0168206,0.0569158,0.00863216,0.0180912,0.0499576,0.00302529,0.0197652,0.00296479,0.0581864,0.00843048,0.101912,0.00873301,0.0642975,0.0602436,0.0105482,0.0103263,0.0106289,0.0239603,0.258662
95850,0,0,0,0,0,0,0,0,0,0,0,0,0,0,0,0,0,0,0,0,0,0,0,0,0,0,0,0,0,0,6.36159e-05,0,0,0,0,0,0,0.00337164,0,2.12053e-05,0.000106027,0,0,0,0.000487722,0,0,0,0.000614954,0,0,0,0,0.000275669,0,0.000890623,0,0,2.12053e-05,0.0011875,0,4.24106e-05,0.000106027,0.00352008,0.00101785,0.000975444,0.00727342,0.00381696,0.000254464,0.016837,0.008779,0.018385,0.00684932,0.0221808,0.00392298,0.0107511,0.00536494,0.0131473,0.0585267,0.0156071,0.0128504,0.0169642,0.0587387,0.00807922,0.0155223,0.0610925,0.00106027,0.0210781,0.00566182,0.0556003,0.0083973,0.104415,0.0112812,0.0579965,0.0621952,0.00750668,0.0116205,0.0110056,0.0206752,0.243861
95900,0,0,0,0,0,0,0,0,0,0,0,0,0,0,0,0,0,0,0,0,0,0,0,0,0,0,0,0,0,0,0.000105157,0,0,0,0,0,0,0.00368049,0,0,2.10314e-05,0,0,0,0.000294439,0,0,0,6.30941e-05,0,0,0,0.000189282,0.000399596,0,0.00136704,0,0.000441659,0,0.00121982,2.10314e-05,0.00014722,0.000673004,0.00584672,0.00220829,0.00204004,0.00532094,0.0032809,0.000273408,0.0149743,0.00767645,0.0159628,0.00679314,0.0199167,0.00243964,0.011399,0.00761336,0.00952721,0.0622318,0.0152688,0.0105998,0.0141331,0.0597922,0.00826533,0.0166358,0.0508959,0.000778161,0.020779,0.00450072,0.06566,0.00916968,0.113633,0.00963237,0.0532935,0.0532094,0.00551022,0.0116093,0.0119669,0.021431,0.257109
95950,0,0,0,0,0,0,0,0,0,0,0,0,0,0,0,0,0,0,0,0,0,0,0,0,0,0,0,0,0,0,2.07883e-05,0,0,0,0,0,0,0.00407451,0,0,0.000311824,0,0,0,0.000415766,0,0,0,0,0,0.000187095,0,0,0.000415766,0,0.000519707,0,2.07883e-05,0,0.00203725,0,2.07883e-05,0.000478131,0.00324297,0.00139282,0.00143439,0.00584151,0.00097705,0.00012473,0.0143231,0.00742142,0.0150091,0.0104565,0.0170464,0.0026609,0.0094171,0.0065691,0.0140945,0.0616997,0.0164851,0.0139697,0.0140321,0.066086,0.00787876,0.0180234,0.0507026,0.000207883,0.0194371,0.00278563,0.0602653,0.00927158,0.118805,0.00962498,0.0515758,0.0581241,0.00694329,0.00453185,0.0135748,0.0227008,0.254761
96000,0,0,0,0,0,0,0,0,0,0,0,0,0,0,0,0,0,0,0,0,0,0,0,0,2.05267e-05,0,0,0,0.000102634,0,0.00018474,0,0,0,0,0,0,0.0036127,0,0,2.05267e-05,0,0,0,0.000595275,0,0,0,0.00012316,0,4.10534e-05,0,0,0.000513168,0,0.000656855,0,0,4.10534e-05,0.00129318,0,2.05267e-05,0.00012316,0.00336638,0.00182688,0.000780015,0.00617854,0.000287374,0.000431061,0.0145534,0.00808753,0.0117618,0.00972966,0.0177351,0.0047622,0.0126855,0.00642486,0.0135271,0.0518094,0.0185562,0.0184125,0.0162982,0.0694008,0.0106123,0.0153129,0.0454872,0.000780015,0.0295995,0.00387955,0.0613749,0.00738962,0.107642,0.015005,0.0563253,0.0602459,0.00858017,0.00379744,0.0103044,0.0217788,0.247922
96050,0,0,0,0,0,0,0,0,0,0,0,0,0,0,0,0,0,0,0,0,0,0,0,0,0,0,0,0,0.000247586,0,0.000557069,0,0,0,0,0,8.25287e-05,0.00276471,0,4.12643e-05,0,0,0,0,0.000784022,0,0,0,0.000309483,2.06322e-05,0.000557069,0,0,2.06322e-05,0,0.000928448,2.06322e-05,0.000123793,0,0.000990344,0,0,0.000226954,0.00311546,0.00253776,0.00214575,0.00899563,0.000701494,0.00047454,0.0166502,0.00744821,0.0112445,0.00759264,0.0199513,0.00373442,0.0124618,0.00691178,0.0134934,0.0477635,0.017723,0.0192085,0.0148758,0.0709953,0.0110176,0.0149171,0.0530247,0.000928448,0.0240571,0.00323925,0.0528803,0.00565321,0.107287,0.01077,0.0606998,0.0722745,0.00926384,0.00400264,0.00862425,0.0245935,0.241066
96100,0,0,0,0,0,0,0,0,0,0,0,0,0,0,0,0,0,0,0,0,0,0,0,0,0,0,0,0,7.78786e-05,0,0.000194696,0,0,0,0,0,7.78786e-05,0.00344613,0,1.94696e-05,7.78786e-05,0,0,0,0.00161598,0,0,0.000136288,0,0,1.94696e-05,0,0,0,0,0.000798256,0,0.000661968,0,0.0015381,5.84089e-05,0,0.000214166,0.0037187,0.00214166,0.000584089,0.00926755,0.0010903,0,0.0157899,0.00710642,0.013765,0.00646392,0.0162572,0.00354348,0.0116818,0.00428332,0.012811,0.056131,0.0172306,0.0150695,0.0172306,0.0775865,0.0119349,0.0178342,0.0533858,0.00165492,0.0266539,0.00443908,0.0517503,0.00683385,0.106772,0.0102021,0.0602975,0.0598886,0.00693119,0.00708695,0.00967641,0.023714,0.240255
96150,0,0,0,0,0,0,0,0,0,0,0,0,0,0,0,0,0,0,0,0,0,0,0,0,0,0,0,0,2.03641e-05,0,0.000122185,0,0,0,0,0,0.00034619,0.00305462,0,0,0,0,0,0,0.000488739,0,0,0.000142549,0,0,0,0,0,6.10923e-05,0,0.000427646,0,0.000305462,0,0.000773836,0.000285098,0.000122185,0.00069238,0.00340081,0.00254551,0.00112003,0.0112614,0.00183277,0.000285098,0.0126257,0.00686271,0.012361,0.00651652,0.0149676,0.0028917,0.00757545,0.00433756,0.0135625,0.0646561,0.0179815,0.0173706,0.0202012,0.0865271,0.0104468,0.0165764,0.0426628,0.00221969,0.0250682,0.003747,0.055146,0.00655724,0.1074,0.0108541,0.0522136,0.0615607,0.00224005,0.00621105,0.00979514,0.0255773,0.245998
96200,0,0,0,0,0,0,0,0,0,0,0,0,0,0,0,0,0,0,0,0,0,0,0,0,0,0,0,0,1.99748e-05,0,0.000119849,0,0,0,0,0,0.000279648,0.0026167,0,0,0.000339572,0,0,0,0.000379522,0,0,0,0,5.99245e-05,7.98993e-05,0,0.000219723,0.00057927,9.98742e-05,0.000339572,0,0.000459421,0,0.00265665,9.98742e-05,0.000179773,0.000359547,0.00453429,0.00203743,0.000479396,0.00910852,0.00193756,0.000719094,0.0137027,0.00679144,0.0113257,0.00471406,0.0154805,0.00201746,0.00824961,0.00329585,0.0171584,0.0579869,0.0170186,0.0197152,0.0189761,0.0828157,0.0115654,0.0180173,0.0448635,0.00279648,0.0241895,0.00393504,0.0582266,0.00391507,0.110061,0.0123045,0.0561093,0.0632403,0.00313605,0.00894872,0.0114456,0.0238499,0.236442
96250,0,0,0,0,0,0,0,0,0,0,0,0,0,0,0,0,0,0,0,0,0,0,0,0,0,0,0,0,0,0,7.85114e-05,0,0,0,0,0,0,0.00296381,0,0,5.88836e-05,0,0,0,0.00113842,0,0,0,0.000137395,0,0.000372929,0,0.000196279,9.81393e-05,0.000372929,0.000215906,0,0.000529952,0,0.00139358,1.96279e-05,3.92557e-05,0.000314046,0.00445552,0.00208055,0.00135432,0.00692863,0.00139358,0.000353301,0.0197653,0.00887179,0.0115216,0.0062024,0.0199419,0.00135432,0.00761561,0.00416111,0.0175866,0.0613174,0.0133469,0.0147405,0.018352,0.0668132,0.010128,0.01635,0.0513072,0.00300306,0.0218065,0.0027479,0.0600024,0.00484808,0.113488,0.0141321,0.0546243,0.0582162,0.0035919,0.00812593,0.00969616,0.0241226,0.247723
96300,0,0,0,0,0,0,0,0,0,0,0,0,0,0,0,0,0,0,0,0,0,0,0,0,0,0,0,0,0,0,0,0,0,0,0,0,1.94769e-05,0.00296048,0,0,0,0,0,0,0.000642736,0,0,0.000116861,3.89537e-05,0,3.89537e-05,0,3.89537e-05,0,1.94769e-05,0.000759597,0,0.000175292,3.89537e-05,0.00111018,5.84306e-05,0,0.00122704,0.00436281,0.00165553,0.00105175,0.0074012,0.000876458,0.000331106,0.0203144,0.00823871,0.0154841,0.00527823,0.0210155,0.00130495,0.00856981,0.00426543,0.015971,0.0677989,0.0139844,0.0186393,0.0192821,0.0728239,0.00932941,0.0159321,0.040804,0.00212298,0.0233722,0.00183082,0.0623259,0.00603782,0.101221,0.0186783,0.0574957,0.0554701,0.00632998,0.00654422,0.0126015,0.0340066,0.230002
96350,0,0,0,0,0,0,0,0,0,0,0,0,0,0,0,0,0,0,0,0,0,0,0,0,0,0,0,0,0,0,0,0,0,0,0,0,8.02327e-05,0.00334971,2.00582e-05,0,0,0,0,6.01745e-05,0.000501454,0,0,0,0.000381105,0,4.01163e-05,0,0,0,0.00022064,0.000882559,2.00582e-05,0.000300873,6.01745e-05,0.00116337,4.01163e-05,0,0.00144419,0.00671949,0.00102297,0.00098285,0.0076221,2.00582e-05,0,0.0166884,0.00978839,0.0177314,0.00473373,0.0198375,0.00256745,0.0121553,0.00599739,0.0141009,0.0546786,0.0142413,0.0136396,0.0180724,0.080012,0.00780263,0.0184134,0.0383913,0.00300873,0.0193962,0.00182529,0.0657507,0.00669943,0.108495,0.0138201,0.0567446,0.0616388,0.00347006,0.00902618,0.0131582,0.0250727,0.238111
96400,0,0,0,0,0,0,0,0,0,0,0,0,0,0,0,0,0,0,0,0,0,0,0,0,0,0,0,0,0,4.04285e-05,0,0,0,0,0,0,2.02143e-05,0.00398221,0,0,0,0,0,0,0.000727714,0,0,0,0.000970285,0,0,0,0,0,0.000343643,0.00159693,0,0.000384071,2.02143e-05,0.000970285,0,8.08571e-05,0.00200121,0.00335557,0.000788357,0.00151607,0.00497271,0.000586214,0,0.0158076,0.00889428,0.0137861,0.00394178,0.0185971,0.00147564,0.0105316,0.00549828,0.0155448,0.0539317,0.0167778,0.0192844,0.0202547,0.0708308,0.0103295,0.0213665,0.0403881,0.00289064,0.0214069,0.0038205,0.0665252,0.00758035,0.11223,0.0123711,0.0488377,0.0669699,0.00299171,0.0106933,0.012735,0.0229432,0.238407
96450,0,0,0,0,0,0,0,0,0,0,0,0,0,0,0,0,0,0,0,0,0,0,0,0,0,0,0,0,0,0.000194058,7.76232e-05,0,0,0,0,0,1.94058e-05,0.00329899,0,0,0,0,0,0,0.000543362,0,0,0,0.000620985,0,0,0,0,0,0.000388116,0.00145543,0,0.00110613,0,0.000446333,0,0.000426927,0.00036871,0.00444393,0.00131959,0.00145543,0.00510372,0.00106732,0.000135841,0.0162038,0.0102657,0.0132542,0.00360948,0.01731,0.00114494,0.0132542,0.00933419,0.0123615,0.0549378,0.019561,0.0136617,0.0215792,0.0829016,0.0119152,0.0219091,0.0385787,0.00287206,0.023384,0.00345423,0.0567425,0.00327958,0.116687,0.0136617,0.0585085,0.065087,0.00397819,0.00809222,0.00983874,0.0268964,0.223264
96500,0,0,0,0,0,0,0,0,0,0,0,0,0,0,0,0,0,0,0,0,0,0,0,0,0,0,0,2.00112e-05,0,8.00448e-05,0.000220123,0,0,0,0,0,0.000320179,0.00480269,0,0.000100056,0,0,0,0,0.00146082,0,0,0,0.000780437,0,0,0,0,0,0.000740415,0.00148083,0,0.00108061,0,0.000560314,0,0.000420235,0.00112063,0.00342192,0.00112063,0.00130073,0.00692388,0.00184103,0,0.01779,0.0149484,0.0122068,0.00794445,0.0181302,0.00156087,0.0132274,0.00726407,0.0133275,0.0591931,0.0201313,0.0151485,0.0225126,0.0868887,0.0102657,0.021472,0.0403626,0.00348195,0.0227728,0.0042824,0.0536901,0.00308173,0.113864,0.00834467,0.0634155,0.0509285,0.00346194,0.00718402,0.00848475,0.0279957,0.218843
96550,0,0,0,0,0,0,0,0,0,0,0,0,0,0,0,0,0,0,0,0,0,0,0,0,0,0,0,0,0,4.09057e-05,0.00028634,0,0,0,0,0,2.04528e-05,0.00388604,0,0.000163623,0,0,0,0,0.00155441,0,2.04528e-05,0,0.000347698,4.09057e-05,0,0,0,2.04528e-05,4.09057e-05,0.000756755,2.04528e-05,0.000613585,0,0.0014317,0,0.000674943,0.00106355,0.00333381,0.0025157,0.00134989,0.00636083,0.00470415,0,0.0139284,0.0102878,0.00987871,0.0119035,0.0203506,0.002168,0.00920377,0.00478596,0.0161373,0.0539955,0.019062,0.0146442,0.0180803,0.0820158,0.00918332,0.0220072,0.0335222,0.00276113,0.020146,0.00355879,0.0618493,0.00613585,0.121756,0.0103491,0.0630356,0.058086,0.00212709,0.00891743,0.00828339,0.0309451,0.221647
96600,0,0,0,0,0,0,0,0,0,0,0,0,0,0,0,0,0,0,0,0,0,0,0,0,0,0,0,0,0,0,0.000542932,0,0,0,0,0,0.000241303,0.00380052,0,0,0,0,0,0,0.00124673,0,2.01086e-05,0,0.000160869,6.03258e-05,0,0,0,0,0.000100543,0.00108586,0.000100543,0.000884778,2.01086e-05,0.000603258,0,0.000402172,0.00195053,0.00402172,0.00189021,0.0014076,0.00667605,0.00365976,0.000100543,0.0127086,0.00810376,0.0104364,0.00752061,0.0177157,0.00148804,0.00870702,0.0058516,0.0162678,0.0580334,0.016489,0.0133923,0.0201086,0.0817012,0.0111402,0.0160064,0.0428916,0.00213151,0.0254575,0.00217173,0.0691132,0.00454454,0.110517,0.00669616,0.0633018,0.0578524,0.00325759,0.00931028,0.0077217,0.023527,0.236859
96650,0,0,0,0,0,0,0,0,0,0,0,0,0,0,0,0,0,0,0,0,0,0,0,0,0,0,0,0,0,0,0.000350611,0,0,0,0,1.94784e-05,5.84351e-05,0.00389567,0,3.89567e-05,0,0,0.000155827,0,0.00103235,0,0,0,0,0.000331132,0,1.94784e-05,0,0,0,0.000448002,9.73918e-05,0.000428524,1.94784e-05,0.00198679,0,0.0007207,0.00165566,0.00438263,0.00270749,0.00183097,0.00874579,0.00255167,0,0.0126804,0.00605777,0.00997293,0.00697326,0.0174721,0.00146088,0.00862892,0.00397359,0.0108884,0.0586688,0.0159723,0.0131869,0.0190888,0.083757,0.0088237,0.0152126,0.0446834,0.00146088,0.0234909,0.00342819,0.0630515,0.00259062,0.127233,0.0124662,0.0623113,0.0550459,0.00286332,0.010343,0.0099924,0.0228286,0.233916
96700,0,0,0,0,0,0,0,0,0,4.03804e-05,0,0,0,0,0,0,0,0,0,0,0,0,0,0,0,0,0,0,0,0,0.000181712,0,0,0,0,0,2.01902e-05,0.00335157,0,2.01902e-05,0,0,0,0,0.000282663,0,0,0,0,0.000302853,0,2.01902e-05,0,0,8.07608e-05,8.07608e-05,0.000141331,0.000706657,0,0.00193826,2.01902e-05,0.000302853,0.00145369,0.00462355,0.00280644,0.00157483,0.00714733,0.00401785,0,0.0111046,0.00692524,0.0130025,0.00734923,0.0222092,0.000908559,0.0104989,0.00785398,0.00914616,0.0627915,0.017202,0.011569,0.0167175,0.0742191,0.00856064,0.0136082,0.0431464,0.00250358,0.0286701,0.00203921,0.0669305,0.00522926,0.119425,0.010297,0.0731289,0.0597226,0.00478508,0.00841931,0.0104787,0.0280644,0.214379
96750,0,0,0,0,0,0,0,0,0,0,0,0,0,0,0,0,0,0,0,0,0,0,0,0,0,0,0,0,0,3.96574e-05,0.000277602,0,0,0,0,0,0.000118972,0.0024191,0,0.000138801,0,0,0,0,0.000495717,0,0,0,0,0.000218115,0,0,0,0,7.93147e-05,0.000396574,0,0.00130869,0,0.00148715,0,0.000396574,0.00128886,0.00382694,0.00285533,0.00251824,0.00910136,0.00499683,1.98287e-05,0.0121352,0.0104299,0.00886342,0.00618655,0.0231401,0.000535374,0.00773319,0.00872462,0.0113023,0.0509795,0.0171518,0.0118972,0.0202054,0.0768361,0.00715815,0.0205425,0.0372779,0.000951777,0.0231797,0.0018639,0.070134,0.00372779,0.128351,0.0104299,0.0678537,0.0566505,0.0048382,0.0078125,0.0104101,0.0259359,0.224778
96800,0,0,0,0,0,0,0,0,0,0,0,0,0,0,0,0,0,0,0,0,0,0,0,0,0,0,0,0,0,3.82278e-05,7.64555e-05,0,0,0,0,0,9.55694e-05,0.0034405,0,0.000286708,0,0,0,0,0.000764555,0,0,0,0,3.82278e-05,0,0,0,0,0.000152911,0.000860125,0,0.000783669,0,0.000764555,0,9.55694e-05,0.00116595,0.00475936,0.0028862,0.00309645,0.00703391,0.00579151,3.82278e-05,0.0132077,0.00846745,0.00928935,0.00951871,0.0175848,0.00101304,0.00770289,0.00560037,0.0132268,0.0601514,0.0136473,0.0108567,0.0197255,0.0807753,0.00714859,0.0188845,0.0370618,0.00204519,0.0277151,0.00351695,0.0649299,0.00378455,0.111682,0.0135135,0.0669559,0.0583356,0.00389923,0.00573416,0.00858213,0.0232616,0.240013
96850,0,0,0,0,0,0,0,0,0,0,0,0,0,0,0,0,0,0,0,0,0,0,0,0,0,0,0,0,0,0.000565115,0.000448195,0,0,0,0,0,1.94867e-05,0.00393632,0,0,0,0,0,0,0.0019097,0,0,0,0,0,0,9.74336e-05,0,0,9.74336e-05,0.000526141,0,3.89734e-05,0,0.000915876,0,0,0.00122766,0.00570961,0.00292301,0.00155894,0.0057291,0.00216303,0,0.0170314,0.00709317,0.0133484,0.00771674,0.0166222,0.000974336,0.00820391,0.00294249,0.0112244,0.0549915,0.0176355,0.00785315,0.0163883,0.0749849,0.0127053,0.0157453,0.0407467,0.0019097,0.0257225,0.00426759,0.0634488,0.00350761,0.107878,0.0105228,0.0713799,0.057252,0.00584602,0.00465733,0.00962644,0.024943,0.254964
96900,0,0,0,0,0,0,0,0,0,0,0,0,0,0,0,0,0,0,0,0,0,0,0,0,0,0,0,0,0,0,0.000331656,0,0,0,0,3.90183e-05,1.95091e-05,0.00333606,0,0,0,0,0,3.90183e-05,0.00253619,0,0,0,0,0,0,3.90183e-05,0,0,5.85274e-05,0.000507238,0,0.000195091,0,0.00144368,0,0,0.000624293,0.00401888,0.00158024,0.00120957,0.00842795,0.00204846,1.95091e-05,0.0161926,0.00883764,0.0132662,0.00948145,0.014866,0.00068282,0.00698428,0.00409692,0.0121932,0.0619416,0.0182215,0.0111983,0.0157049,0.064946,0.0125834,0.0161926,0.0429787,0.00200944,0.0243474,0.0040579,0.064985,0.00678918,0.118733,0.0155683,0.0632292,0.0557962,0.00442858,0.00801826,0.00794022,0.0210699,0.246186
96950,0,0,0,0,0,0,0,0,0,0,0,0,0,0,0,0,0,0,0,0,0,0,0,0,0,0,0,0,0,9.90491e-05,0.000376387,0,0,0,0,0,0.000118859,0.00330824,0,0,0,0,0,0,0.00168384,0,0,0,0,0,0,0,0,0,0,0.0012084,0,0.000297147,0,0.000515055,0,0,0.00112916,0.00370444,0.00180269,0.00128764,0.00590333,0.00215927,3.96197e-05,0.0170563,0.00721078,0.0159865,0.0113114,0.012183,0.00146593,0.00723059,0.00489303,0.0144612,0.0586371,0.0161054,0.0133518,0.0162242,0.0721474,0.0131933,0.0127971,0.039897,0.00172345,0.0202456,0.00542789,0.062084,0.00972662,0.13124,0.0114303,0.0590927,0.062599,0.00491284,0.0107369,0.00905309,0.0241284,0.229814
97000,0,0,0,0,0,0,0,0,0,0,0,0,0,0,0,0,0,0,0,0,0,0,0,0,0,0,0,0,0,3.86496e-05,3.86496e-05,0,0,0,0,0,0.000212573,0.00313062,0,0,0,0,0,0,0.00092759,0,0,0,0,0.000231898,0,0,0,0,7.72992e-05,0.000637718,0,0.00044447,0,0.00141071,0,0,0.00133341,0.0043674,0.00137206,0.00088894,0.00419348,0.00139139,1.93248e-05,0.0192861,0.00825169,0.0137013,0.00885075,0.0135467,0.00160396,0.00873481,0.00488917,0.0111504,0.0596943,0.0156531,0.0151893,0.0173537,0.0707287,0.0116915,0.0184359,0.0335865,0.00129476,0.0216051,0.00403888,0.053433,0.00792316,0.134172,0.00836763,0.0617041,0.0656656,0.00599069,0.00946915,0.0120393,0.0232091,0.238023
97050,0,0,0,0,0,0,0,0,0,0,0,0,0,0,0,0,0,0,0,0,0,0,0,0,0,0,0,0,0,0.000151593,1.89491e-05,0,0,0,0,0,0.000170542,0.00280446,0,9.47454e-05,0,0,0,0,0.000909556,0,0,0,0,0.000113695,0,0,0,1.89491e-05,9.47454e-05,0.000113695,0,0.00126959,0,0.00267182,0.000341084,0.000189491,0.00206545,0.00280446,0.000644269,0.00202755,0.00473727,0.00397931,0.000492676,0.0224547,0.00960719,0.0129233,0.00956929,0.00977773,0.001118,0.00890607,0.00680272,0.00865973,0.0672124,0.0173574,0.0137949,0.0162204,0.0813863,0.0108957,0.0206356,0.0333314,0.00161067,0.0285184,0.00534364,0.0546681,0.00627215,0.114452,0.0113884,0.0638963,0.0620961,0.00583632,0.00646164,0.0156709,0.0216588,0.225759
97100,0,0,0,0,0,0,0,0,0,0,0,0,0,0,0,0,0,0,0,0,0,0,0,0,0,0,0,0,0,5.78681e-05,0.000347209,0,0,0,0,0,0.000250762,0.00237259,0,0.000115736,0,0,0,0,0.00148528,0,0,0,0,0.000115736,0,0,0,3.85788e-05,0.000115736,0.000327919,0,0.000694418,0,0.000810154,3.85788e-05,0.000115736,0.00117665,0.0034528,0.000482234,0.000694418,0.00545889,0.00268122,9.64469e-05,0.0165889,0.0102619,0.0113422,0.00754215,0.00958682,0.00109949,0.0120944,0.00669341,0.0118437,0.0609544,0.0214691,0.0147178,0.0163574,0.0868408,0.00954824,0.0174183,0.0387331,0.00258478,0.0220092,0.00333706,0.0618996,0.00821728,0.119613,0.00790865,0.0673392,0.0590834,0.00310559,0.00721423,0.015933,0.0209868,0.226747
97150,0,0,0,0,0,0,0,0,0,0,0,0,0,0,0,0,0,0,0,0,0,0,0,0,0,0,0,0,0,3.90617e-05,7.81235e-05,0,0,0,0,0,0.00023437,0.00273432,0,0,0,0,0,0,0.000820296,0,0,0,0,0,0,0,0,1.95309e-05,3.90617e-05,0.000781235,0,0.000976543,0,0.00152341,0,0,0.000859358,0.00515615,0.00150388,0.000820296,0.00513662,0.00181637,0,0.016113,0.00763657,0.0118357,0.00521474,0.0117185,0.00189449,0.00976543,0.00652331,0.00806625,0.060448,0.0184567,0.0157614,0.0168551,0.0735533,0.01041,0.0181442,0.0440226,0.00224605,0.0234566,0.00242183,0.0621472,0.00646472,0.115095,0.0111717,0.0613269,0.0554872,0.00638659,0.00349603,0.0157614,0.0260932,0.249487
97200,0,0,0,0,0,0,0,0,0,0,0,0,0,0,0,0,0,0,0,0,0,0,0,0,0,0,0,0,0,0,0,0,0,0,0,0,9.84194e-05,0.00311005,0,5.90516e-05,0,0,0,0,0.000846407,0,0,0,0,3.93678e-05,0.00025589,0,0,0,0,0.000649568,0,0.00151566,1.96839e-05,0.00226365,0,7.87355e-05,0.000570832,0.00289353,0.00112198,0.00100388,0.00555085,0.00236207,0,0.0180698,0.0065941,0.0121646,0.00421235,0.0131882,0.00143692,0.00736177,0.00393678,0.0111608,0.0513356,0.0256284,0.0150385,0.017873,0.0706651,0.0109639,0.0183257,0.043029,0.00196839,0.0233254,0.00301163,0.0626538,0.00783418,0.118182,0.0119875,0.0643663,0.0566305,0.00421235,0.00346436,0.0150188,0.0287581,0.245163
97250,0,0,0,0,0,0,0,0,0,0,0,0,0,0,0,0,0,0,0,0,0,0,0,0,0,0,0,0,0,0,0,0,0,0,0,0,3.89461e-05,0.0045567,0,5.84192e-05,0,0,0,0,0.00107102,0,0,0,0,0.000175258,1.94731e-05,0,0,0,0,0.000428407,0,0.000408934,0,0.00311569,0,9.73653e-05,0.000545246,0.0025315,0.000837342,0.0015189,0.00401145,0.00155784,1.94731e-05,0.0173115,0.00790606,0.0104376,0.00543298,0.0134169,0.00188889,0.00767239,0.00617296,0.0128133,0.0513505,0.0185189,0.0152085,0.013378,0.06541,0.0107881,0.0162795,0.04804,0.00313516,0.0277686,0.00175258,0.0699667,0.00815921,0.117384,0.00880182,0.0666563,0.0574455,0.00617296,0.00591981,0.00938601,0.0318385,0.242595
97300,0,0,0,0,0,0,0,0,0,0,0,0,0,0,0,0,0,0,0,0,0,0,0,0,0,0,0,0,0,0,0,0,0,0,0,0,0,0.00295718,3.94291e-05,0,0,0,5.91436e-05,0,0.000709723,0,0,0,0,0,3.94291e-05,0,0,0,0,0.00043372,3.94291e-05,0.000670294,0,0.00343033,0,0.000236574,0.00043372,0.00406119,0.000374576,0.00143916,0.00463292,0.00193202,0.00021686,0.0181177,0.00579607,0.0100741,0.00660437,0.0139382,0.00138002,0.00867439,0.00591436,0.011671,0.0520661,0.0221591,0.0145099,0.0158111,0.0787596,0.0105078,0.0153576,0.0431354,0.00358805,0.0301238,0.00242489,0.0708737,0.00514549,0.109672,0.00595379,0.0548261,0.0592422,0.00782667,0.00764924,0.0118484,0.0255106,0.249133
97350,0,0,0,0,0,0,0,0,0,0,0,0,0,0,0,0,0,0,0,0,0,0,0,0,0,0,0,0,0,0,1.9413e-05,0,0,0,0,0,3.88259e-05,0.0045038,0,0,0,0,7.76518e-05,0,0.000562976,0,0,0,0.000155304,0,0,0,0,0,0,0.00066004,7.76518e-05,0.00128125,0,0.000815344,0,0.000174717,0.000621214,0.00368846,0.000368846,0.00339727,0.00264016,0.00477559,3.88259e-05,0.0211601,0.00694984,0.0110654,0.00561034,0.0182482,0.00151421,0.00889113,0.00545504,0.010483,0.0516579,0.0193159,0.0136279,0.0163263,0.0704302,0.012832,0.0125602,0.0489983,0.00506678,0.0315072,0.00386318,0.0587242,0.00652275,0.116924,0.00526091,0.0527838,0.0647034,0.00652275,0.010153,0.013822,0.0253921,0.239731
97400,0,0,0,0,0,0,0,0,0,0,0,0,0,0,0,0,0,0,0,0,0,0,0,0,0,0,0,0,0,0,0.000175319,0,0,0,0,0,1.94799e-05,0.00391546,0,0,0,0,0,0,0.00105191,0,0,0,1.94799e-05,1.94799e-05,0,0,0,0,0,0.00148047,1.94799e-05,0.00105191,0,0.00239603,0,0.000448037,0.000194799,0.00685692,0.000545437,0.00225967,0.00247395,0.00430506,1.94799e-05,0.0212915,0.00485049,0.0143956,0.0070712,0.0181163,0.00194799,0.00950618,0.00666212,0.0105581,0.047453,0.0137528,0.0134801,0.0130515,0.07753,0.0138892,0.0155255,0.0458362,0.00245447,0.0269602,0.00352586,0.0635629,0.00613616,0.116081,0.00615564,0.0608746,0.0585371,0.00635044,0.00557125,0.0165384,0.0209409,0.244141
97450,0,0,0,0,0,0,0,0,0,0,0,0,0,0,0,0,0,0,0,0,0,0,0,0,0,0,0,0,0,0,9.72309e-05,0,0,0,0,0,0.000155569,0.00316973,7.77847e-05,0,0,0,0,0,0.00122511,0,0,0,0.000136123,0,0,0,0,0,0,0.000486154,0.000136123,0.000563939,0,0.00149736,1.94462e-05,0.000466708,0.000194462,0.00431705,0.001264,0.000797293,0.00336419,0.00254745,0.000116677,0.0156153,0.00515324,0.0107148,0.00618388,0.0104815,0.00182794,0.00912026,0.00793404,0.0132234,0.0515907,0.016257,0.0172293,0.0237438,0.0806627,0.0110065,0.0123289,0.042101,0.00390868,0.0277108,0.00206129,0.0639779,0.00604776,0.113235,0.00892579,0.0660198,0.0548965,0.0056005,0.0063589,0.0171904,0.0239966,0.244263
97500,0,0,0,0,0,0,0,0,0,0,0,0,0,0,0,0,0,0,0,0,0,0,0,0,0,0,0,0,0,0,5.76236e-05,0,0,0,0,0,0.000192079,0.00193999,5.76236e-05,0,0,0,0,0,0.000998809,0,0,0,9.60393e-05,0,0,0,0,0,0,0.000211287,0.000134455,0.000364949,0,0.00209366,7.68315e-05,0,0,0.0046291,0.00126772,0.00169029,0.00259306,0.0029196,0.00026891,0.0211479,0.00920057,0.0100073,0.00530137,0.0155968,0.00163267,0.0138681,0.0058584,0.0106027,0.0525143,0.0209558,0.0133303,0.0194768,0.070685,0.0139257,0.0163075,0.043064,0.00215128,0.0241827,0.00301564,0.0606777,0.00484038,0.104702,0.00747186,0.0624448,0.064039,0.00605048,0.00898928,0.0120433,0.0224732,0.253851
97550,0,0,0,0,0,0,0,0,0,0,0,0,0,0,0,0,0,0,0,0,0,0,0,0,0,0,0,0,0,0,1.94028e-05,0,0,0,1.94028e-05,0,0.000155222,0.00252236,0,0,1.94028e-05,0,0,0,0.000873125,0,0,0,0,0,0,0,0,1.94028e-05,0,0.000620889,0.000562681,0.000873125,0,0.00271639,1.94028e-05,0,1.94028e-05,0.00514174,0.000504472,0.00238654,0.00312385,0.00250296,0,0.0233221,0.00714022,0.0137954,0.00438503,0.0136208,0.00197908,0.0156969,0.00510293,0.00863424,0.048507,0.0200237,0.0133103,0.0148625,0.0732843,0.00970139,0.0157939,0.0410563,0.00424921,0.0225072,0.00219251,0.0663381,0.00578203,0.120724,0.00970139,0.0621277,0.0634083,0.00578203,0.00781932,0.00911931,0.0281146,0.239818
97600,0,0,0,0,0,0,0,0,0,0,0,0,0,0,0,0,0,0,0,0,0,0,0,0,0,0,0,0,0,0,0,0,0,0,0,0,5.89762e-05,0.00351891,0,0,0,0,0,0,0.00172997,0,0,0,0,0.000137611,0,7.86349e-05,0,0,0,0.000137611,0.000275222,0.000530786,0.00015727,0.00182826,3.93174e-05,0,3.93174e-05,0.00507195,0.000353857,0.00298813,0.00255563,0.0056224,0,0.0214477,0.0103208,0.0137414,0.00442321,0.0160415,0.00357789,0.0151962,0.00625147,0.0131517,0.0527837,0.0187544,0.0145081,0.0153731,0.0629276,0.00963278,0.0153731,0.0434851,0.00511127,0.0221161,0.00324369,0.0665841,0.00690021,0.104879,0.00870881,0.0616498,0.0614925,0.00658567,0.0101439,0.00996697,0.0243375,0.246167
97650,0,0,0,0,0,0,0,0,0,0,0,0,0,0,0,0,0,0,0,0,0,0,0,0,0,0,0,0,0,0,7.96543e-05,0,0,0,0,0,0.000338531,0.00446064,1.99136e-05,0,0,0,0.000298704,0,0.00219049,0,0,0,0,0,0,0,0,0.000159309,0,0.00027879,7.96543e-05,0.00137404,0,0.00151343,7.96543e-05,0.000139395,0.000238963,0.00657148,0.00107533,0.00185196,0.00296712,0.00394289,0,0.0217058,0.011052,0.0111914,0.00647191,0.0125456,0.00175239,0.014517,0.00683036,0.0104148,0.0607961,0.0178625,0.0147759,0.0167871,0.0596412,0.0076269,0.0152936,0.0384929,0.00362427,0.0180815,0.00316626,0.065436,0.00778621,0.105064,0.00900094,0.0695183,0.0636637,0.00667105,0.00710915,0.0135213,0.0284366,0.243503
97700,0,0,0,0,0,0,0,0,0,0,0,0,0,0,0,0,0,0,0,0,0,0,0,0,0,0,0,0,0,0,2.05698e-05,0,0,0,0,0,8.22791e-05,0.00302376,0.000123419,0,0,0,0.000575954,0,0.00246837,0,0,0,0,0,0,0,0,0,0,0.000740512,0,0.000596524,0,0.00275635,4.11396e-05,0.000143988,0.00143988,0.00645891,0.00113134,0.00148102,0.00193356,0.00143988,0,0.0189859,0.00820734,0.0122596,0.00678803,0.0142137,0.00181014,0.0108608,0.00861874,0.008989,0.0619356,0.0208578,0.00995577,0.0142137,0.067366,0.010182,0.0140697,0.0430731,0.00279749,0.0181631,0.00382598,0.0533992,0.00767253,0.115438,0.00985293,0.0679214,0.052021,0.00600638,0.00684974,0.0165587,0.0295588,0.253091
97750,0,0,0,0,0,0,0,0,0,0,0,0,0,0,0,0,0,0,0,0,0,0,0,0,0,0,0,0,0,0,0,0,0,0,0,0,0.000100511,0.00434206,8.04085e-05,0,0,0,0.000582961,0,0.00341736,0,0,0,0,0,8.04085e-05,0,0,0,0,0.000100511,0,0.0009448,8.04085e-05,0.00235195,0,0.000221123,0.000402042,0.00641258,0.00110562,0.000422144,0.00253287,0.00263338,2.01021e-05,0.022836,0.00775942,0.0121417,0.00591002,0.0143529,0.00335705,0.0152776,0.00464359,0.0085032,0.0548185,0.0184336,0.0112572,0.0165239,0.0688699,0.0103526,0.0180316,0.048828,0.00239215,0.022052,0.00297511,0.0516222,0.00673421,0.11619,0.0105737,0.0559442,0.0655731,0.00488481,0.0102722,0.0126844,0.0292084,0.241165
97800,0,0,0,0,0,0,0,0,0,0,0,0,0,0,0,0,0,0,0,0,0,0,0,0,0,0,0,0,0,0,0,2.02364e-05,0,0,0,0,8.09454e-05,0.00344018,6.07091e-05,0,4.04727e-05,0,0,0,0.00153796,0,0,0,4.04727e-05,2.02364e-05,0,0.000101182,0,2.02364e-05,0,0.000344018,2.02364e-05,0.00135584,0,0.00228671,2.02364e-05,0.000364254,0.000404727,0.00570665,0.00346042,0.000505909,0.0028938,0.00139631,0,0.0191638,0.00621256,0.0112109,0.00740651,0.0169783,0.00184151,0.0111907,0.00493767,0.0103813,0.0604258,0.0194876,0.0165938,0.0209649,0.0704428,0.00953133,0.0134369,0.0478185,0.00582807,0.0186377,0.00240813,0.0411608,0.00833738,0.1301,0.0113121,0.0518051,0.0589485,0.00404727,0.0105836,0.0139226,0.0293023,0.24146
97850,0,0,0,0,0,0,0,0,0,0,0,0,0,0,0,0,0,0,0,0,0,0,0,0,0,0,0,0,0,0,0,0,0,0,0,0,0.000375368,0.00318075,0.000177806,0,0,0,9.8781e-05,0,0.00106684,0,0,0,0,0.000138293,0,1.97562e-05,0,0,0,0.000395124,7.90248e-05,0.000296343,0,0.00203489,5.92686e-05,0,0.000849517,0.00403027,0.00173855,0.00169903,0.00655906,0.00219294,0.000118537,0.0219294,0.00649979,0.00833712,0.00962127,0.0134935,0.00235099,0.0125847,0.0065393,0.0122093,0.0576684,0.0204279,0.0163581,0.022285,0.0705099,0.00734931,0.0140269,0.0464468,0.00264733,0.0227196,0.00284489,0.0423968,0.00570954,0.122192,0.00764565,0.0618369,0.0575103,0.00588735,0.0106091,0.0131774,0.0307999,0.240275
97900,0,0,0,0,0,0,0,0,0,0,0,0,0,0,0,0,0,0,0,0,0,0,0,0,0,0,0,0,0,0,0,0,0,7.98658e-05,0,0,0,0.00423289,5.98994e-05,0,0,0,0.000119799,0,0.00275537,0,0,0,0,1.99665e-05,1.99665e-05,5.98994e-05,0,0,0,0.000598994,0.00067886,0.000718792,0,0.00175705,5.98994e-05,0,0.000758725,0.00473205,0.00107819,0.00177701,0.00487182,0.00267551,0.000119799,0.0205655,0.0105024,0.0103426,0.00577031,0.0155938,0.00227618,0.016093,0.00752735,0.0126587,0.0583819,0.0193275,0.0185488,0.0155539,0.0674068,0.00543088,0.0129383,0.0439861,0.00257567,0.0222426,0.00271544,0.0532705,0.00503155,0.105623,0.00716796,0.0570442,0.0630341,0.00587014,0.0122993,0.0125589,0.0276735,0.252815
97950,0,0,0,0,0,0,0,0,0,0,0,0,0,0,0,0,0,0,0,0,0,0,0,0,0,0,0,0,0,0,0,0,0,0.000214325,0,0,0,0.00335126,5.84522e-05,0,0,1.94841e-05,0.000175357,0,0.00321487,0,0,0,0,0.000116904,0,0,0,0,0,0.000409165,0.000331229,0.000604006,0,0.00116904,0.000194841,0.000175357,0.00052607,0.00529966,0.0017146,0.00179253,0.00450082,0.00364352,0.000311745,0.0240628,0.0108721,0.0111059,0.00800795,0.0132881,0.00151976,0.0125283,0.00492947,0.011554,0.0485348,0.0180812,0.0175746,0.0179059,0.0674538,0.00828073,0.0128595,0.0445016,0.00360455,0.0190944,0.00290313,0.0585301,0.00319539,0.106169,0.0117294,0.0560946,0.0564843,0.0039163,0.010385,0.0144572,0.0311745,0.261379
98000,0,0,0,0,0,0,0,0,0,0,0,0,0,0,0,0,0,0,0,0,0,0,0,0,0,0,0,0,0,0,0,0,0,1.90825e-05,0,0,3.8165e-05,0.00402641,0,0,0,0.000171743,0.000133578,0,0.00347302,0,0,0,5.72475e-05,0.000286238,0,0,0,0,0,0.00045798,0,0.00061064,0,0.00202275,0.00038165,3.8165e-05,0.000648805,0.00360659,0.000477063,0.00183192,0.00227082,0.00419815,0.000438898,0.022899,0.00925502,0.0150561,0.0107625,0.0104191,0.00110679,0.00822456,0.00637356,0.0104381,0.0527631,0.0156667,0.0143691,0.0162011,0.075166,0.0102473,0.0114877,0.0512747,0.00194642,0.015037,0.0012022,0.0593466,0.00282421,0.10545,0.0117739,0.0567323,0.0625716,0.00583925,0.0116403,0.0144073,0.0362568,0.248073
98050,0,0,0,0,0,0,0,0,0,0,0,0,0,0,0,0,0,0,0,0,0,0,0,0,0,0,0,0,0,0,0,0,0,0,0,0,0.000506714,0.00323517,0,0,0,7.7956e-05,0,0,0.00294284,0,0,0,0,5.8467e-05,0,3.8978e-05,0,0,0,0.000565181,9.7445e-05,0.000643137,3.8978e-05,0.0031962,1.9489e-05,0,0.000253357,0.00467736,0.000740582,0.00161759,0.00261153,0.00335211,0.000409269,0.0255696,0.0102902,0.0120442,0.0124145,0.0130381,0.00187094,0.0126873,0.00682115,0.00982246,0.0583111,0.0131161,0.0122781,0.0165851,0.0644111,0.00767867,0.0180663,0.0525618,0.00300131,0.0186899,0.00298182,0.0550369,0.00537896,0.106995,0.0111282,0.0600066,0.0620725,0.00608057,0.00982246,0.0112257,0.0373994,0.237532
98100,0,0,0,0,0,0,0,0,0,0,0,0,0,0,0,0,0,0,0,0,0,0,0,0,0,0,9.81605e-05,0,0,0,0,0,0,1.96321e-05,0,0,3.92642e-05,0.00361231,1.96321e-05,0,0,0,1.96321e-05,0,0.00180615,0,0,0,0,0.000157057,3.92642e-05,7.85284e-05,0,0,0,0,0.00037301,0.00111903,1.96321e-05,0.00272886,0,0,3.92642e-05,0.00669454,0.000588963,0.00204174,0.00433869,0.00535956,0.000392642,0.0264248,0.00865775,0.0117204,0.0103854,0.0117204,0.00306261,0.014194,0.00967862,0.0120934,0.0521625,0.0156468,0.0120345,0.0186309,0.0607221,0.00757799,0.0120345,0.048668,0.00276813,0.0182971,0.0016491,0.0602509,0.00410311,0.112885,0.0135069,0.0648841,0.0618018,0.00443685,0.0102872,0.0121326,0.0298408,0.238157
98150,0,0,0,0,0,0,0,0,0,0,0,0,0,0,0,0,0,0,0,0,0,0,0,0,0,0,1.9178e-05,0,0,0,0,0,0,0,0,1.9178e-05,0.000230136,0.00429588,1.9178e-05,0,0,0.000134246,3.83561e-05,0,0.00408492,0,0,1.9178e-05,0,0.000249314,0.00028767,0,5.75341e-05,0,0,1.9178e-05,0.000747943,0.00118904,0.000172602,0.0015726,0,0,0,0.00581094,0.00132328,0.00260821,0.00498629,0.00460273,0.000306848,0.0259479,0.00600272,0.0114685,0.00976162,0.0121205,0.00249314,0.00876436,0.00456437,0.0141342,0.0535642,0.0159753,0.0131945,0.013252,0.062808,0.00701916,0.0124082,0.0443971,0.00220547,0.0184493,0.00111233,0.0600081,0.0042767,0.122663,0.00822737,0.0635176,0.0604108,0.00431506,0.00976162,0.0128685,0.025641,0.255873
98200,0,0,0,0,0,0,0,0,0,0,0,0,0,0,0,0,0,0,0,0,0,0,0,0,0,0,0,0,0,0,0,0,0,0,0,0,0.000267615,0.00384218,0,0,0,0.000172038,0,0,0.0013763,0,0,0,1.91153e-05,3.82307e-05,9.55767e-05,0,0,0,0,0.000133807,0.000344076,0.00229384,0.000229384,0.0018733,0,3.82307e-05,0.000172038,0.00561991,0.00154834,0.00363191,0.00540964,0.00367015,0.000210269,0.0233972,0.0053523,0.0110104,0.00799021,0.0120044,0.00141454,0.00642275,0.00632718,0.0141836,0.0549184,0.0205681,0.0140498,0.0176817,0.061819,0.00800933,0.0147953,0.0471002,0.00170127,0.0174332,0.00133807,0.0557977,0.00370838,0.124823,0.00716825,0.0595252,0.0597928,0.00862102,0.00978706,0.0137248,0.02917,0.249379
98250,0,0,0,0,0,0,0,0,0,0,0,0,0,0,0,0,0,0,0,0,0,0,0,0,0,0,0,0,0,0,0,0,0,0,0,0,7.83699e-05,0.00472179,0,0,0,5.87774e-05,0,0,0.00162618,0,0,0,0,0.00023511,0.000215517,0,5.87774e-05,0,0,0.00015674,0.000489812,0.00141066,0,0.00154781,9.79624e-05,0,9.79624e-05,0.00579937,0.00195925,0.00366379,0.00450627,0.00258621,0.00031348,0.0188676,0.00828762,0.00926724,0.00552508,0.0109914,0.00252743,0.00673981,0.00644592,0.00930643,0.0591301,0.0157915,0.0137931,0.0184365,0.0721983,0.0049373,0.0152821,0.0392045,0.00205721,0.020337,0.00336991,0.0528605,0.00429075,0.114949,0.0123041,0.0626371,0.0613049,0.00623041,0.00991379,0.0142829,0.0301332,0.258973
98300,0,0,0,0,0,0,0,0,0,0,0,0,0,0,0,0,0,0,0,0,0,0,0,0,0,0,0,0,0,0,9.87537e-05,0,0,0,0,0,1.97507e-05,0.00327862,0,0,0,0.000177757,1.97507e-05,0,0.00213308,0,0,0,0,0.00027651,0,0,9.87537e-05,0,3.95015e-05,0.00027651,0.000454267,0.00244909,7.9003e-05,0.0026466,0,7.9003e-05,0.000928285,0.0110604,0.000493769,0.00199483,0.00513519,0.00317987,0.000158006,0.0175782,0.00750528,0.00851257,0.00803855,0.0092236,0.00183682,0.0136873,0.00788055,0.0118109,0.0544133,0.0136083,0.0183682,0.0160771,0.072821,0.00815706,0.0174597,0.0362031,0.00321937,0.0201458,0.00229109,0.0595485,0.00545121,0.107503,0.00916435,0.058482,0.0590152,0.00586597,0.0106259,0.0158796,0.0284016,0.256147
98350,0,0,0,0,0,0,0,0,0,0,0,0,0,0,0,0,0,0,0,0,0,0,0,0,0,0,0,0,0,0,3.93662e-05,0,0,7.87324e-05,0,0,1.96831e-05,0.00425155,0,0,0,3.93662e-05,0,0,0.0024407,0,0,0,0,0.000157465,0.000137782,0,5.90493e-05,0,7.87324e-05,0.000177148,5.90493e-05,0.00214546,3.93662e-05,0.00198799,0,3.93662e-05,0.000216514,0.0112391,0.000905423,0.00265722,0.00409409,0.00470426,0.00031493,0.0195847,0.00696782,0.00879835,0.0110422,0.0105895,0.00271627,0.0153135,0.00716465,0.0136994,0.0541088,0.0143096,0.0214349,0.0228127,0.0639701,0.0103927,0.0138569,0.0359217,0.0030312,0.0159433,0.00226356,0.0633205,0.00448775,0.101919,0.00917233,0.0633205,0.0567857,0.00444838,0.0111997,0.0130105,0.0325165,0.250015
98400,0,0,0,0,0,0,0,0,0,0,0,0,0,0,0,0,0,0,0,0,0,0,0,0,0,0,0,0,0,0,0,0,0,5.92745e-05,0,0,0.000316131,0.00470244,0,0,0,0.000138307,0,0,0.0019363,0.000158065,0,0,0,1.97582e-05,0.000158065,0,0,0,0.000316131,0.000158065,1.97582e-05,0.0014621,3.95163e-05,0.0010867,0,0.000118549,0.000869359,0.00715245,0.000652019,0.00403066,0.00572987,0.00493954,0.00043468,0.0241247,0.00898996,0.00934561,0.00847625,0.0116968,0.0023117,0.017565,0.00766617,0.0140876,0.0516478,0.0189678,0.016419,0.0244606,0.0737572,0.00776496,0.0135541,0.0394373,0.0043468,0.0204299,0.00110646,0.0645894,0.00466293,0.0958864,0.00731052,0.0541966,0.0563305,0.00274638,0.00819964,0.0134948,0.0275824,0.254347
98450,0,0,0,0,0,0,0,0,0,0,0,0,0,0,0,0,0,0,0,0,0,0,0,0,0,0,0,0,0,0,0,0,0,0,0,0,9.95223e-05,0.00441879,0,0,0,0,0,0,0.00131369,0.000119427,0,0,0,0,7.96178e-05,0,0.000238854,0,0.000577229,9.95223e-05,0.000378185,0.000617038,0,0.00163217,0.000636943,0,0.000676752,0.00861863,0.000497611,0.00292596,0.00621019,0.00302548,0.000497611,0.0247412,0.0080215,0.0121616,0.00857882,0.01459,0.000875796,0.0143511,0.0119029,0.0162221,0.0417596,0.017914,0.0149482,0.0240844,0.0734275,0.0089371,0.00832006,0.0357086,0.00322452,0.0234475,0.00203025,0.0591162,0.00288615,0.104359,0.00700637,0.0578623,0.0644506,0.00143312,0.00636943,0.0166799,0.0330215,0.248905
98500,0,0,0,0,0,0,0,0,0,0,0,0,0,0,0,0,0,0,0,0,0,0,0,0,0,0,0,0,0,0,0,0,0,0,0,0,9.87284e-05,0.00507464,0,0,0,3.94914e-05,0,0,0.00100703,0.000276439,0,0,0,0,0.000315931,0,0.000197457,0,0.000552879,0.000414659,0.000493642,7.89827e-05,1.97457e-05,0.00116499,7.89827e-05,0,0.000750336,0.00710844,0.00059237,0.00254719,0.00758234,0.00416634,9.87284e-05,0.0259261,0.00987284,0.011571,0.00576574,0.0142761,0.00104652,0.0105047,0.00811547,0.0107614,0.0433812,0.0162704,0.0213253,0.0250375,0.0695443,0.00627912,0.00953716,0.0420385,0.00304083,0.0215425,0.00290261,0.0645881,0.00225101,0.106567,0.00817471,0.0540242,0.0613893,0.00278414,0.00837217,0.0184622,0.0419398,0.240048
98550,0,0,0,0,0,0,0,0,0,0,0,0,0,0,0,0,0,0,0,0,0,0,0,0,0,0,0,0,0,0,2.04939e-05,0,0,0,0,0,4.09878e-05,0.00385285,2.04939e-05,0,0,0,0,0,0.00116815,0.00010247,0,0,0,2.04939e-05,0.000655805,0,0,0,0.000799262,0.000307409,0.000307409,0.000286915,0,0.00153704,8.19756e-05,0,0.000553335,0.010124,0.000758274,0.00323804,0.00555385,0.00528743,0.000450866,0.0323189,0.0104519,0.0142023,0.00635311,0.011825,0.0010042,0.0121529,0.00776719,0.0129521,0.0586945,0.0219285,0.016764,0.0178707,0.072323,0.00629163,0.0103289,0.0352495,0.00188544,0.0149196,0.00344298,0.0593503,0.00317655,0.11907,0.00745978,0.0568706,0.0500256,0.00215186,0.00961164,0.0193053,0.0370735,0.232011
98600,0,0,0,0,0,0,0,0,0,0,0,0,0,0,0,0,0,0,0,0,0,0,0,0,0,0,0,0,0,0,0,0,0,0,0,0,0,0.00446758,0,0,0,7.97782e-05,0,0,0.00127645,1.99446e-05,0,0,0,0,5.98337e-05,0,0.00021939,0,0.000259279,0.000139612,5.98337e-05,9.97228e-05,0,0.00137617,1.99446e-05,0,0.000378947,0.00684098,0.00191468,0.00279224,0.00680109,0.00462714,0.000837671,0.0261074,0.00925427,0.0132831,0.00721993,0.0120665,0.00251301,0.011528,0.0084166,0.0127645,0.0519955,0.0165939,0.0149784,0.0217396,0.0738347,0.0047468,0.0100521,0.0328487,0.00321107,0.0188875,0.00400886,0.0613694,0.00185484,0.112108,0.00927422,0.0546082,0.055765,0.00257285,0.0100919,0.0192664,0.0344044,0.250364
98650,0,0,0,0,0,0,0,0,0,0,0,0,0,0,0,0,0,0,0,0,0,0,0,0,0,0,0,0,0,0,0,0,0,0,0,0,8.07428e-05,0.00361324,4.03714e-05,0,0,0.000262414,0,0,0.0007065,4.03714e-05,0,6.05571e-05,0,0,0,0,0.000343157,0,0.00109003,0.000121114,0.0001413,0.000464271,0,0.000545014,2.01857e-05,0,0.000948728,0.00557126,0.00191764,0.00413807,0.00555107,0.00569237,0.000524828,0.027614,0.00926524,0.0128785,0.0100525,0.0146145,0.000908357,0.0096084,0.00502624,0.0156843,0.0392006,0.0190553,0.0150182,0.0201655,0.0759588,0.00488494,0.0134437,0.0285022,0.00171579,0.0195801,0.00403714,0.0646346,0.00173597,0.108014,0.0108599,0.0546427,0.0607792,0.0049455,0.00972951,0.0143117,0.0293702,0.261889
98700,0,0,0,0,0,0,0,0,0,0,0,0,0,0,0,0,0,0,0,0,0,0,0,0,0,0,0,0,0,0,0,0,0,0,0,0,5.82694e-05,0.00273866,0,0,0,0.000233078,0,0,0.000815772,1.94231e-05,0,0,0,0,0,7.76925e-05,0.000407886,0,0.000718656,0.000291347,0,0.00067981,0,0.00161212,1.94231e-05,3.88463e-05,0.00101,0.00491405,0.00213654,0.00351559,0.00497232,0.00909003,0.000466155,0.0250947,0.00879868,0.0128387,0.00883753,0.0138098,0.000776925,0.0119841,0.00400117,0.0139458,0.0407109,0.0175974,0.0206662,0.0218316,0.0691852,0.00555502,0.0167622,0.0309022,0.00277751,0.0199476,0.00211712,0.0630669,0.00242789,0.102321,0.0106827,0.0563854,0.0590463,0.00823541,0.0062931,0.0143731,0.0309799,0.264232
98750,0,0,0,0,0,0,0,0,0,0,0,0,0,0,0,0,0,0,0,0,0,0,0,0,0,0,0,0,0,0,0,0,0,0,0,0,0,0.00315589,0,0,0,0.000170078,0,7.55901e-05,0.000718106,0.000359053,0,0,9.44876e-05,0,0,0,0.000132283,3.7795e-05,0.000850388,0.000680311,0,5.66926e-05,1.88975e-05,0.00113385,5.66926e-05,0,0.00105826,0.00595272,0.00166298,0.00266455,0.006822,0.00848499,0.000869286,0.0201637,0.0100913,0.0126424,0.00774798,0.0131149,0.000188975,0.0134361,0.00549918,0.0119432,0.040195,0.0133983,0.0202959,0.0188408,0.0662736,0.00680311,0.0154393,0.031162,0.00253227,0.0231873,0.00177637,0.0605665,0.00255117,0.109606,0.0120377,0.0579209,0.0654988,0.0083527,0.00778578,0.0133794,0.0301982,0.262316
98800,0,0,0,0,0,0,0,0,0,0,0,0,0,0,0,0,0,0,0,0,0,0,0,0,0,0,0,0,0,0,0,0,0,0,0,0,0,0.00427803,7.70817e-05,0,0,0.000269786,0,0,0.00196558,0.000192704,0,0,1.92704e-05,0,0,1.92704e-05,1.92704e-05,0,0.000847899,0.000366138,0.000385408,0.000385408,0,0.00134893,0,0,0.000501031,0.00884512,0.00246661,0.00333378,0.00657121,0.00477906,0.00131039,0.0225464,0.00766963,0.0169965,0.00815139,0.0145492,0.000539572,0.0150695,0.00452855,0.0100977,0.0485422,0.0135278,0.0191163,0.0197522,0.0626867,0.00786233,0.00955813,0.0412387,0.00150309,0.0181527,0.00244734,0.0623398,0.00605091,0.101748,0.0134508,0.055653,0.0547858,0.00568477,0.0087295,0.0127956,0.0366716,0.259573
98850,0,0,0,0,0,0,0,0,0,0,0,0,0,0,0,0,0,0,0,0,0,0,0,0,0,0,0,0,0,0,0,0,0,0,0,0,7.7818e-05,0.00371581,1.94545e-05,0,0,9.72725e-05,0,0,0.00237345,0.000427999,0,0,0,0,0,9.72725e-05,5.83635e-05,0,0,0.000680907,0.00038909,0.00161472,0,0.00167309,0,0,0.000155636,0.00813198,0.00151745,0.00243181,0.00348235,0.00381308,0.00095327,0.021575,0.00729544,0.00990234,0.00867671,0.0129956,0.000525271,0.0136765,0.00437726,0.0126065,0.0482277,0.017081,0.0193378,0.0198241,0.0676044,0.0071398,0.0107389,0.0425664,0.00299599,0.0174896,0.00287927,0.0613011,0.00509708,0.104412,0.0114003,0.0613011,0.0581689,0.0103692,0.00933816,0.0148243,0.0355434,0.249018
98900,0,0,0,0,0,0,0,0,0,0,0,0,0,0,0,0,0,0,0,0,0,0,0,0,0,0,0,0,0,0,0,0,0,0,0,0,0,0.00350349,0,0,0,9.52036e-05,0,0,0.00138997,3.80815e-05,1.90407e-05,1.90407e-05,0,0,0,9.52036e-05,1.90407e-05,0,3.80815e-05,0.000399855,3.80815e-05,0.000856833,0,0.00171367,0,1.90407e-05,5.71222e-05,0.00582646,0.00114244,0.00232297,0.00397951,0.00319884,0.00140901,0.0200118,0.00993926,0.0115958,0.00689274,0.0151564,0.000875873,0.0136903,0.00664521,0.0122432,0.0428988,0.0147946,0.0197833,0.0174032,0.0675755,0.0100725,0.0109103,0.0428226,0.00129477,0.0162989,0.0030846,0.0658619,0.00826368,0.102744,0.0137855,0.0629486,0.0630248,0.00885394,0.0108723,0.0146614,0.0286373,0.250176
98950,0,0,0,0,0,0,0,0,0,0,0,0,0,0,0,0,0,0,0,0,0,0,0,0,0,0,0,0,0,0,0,0,0,0,0,0,0,0.00458401,0,0,0,1.90208e-05,0,0,0.00138852,0,0,0,0,0,0,0,0,0,0.000133146,0.000456499,7.60832e-05,0.00135048,0,0.000798874,0,3.80416e-05,0.000266291,0.0070377,0.00233956,0.00330962,0.0042036,0.00515464,0.00133146,0.0232815,0.0103093,0.0111842,0.00718987,0.0105185,0.000532583,0.00823601,0.00587743,0.01554,0.0375851,0.0211702,0.0186214,0.0138662,0.0717655,0.0103473,0.0124777,0.0453836,0.00239662,0.0223304,0.00570624,0.0556549,0.00751322,0.0961882,0.0127059,0.0712519,0.0574809,0.00641001,0.00766539,0.0148362,0.0287975,0.254689
99000,0,0,0,0,0,0,0,0,0,0,0,0,0,0,0,0,0,0,0,0,0,0,0,0,0,0,0,0,0,0,0,0,0,0,0,0,0,0.00391929,0,0,0,1.94024e-05,0,0,0.000582072,0,0,0,0,0,0,0,0,0,0,7.76096e-05,0.000232829,0.00186263,0,0.00128056,0,0,0.000426853,0.00743112,0.00211486,0.0024447,0.00349243,0.00409391,0.000834303,0.0221575,0.00993403,0.0131742,0.00519984,0.0116802,0.000989523,0.0101669,0.0072759,0.0177338,0.0439464,0.0243888,0.0179472,0.0169965,0.0747381,0.00830423,0.0149205,0.047109,0.00174622,0.0188009,0.00473419,0.0613504,0.00795499,0.0974389,0.00743112,0.062534,0.055161,0.00549088,0.00840124,0.0129608,0.0282305,0.252289
99050,0,0,0,0,0,0,0,0,0,0,0,0,0,0,0,0,0,0,0,0,0,0,0,0,0,0,0,0,0,0,0,0,0,0,0,0,1.92393e-05,0.00507917,0.000384786,0,0,0,1.92393e-05,0,0.000654135,0,0,0,0,5.77178e-05,0,0,0,0,0.000153914,0.000153914,0.000250111,0.0020586,0,0.000885007,0,5.77178e-05,0.000692614,0.0106201,0.0016161,0.00198165,0.00802278,0.00517537,0.000596418,0.023722,0.00771495,0.0109664,0.00634896,0.0146988,0.000307828,0.013506,0.00554091,0.0152375,0.0548704,0.0216249,0.0168728,0.0227023,0.0785155,0.00679147,0.0124478,0.0379399,0.00300133,0.0158147,0.00573331,0.0589299,0.00759952,0.103392,0.00931181,0.0642592,0.053466,0.00586798,0.00834985,0.0128903,0.02605,0.237047
99100,0,0,0,0,0,0,0,0,0,0,0,0,0,0,0,0,0,0,0,0,0,0,0,0,0,0,0,0,0,0,0,0,0,0,0,0,0,0.00360513,0,0,0,9.85008e-05,0.000236402,0,0.00135931,3.94003e-05,0,0,0,5.91005e-05,0,0,5.91005e-05,0,0.000453104,0.000315203,0.000177301,0.00133961,0,0.00110321,3.94003e-05,0.000394003,0.000315203,0.00724966,0.00179271,0.00354603,0.00498414,0.00567365,0.000630405,0.0263588,0.00583125,0.0122929,0.00770276,0.00945608,0.000334903,0.0131991,0.00622525,0.014913,0.0451331,0.019976,0.0178877,0.019582,0.0732452,0.00644195,0.0142038,0.0423357,0.00311263,0.0162132,0.00346723,0.0618191,0.00636315,0.106795,0.00640255,0.0611099,0.0548059,0.00752546,0.00616615,0.0144599,0.0331751,0.249995
99150,0,0,0,0,0,0,0,0,0,0,0,0,0,0,0,0,0,0,0,0,0,0,0,0,0,0,0,0,0,0,0,0,0.000115229,0,0,0,0,0.00393701,0,0,0,0,1.92049e-05,0,0.00186288,5.76147e-05,0,0,0,0.000153639,0,0,7.68197e-05,0,0.00103707,0,0.000614557,0.000499328,5.76147e-05,0.00109468,0.000153639,3.84098e-05,0.000153639,0.00810447,0.00203572,0.00255425,0.00510851,0.00533897,0.000364893,0.0284041,0.00568466,0.0124448,0.00777799,0.00770117,0.000825811,0.0113693,0.00687536,0.0144229,0.0422316,0.0194546,0.0147302,0.0189168,0.0649894,0.00656808,0.0122911,0.0388515,0.00355291,0.0171692,0.00241982,0.0761667,0.00823891,0.0998656,0.00777799,0.0760323,0.0594008,0.00604955,0.00541579,0.0114269,0.0340887,0.245477
99200,0,0,0,0,0,0,0,0,0,0,0,0,0,0,0,0,0,0,0,0,0,0,0,0,0,0,0,0,0,0,0,0,5.88524e-05,0,0,0,0,0.00229524,0,0,0,1.96175e-05,0,0,0.00160863,0,0,0,0,0.000313879,0,0,1.96175e-05,0,0.000863168,0.000765081,0.000784698,0.000470819,7.84698e-05,0.00143207,0.000255027,0,0.00023541,0.0121432,0.00204022,0.00237371,0.0048259,0.00541442,0.000961256,0.0271506,0.00608141,0.0152428,0.00847474,0.0118686,0.00145169,0.00974988,0.00839627,0.0139284,0.0383914,0.0142815,0.0172241,0.0199706,0.0747033,0.00990682,0.0105542,0.0445905,0.00490436,0.0180677,0.00154978,0.0691319,0.00535557,0.0996371,0.0102795,0.0700539,0.0521628,0.00892594,0.00682688,0.0123982,0.0274841,0.244296
99250,0,0,0,0,0,0,0,0,0,0,0,0,0,0,0,0,0,0,0,0,0,0,0,0,0,0,0,0,0,0,0,0,0,0,0,0,0,0.00244641,0,0,0,3.88319e-05,0,0,0.00110671,0,0,0,0,0.000232992,0,0,3.88319e-05,0,0.00155328,3.88319e-05,0.000213576,0.000854303,0.000116496,0.00207751,0.000271824,0,0.000465983,0.00996039,0.000931966,0.00221342,0.00629077,0.00629077,0.000679559,0.0221342,0.00832945,0.0179598,0.00728099,0.0159405,0.00118437,0.00957207,0.0074169,0.0155716,0.0440354,0.0143678,0.0172414,0.020678,0.0718585,0.00964974,0.0115331,0.0479963,0.00349487,0.0228526,0.00170861,0.0595876,0.00516465,0.0857021,0.00751398,0.0697033,0.0551996,0.00757223,0.00712566,0.01064,0.0305413,0.254621
99300,0,0,0,0,0,0,0,0,0,0,0,0,0,0,0,0,0,0,0,0,0,0,0,0,0,0,0,7.77923e-05,0,0,0,0,0,0,0,0,0,0.00385072,0,0,0,0.000136136,0,0,0.000466754,0,0,0,0,0.000408409,0,0,0.000136136,0,0.00132247,3.88961e-05,0.000427857,0.000291721,9.72403e-05,0.00307279,3.88961e-05,1.94481e-05,0.000427857,0.00721523,0.00167253,0.0025088,0.00731247,0.00589276,0.000525098,0.0235127,0.0101519,0.0144888,0.00692351,0.0123495,0.00196425,0.00949066,0.0075653,0.0148389,0.0472005,0.0192925,0.0193703,0.0164142,0.0619615,0.0138081,0.0130497,0.0436998,0.00280052,0.0170171,0.00140026,0.0570606,0.00523153,0.0911725,0.0095101,0.0637508,0.0605029,0.00729302,0.00921838,0.0129719,0.0408409,0.249207
99350,0,0,0,0,0,0,0,0,0,0,0,0,0,0,0,0,0,0,0,0,0,0,0,0,0,0,0,1.94955e-05,0,0,0,0,0,0,0,0,9.74773e-05,0.00218349,0.000370414,0,0,0,0,0,0.000370414,3.89909e-05,0,0,3.89909e-05,0.000136468,0,0,5.84864e-05,0,0.00103326,0,0.000331423,0.00132569,5.84864e-05,0.00200803,0,0,0.000409405,0.00842204,0.00208601,0.00290482,0.00770071,0.00438648,0.000935782,0.0281904,0.00680391,0.0121652,0.00647249,0.010664,0.00154014,0.0106055,0.00715483,0.0155184,0.0453269,0.0205482,0.0235895,0.0157133,0.0687995,0.00966975,0.0100207,0.0409405,0.0051663,0.0195539,0.00224198,0.0577845,0.00637501,0.101337,0.0108395,0.0636917,0.0561859,0.00547822,0.00892892,0.0117168,0.0320895,0.249971
99400,0,0,0,0,0,0,0,0,0,0,0,0,0,0,0,0,0,0,0,0,0,0,0,0,0,0,0,0,0,0,0,0,0,0,0,0,0.000159751,0.00393386,5.99065e-05,0,0,1.99688e-05,0,0,0.000798754,0,0,0,0,0.000479252,0.000119813,0,1.99688e-05,0,0.000818723,1.99688e-05,0,0.00237629,0,0.00135788,0.00017972,0,0.000499221,0.00950517,0.00325492,0.00281561,0.00599065,0.00668956,0.000419346,0.0290746,0.00650984,0.0103638,0.0069891,0.0120013,0.00195695,0.00828707,0.00613044,0.0124805,0.0432925,0.0161348,0.0201885,0.0216862,0.0707097,0.010923,0.00998442,0.0420344,0.00471265,0.0174128,0.00265586,0.0648788,0.00828707,0.0966892,0.0104437,0.0594672,0.0584488,0.00914573,0.00956508,0.011542,0.0277767,0.250709
99450,0,0,0,0,0,0,0,0,0,0,0,0,0,0,0,0,0,0,0,0,0,0,0,0,0,0,0,1.92226e-05,0,0,0,0,0,0,0,0,0,0.00497866,0,0,0,1.92226e-05,0,0,0.000576679,0.000173004,0,0,0,0,7.68905e-05,1.92226e-05,7.68905e-05,0,0.00073046,9.61132e-05,0.000134558,0.00138403,9.61132e-05,0.00259506,3.84453e-05,0,0.000211449,0.00826573,0.00255661,0.00392142,0.00313329,0.00561301,0.000884241,0.0261812,0.00447887,0.00843874,0.00649725,0.012091,0.00173004,0.0121295,0.00720849,0.0126485,0.0440967,0.0180308,0.015801,0.0169351,0.0690093,0.00930376,0.00924609,0.0439237,0.00469032,0.0123794,0.00226827,0.0682404,0.0065357,0.0962093,0.013206,0.0672408,0.0586867,0.01088,0.00807351,0.0131098,0.0338318,0.251298
99500,0,0,0,0,0,0,0,0,0,0,0,0,0,0,0,0,0,0,0,0,0,0,0,0,0,0,0,0,0,0,0,0,0,0,0,0,3.87604e-05,0.00366286,1.93802e-05,0,0,0,0,0,0.000426365,0.000600787,0,0,0,3.87604e-05,1.93802e-05,0.000271323,0.000116281,0,0.000794589,3.87604e-05,0.000290703,0.00116281,5.81407e-05,0.00312022,3.87604e-05,0,0.000232563,0.00970949,0.00302331,0.00255819,0.00284889,0.00571717,0.00220935,0.02095,0.00513576,0.0102328,0.00922498,0.0157174,0.00218996,0.0122289,0.00589159,0.0128491,0.0479854,0.0155623,0.0141669,0.0144964,0.0653695,0.0114925,0.00889552,0.040524,0.00494196,0.016667,0.00257757,0.0694199,0.00521328,0.100409,0.0133142,0.0661835,0.0648462,0.00720944,0.0113956,0.00992267,0.0293029,0.248687
99550,0,0,0,0,0,0,0,0,0,0,0,0,0,0,0,0,0,0,0,0,0,0,0,0,0,0,0,3.85996e-05,0,0,0,0,0,0,0,0,0.000347396,0.00443895,0.000231598,0,0,7.71992e-05,0,0,0.000501795,0.000656193,0,0,0,0.000154398,5.78994e-05,0.000115799,0,0.000270197,0.00125449,0.000482495,0,0.000598294,0.000115799,0.00378276,0.000289497,0,3.85996e-05,0.0096885,0.00154398,0.00229668,0.00275987,0.0104412,0.00258617,0.0202648,0.00619524,0.0099008,0.00694793,0.0154591,0.00272127,0.0107693,0.00577064,0.0157679,0.0525148,0.0153433,0.0128344,0.0170417,0.0660439,0.0096306,0.0109623,0.0466283,0.00447755,0.0182769,0.00194928,0.0725866,0.00812522,0.107577,0.0140889,0.0537886,0.0571467,0.00640753,0.00835681,0.0097271,0.0270004,0.242927
99600,0,0,0,0,0,0,0,0,0,0,0,0,0,0,0,0,0,0,0,0,0,0,0,0,0,0,0,0,0,0,0,0,0,0,0,0,0.000493012,0.00371656,0.000151696,0,1.8962e-05,9.48101e-05,0,0,0.000322354,3.7924e-05,0,0,0.000246506,7.58481e-05,0.00018962,0,9.48101e-05,7.58481e-05,0.000891215,0.00047405,0,0.000417164,0.000151696,0.00350797,0,1.8962e-05,0,0.00815367,0.00144111,0.00155489,0.0033942,0.0092345,0.000967063,0.0236456,0.00597304,0.0106567,0.00714868,0.0147904,0.00206686,0.0130079,0.00673152,0.015454,0.0493012,0.0211995,0.0138992,0.0191516,0.066898,0.0126477,0.00940516,0.044921,0.0117754,0.0171606,0.000853291,0.0677134,0.0110928,0.0977113,0.0110359,0.0536436,0.055407,0.00802093,0.00439919,0.011965,0.0263951,0.250204
99650,0,0,0,0,0,0,0,0,0,0,0,0,0,0,0,0,0,0,0,0,0,0,0,0,0,0,0,0,0,0,0,0,0,0,0,0,0,0.00393762,0.000137131,0,0,0.000137131,0,0,0.00137131,1.95902e-05,0,0,5.87705e-05,0,0,0,1.95902e-05,0,0.000411394,0,0.000254672,0.000607295,0.000411394,0.00413353,3.91803e-05,0,0,0.00826705,0.00246836,0.0018023,0.00593582,0.00699369,0.00160639,0.0225875,0.00481918,0.0123026,0.00624927,0.0132625,0.00141049,0.00891353,0.00824746,0.0133605,0.051816,0.0215884,0.0135564,0.0253105,0.0756181,0.0126944,0.0089723,0.0442346,0.00456451,0.023038,0.00166516,0.0639815,0.00908984,0.0924656,0.00969714,0.0635309,0.049426,0.00814951,0.00364377,0.00973632,0.031932,0.245524
99700,0,0,0,0,0,0,0,0,0,0,0,0,0,0,0,0,0,0,0,0,0,0,0,0,0,0,0,0,0,0,0,0,0,0,0,0,0,0.00327786,0.000156088,0,0,5.85332e-05,0,0,0.000253644,0,0,0,0,0,0,1.95111e-05,1.95111e-05,0,0.000175599,0.000312177,0.000136577,0.000507287,3.90221e-05,0.0026535,0.000117066,0,9.75553e-05,0.0101848,0.00167795,0.00167795,0.00616549,0.00507287,0.00120969,0.0231011,0.00452656,0.013248,0.0107506,0.015804,0.00154137,0.0108872,0.00641914,0.00975553,0.0488557,0.0161356,0.0147504,0.015882,0.068874,0.0137748,0.00803855,0.0483094,0.00259497,0.017638,0.00360954,0.0619476,0.00991161,0.0958968,0.0117066,0.0674302,0.0610891,0.0109067,0.00595087,0.0108286,0.0343395,0.241683
99750,0,0,0,0,0,0,0,0,0,0,0,0,0,0,0,0,0,0,0,0,0,0,0,0,0,0,0,0,0,0,0,0,0,0,0,0,0.000122812,0.00311125,0.000204687,0,0,0,0,0,0.000122812,0,0,0,0,0,0.000266094,4.09375e-05,0.000204687,0,0.000143281,0.000307031,0,0.000307031,0.000450312,0.0016989,0.000470781,0.000102344,0.000204687,0.0126497,0.00374578,0.00120766,0.00571078,0.00747109,0.000593593,0.0252789,0.00487156,0.0127725,0.0116262,0.0106028,0.00122812,0.0106642,0.00476922,0.0102958,0.050742,0.014103,0.0177055,0.0161908,0.0680381,0.0109303,0.0112169,0.0464436,0.00397093,0.0233548,0.00239484,0.0616518,0.00785999,0.0948316,0.00730734,0.0668304,0.055327,0.0103162,0.00753249,0.0122608,0.03275,0.246996
99800,0,0,0,0,0,0,0,0,0,0,0,0,0,0,0,0,0,0,0,0,0,0,0,0,0,0,0,0,0,0,0,0,0,0,0,0,0.000119116,0.00391098,9.92635e-05,0,0,9.92635e-05,0,3.97054e-05,0.000397054,0,0,0,0,0,0.00029779,0.00021838,0,0,0.000119116,0.000674992,0,0.000873518,7.94108e-05,0.0029382,0.000337496,7.94108e-05,3.97054e-05,0.0147903,0.00333525,0.00170733,0.00520141,0.00446686,0.00105219,0.0215997,0.00589625,0.0144329,0.00861607,0.012269,0.00220365,0.010641,0.00794108,0.0110182,0.0507435,0.0109785,0.0193762,0.0197336,0.07008,0.0142344,0.0108793,0.0426237,0.00476465,0.0181255,0.00250144,0.052967,0.011316,0.0981319,0.00905283,0.0754998,0.050942,0.0143336,0.00520141,0.0114153,0.0304143,0.24119
99850,0,0,0,0,0,0,0,0,0,0,0,0,0,0,0,0,0,0,0,0,0,0,0,0,0,0,0,0,0,0,0,0,0,0,0,0,1.95347e-05,0.00199254,0,0,0,0.000234416,0,0,0.000117208,0,0,1.95347e-05,0,0,0.000312555,0.000371159,0.000195347,0,0.000195347,0.000859526,0,0.00189486,0.000234416,0.0043367,0.000175812,0,0,0.00884921,0.00488367,0.00212928,0.00503995,0.00568459,0.00209021,0.0202379,0.0042781,0.0108417,0.00925944,0.0124436,0.00222695,0.0124827,0.00677854,0.0128343,0.0542283,0.0125608,0.0145729,0.0246918,0.0674142,0.0118185,0.0118185,0.0368033,0.004786,0.0196519,0.00300834,0.0520795,0.00812643,0.0967748,0.00884921,0.0842726,0.0493055,0.0134594,0.00601668,0.0150612,0.0286769,0.245004
99900,0,0,0,0,0,0,0,0,0,0,0,0,0,0,0,0,0,0,0,0,0,0,0,0,0,0,0,0,0,0,0,0,0,1.95198e-05,0,0,1.95198e-05,0.0021667,0,0,0,0.000175678,0,0,0.000292797,0,0,0,0,0.000253758,5.85594e-05,0.000312317,0.000117119,0,0.000331837,0.0019715,0,0.00263517,0.000273277,0.00417724,5.85594e-05,0.000370876,1.95198e-05,0.00825688,0.0062073,0.00156159,0.00665626,0.00882296,0.00249854,0.0174312,0.00566075,0.0124536,0.0065001,0.0148155,0.00281085,0.0115752,0.00638298,0.0105017,0.0533672,0.0142885,0.0134101,0.0210228,0.0654499,0.0115362,0.0125317,0.0436658,0.00378684,0.0180753,0.00302557,0.0524888,0.00813976,0.0951981,0.0150693,0.0621511,0.053699,0.0120242,0.00657818,0.0125122,0.0268983,0.259692
99950,0,0,0,0,0,0,0,0,0,0,0,0,0,0,0,0,0,0,0,0,0,0,0,0,0,0,0,0,0,0,0,0,0,0,0,0,9.4965e-05,0.00214621,0,0,0,3.7986e-05,0,0,0.000778713,0,0,0,9.4965e-05,0.000721734,1.8993e-05,0.000246909,0.000132951,0,0.000151944,0.00112059,0,0.0018993,0.000816699,0.0051471,0,5.6979e-05,5.6979e-05,0.00951549,0.00442537,0.00207024,0.00828094,0.00845188,0.00248808,0.0156692,0.00750223,0.0100283,0.00856584,0.0130672,0.00148145,0.0125354,0.00710338,0.00898369,0.0455262,0.0100093,0.0165619,0.0195248,0.0613474,0.0112249,0.0104082,0.0522877,0.00396954,0.0232474,0.00260204,0.0614423,0.0100663,0.0818788,0.0132571,0.0689256,0.0609485,0.0111299,0.00792008,0.00875577,0.0318892,0.253386
100000,0,0,0,0,0,0,0,0,0,0,0,0,0,0,0,0,0,0,0,0,0,0,0,0,0,0,0,0,0,0,0,0,0,0,0,0,9.76505e-05,0.00330059,0,0,0,0,0,0,0.000488253,0,0,0,5.85903e-05,0.000351542,0,5.85903e-05,0.000175771,0,0.000449192,0.00173818,0,0.00189442,3.90602e-05,0.00302717,3.90602e-05,0.000234361,9.76505e-05,0.0111322,0.00255844,0.00249985,0.00712849,0.00656212,0.00207019,0.0177138,0.00730426,0.00943304,0.00915962,0.0146671,0.00179677,0.0130656,0.00531219,0.010722,0.0441966,0.0140617,0.0162295,0.0181239,0.0542351,0.00931586,0.0084956,0.0485714,0.00457004,0.0194129,0.00371072,0.0644689,0.00730426,0.0992911,0.0118352,0.0641564,0.0480831,0.0119329,0.0109954,0.0104486,0.0274789,0.269906
